{
	"format_version": "1.10.0",
	"geometry.model": {
		"texturewidth": 128,
		"textureheight": 128,
		"visible_bounds_width": 3,
		"visible_bounds_height": 4,
		"visible_bounds_offset": [0, 1, 0],
		"bones": [
			{
				"name": "head",
				"pivot": [0, 18, 0],
				"cubes": [
					{"origin": [-4, 18, -4], "size": [8, 8, 8], "uv": [32, 46]},
					{"origin": [-4.5, 21.5, -1.5], "size": [9, 5, 1], "uv": [37, 30], "inflate": 0.2},
					{"origin": [-4, 18, -4], "size": [8, 8, 8], "uv": [0, 39], "inflate": 0.5}
				]
			},
			{
				"name": "blink",
				"parent": "head",
				"pivot": [0, 18, 0],
				"cubes": [
					{"origin": [-4, 18, -4.001], "size": [8, 8, 0], "uv": [32, 62]}
				]
			},
			{
				"name": "armRight",
				"pivot": [-2.75, 17.5, 0],
				"rotation": [0, 0, 25],
				"cubes": [
					{"origin": [-4.75, 8.5, -1], "size": [2, 8, 2], "uv": [20, 67]},
					{"origin": [-5.25, 8.25, -1.5], "size": [3, 2, 3], "uv": [50, 10], "inflate": -0.4},
					{"origin": [-5.25, 9.75, -1.5], "size": [3, 7, 3], "uv": [0, 63], "inflate": -0.2}
				]
			},
			{
				"name": "armLeft",
				"pivot": [2.75, 17.5, 0],
				"rotation": [0, 0, -25],
				"cubes": [
					{"origin": [2.75, 8.5, -1], "size": [2, 8, 2], "uv": [20, 67], "mirror": true},
					{"origin": [2.25, 8.25, -1.5], "size": [3, 2, 3], "uv": [50, 10], "inflate": -0.4, "mirror": true},
					{"origin": [2.25, 9.75, -1.5], "size": [3, 7, 3], "uv": [0, 63], "inflate": -0.2, "mirror": true}
				]
			},
			{
				"name": "body",
				"pivot": [0, 10.5, 0],
				"cubes": [
					{"origin": [-3, 9.999, -3], "size": [6, 8, 6], "uv": [46, 16]},
					{"origin": [-3.5, 11.5, -3.5], "size": [7, 2, 7], "uv": [46, 1], "inflate": -0.2}
				]
			},
			{
				"name": "sittingRotationSkirt",
				"parent": "body",
				"pivot": [0, 10.5, 0]
			},
			{
				"name": "skirt",
				"parent": "sittingRotationSkirt",
				"pivot": [0, 6.25, 0]
			},
			{
				"name": "bone3",
				"parent": "skirt",
				"pivot": [0, 6.25, 0]
			},
			{
				"name": "bone4",
				"parent": "bone3",
				"pivot": [0, 6.25, 4.17256],
				"rotation": [15, 0, 0]
			},
			{
				"name": "bone5",
				"parent": "bone4",
				"pivot": [0, 6.25, 4.17256],
				"rotation": [0, -63.43495, 0],
				"cubes": [
					{"origin": [-0.51157, 6.2017, 3.16677], "size": [1, 4, 2], "uv": [67, 0]}
				]
			},
			{
				"name": "bone26",
				"parent": "skirt",
				"pivot": [0, 6.25, 0],
				"rotation": [0, -30, 0]
			},
			{
				"name": "bone27",
				"parent": "bone26",
				"pivot": [0, 6.25, 4.17256],
				"rotation": [15, 0, 0]
			},
			{
				"name": "bone28",
				"parent": "bone27",
				"pivot": [0, 6.25, 4.17256],
				"rotation": [0, -63.43495, 0],
				"cubes": [
					{"origin": [-0.51157, 6.2017, 3.16677], "size": [1, 4, 2], "uv": [67, 0]}
				]
			},
			{
				"name": "bone29",
				"parent": "skirt",
				"pivot": [0, 6.25, 0],
				"rotation": [0, -60, 0]
			},
			{
				"name": "bone30",
				"parent": "bone29",
				"pivot": [0, 6.25, 4.17256],
				"rotation": [15, 0, 0]
			},
			{
				"name": "bone31",
				"parent": "bone30",
				"pivot": [0, 6.25, 4.17256],
				"rotation": [0, -63.43495, 0],
				"cubes": [
					{"origin": [-0.51157, 6.2017, 3.16677], "size": [1, 4, 2], "uv": [67, 0]}
				]
			},
			{
				"name": "bone32",
				"parent": "skirt",
				"pivot": [0, 6.25, 0],
				"rotation": [0, -90, 0]
			},
			{
				"name": "bone33",
				"parent": "bone32",
				"pivot": [0, 6.25, 4.17256],
				"rotation": [15, 0, 0]
			},
			{
				"name": "bone34",
				"parent": "bone33",
				"pivot": [0, 6.25, 4.17256],
				"rotation": [0, -63.43495, 0],
				"cubes": [
					{"origin": [-0.51157, 6.2017, 3.16677], "size": [1, 4, 2], "uv": [67, 0]}
				]
			},
			{
				"name": "bone35",
				"parent": "skirt",
				"pivot": [0, 6.25, 0],
				"rotation": [0, -120, 0]
			},
			{
				"name": "bone36",
				"parent": "bone35",
				"pivot": [0, 6.25, 4.17256],
				"rotation": [15, 0, 0]
			},
			{
				"name": "bone37",
				"parent": "bone36",
				"pivot": [0, 6.25, 4.17256],
				"rotation": [0, -63.43495, 0],
				"cubes": [
					{"origin": [-0.51157, 6.2017, 3.16677], "size": [1, 4, 2], "uv": [67, 0]}
				]
			},
			{
				"name": "bone38",
				"parent": "skirt",
				"pivot": [0, 6.25, 0],
				"rotation": [0, -150, 0]
			},
			{
				"name": "bone39",
				"parent": "bone38",
				"pivot": [0, 6.25, 4.17256],
				"rotation": [15, 0, 0]
			},
			{
				"name": "bone40",
				"parent": "bone39",
				"pivot": [0, 6.25, 4.17256],
				"rotation": [0, -63.43495, 0],
				"cubes": [
					{"origin": [-0.51157, 6.2017, 3.16677], "size": [1, 4, 2], "uv": [67, 0]}
				]
			},
			{
				"name": "bone41",
				"parent": "skirt",
				"pivot": [0, 6.25, 0],
				"rotation": [0, -180, 0]
			},
			{
				"name": "bone42",
				"parent": "bone41",
				"pivot": [0, 6.25, 4.17256],
				"rotation": [15, 0, 0]
			},
			{
				"name": "bone43",
				"parent": "bone42",
				"pivot": [0, 6.25, 4.17256],
				"rotation": [0, -63.43495, 0],
				"cubes": [
					{"origin": [-0.51157, 6.2017, 3.16677], "size": [1, 4, 2], "uv": [67, 0]}
				]
			},
			{
				"name": "bone44",
				"parent": "skirt",
				"pivot": [0, 6.25, 0],
				"rotation": [0, -210, 0]
			},
			{
				"name": "bone45",
				"parent": "bone44",
				"pivot": [0, 6.25, 4.17256],
				"rotation": [15, 0, 0]
			},
			{
				"name": "bone46",
				"parent": "bone45",
				"pivot": [0, 6.25, 4.17256],
				"rotation": [0, -63.43495, 0],
				"cubes": [
					{"origin": [-0.51157, 6.2017, 3.16677], "size": [1, 4, 2], "uv": [67, 0]}
				]
			},
			{
				"name": "bone47",
				"parent": "skirt",
				"pivot": [0, 6.25, 0],
				"rotation": [0, -240, 0]
			},
			{
				"name": "bone48",
				"parent": "bone47",
				"pivot": [0, 6.25, 4.17256],
				"rotation": [15, 0, 0]
			},
			{
				"name": "bone49",
				"parent": "bone48",
				"pivot": [0, 6.25, 4.17256],
				"rotation": [0, -63.43495, 0],
				"cubes": [
					{"origin": [-0.51157, 6.2017, 3.16677], "size": [1, 4, 2], "uv": [67, 0]}
				]
			},
			{
				"name": "bone50",
				"parent": "skirt",
				"pivot": [0, 6.25, 0],
				"rotation": [0, -270, 0]
			},
			{
				"name": "bone51",
				"parent": "bone50",
				"pivot": [0, 6.25, 4.17256],
				"rotation": [15, 0, 0]
			},
			{
				"name": "bone52",
				"parent": "bone51",
				"pivot": [0, 6.25, 4.17256],
				"rotation": [0, -63.43495, 0],
				"cubes": [
					{"origin": [-0.51157, 6.2017, 3.16677], "size": [1, 4, 2], "uv": [67, 0]}
				]
			},
			{
				"name": "bone53",
				"parent": "skirt",
				"pivot": [0, 6.25, 0],
				"rotation": [0, -300, 0]
			},
			{
				"name": "bone54",
				"parent": "bone53",
				"pivot": [0, 6.25, 4.17256],
				"rotation": [15, 0, 0]
			},
			{
				"name": "bone55",
				"parent": "bone54",
				"pivot": [0, 6.25, 4.17256],
				"rotation": [0, -63.43495, 0],
				"cubes": [
					{"origin": [-0.51157, 6.2017, 3.16677], "size": [1, 4, 2], "uv": [67, 0]}
				]
			},
			{
				"name": "bone56",
				"parent": "skirt",
				"pivot": [0, 6.25, 0],
				"rotation": [0, -330, 0]
			},
			{
				"name": "bone57",
				"parent": "bone56",
				"pivot": [0, 6.25, 4.17256],
				"rotation": [15, 0, 0]
			},
			{
				"name": "bone58",
				"parent": "bone57",
				"pivot": [0, 6.25, 4.17256],
				"rotation": [0, -63.43495, 0],
				"cubes": [
					{"origin": [-0.51157, 6.2017, 3.16677], "size": [1, 4, 2], "uv": [67, 0]}
				]
			},
			{
				"name": "bone129",
				"parent": "body",
				"pivot": [0, 10.5, 0],
				"rotation": [0, 0, 17.5],
				"cubes": [
					{"origin": [-3.30926, 8.81014, -3.15], "size": [3, 3, 4], "uv": [64, 54]}
				]
			},
			{
				"name": "bone130",
				"parent": "body",
				"pivot": [-0.1, 10.5, 0],
				"rotation": [0, 0, -17.5],
				"cubes": [
					{"origin": [0.30463, 8.73007, -3.15], "size": [3, 3, 4], "uv": [64, 54], "mirror": true}
				]
			},
			{
				"name": "bone141",
				"parent": "body",
				"pivot": [-0.9, 17.5, -2.8],
				"rotation": [-162.5, -170, 57.5],
				"cubes": [
					{"origin": [-1.72596, 16.991, -3.05689], "size": [2, 1, 0], "uv": [109, 17], "mirror": true}
				]
			},
			{
				"name": "bone140",
				"parent": "body",
				"pivot": [0.8, 17.5, -2.8],
				"rotation": [-162.5, 170, -57.5],
				"cubes": [
					{"origin": [-0.42695, 17.07424, -3.04042], "size": [2, 1, 0], "uv": [109, 17]}
				]
			},
			{
				"name": "bone142",
				"parent": "body",
				"pivot": [0, 10.5, 0],
				"cubes": [
					{"origin": [-0.5, 12.5, -3.4], "size": [1, 5, 1], "uv": [99, 22], "inflate": -0.35}
				]
			},
			{
				"name": "legLeft",
				"pivot": [2, 9, 0],
				"cubes": [
					{"origin": [0.249, 0, -1.5], "size": [3, 9, 3], "uv": [61, 61]}
				]
			},
			{
				"name": "bone61",
				"parent": "legLeft",
				"pivot": [1.75, 2.5, -0.5],
				"rotation": [-10, 0, 0],
				"cubes": [
					{"origin": [0.35, 3.8155, -1.80879], "size": [3, 1, 1], "uv": [36, 42], "inflate": 0.3},
					{"origin": [3.3, 3.3155, -1.80879], "size": [0.5, 0.5, 1.5], "uv": [103, 1], "inflate": 0},
					{"origin": [0.05, 3.3155, -2.30879], "size": [3.75, 0.5, 0.5], "uv": [100, 1], "inflate": 0}
				]
			},
			{
				"name": "boot2",
				"parent": "legLeft",
				"pivot": [1.751, 1.4, 0],
				"rotation": [5, 0, 0],
				"cubes": [
					{"origin": [-0.749, -0.59319, -2.55604], "size": [5, 3, 5], "uv": [0, 55], "inflate": -0.9}
				]
			},
			{
				"name": "bone60",
				"parent": "legLeft",
				"pivot": [1.75, 2.5, 0.5],
				"rotation": [10, 0, 0],
				"cubes": [
					{"origin": [0.35, 3.83287, 0.71031], "size": [3, 1, 1], "uv": [43, 18], "inflate": 0.3},
					{"origin": [0.05, 3.3155, 1.69121], "size": [3.75, 0.5, 0.5], "uv": [100, 1], "inflate": 0},
					{"origin": [3.3, 3.3155, 0.19121], "size": [0.5, 0.5, 1.5], "uv": [103, 1], "inflate": 0}
				]
			},
			{
				"name": "ribbon2",
				"parent": "legLeft",
				"pivot": [3.35, 4.25, 0],
				"rotation": [0, 90, 72.5]
			},
			{
				"name": "bone72",
				"parent": "ribbon2",
				"pivot": [3.25, 4.25, 0],
				"rotation": [0, -20, -20]
			},
			{
				"name": "bone73",
				"parent": "bone72",
				"pivot": [3.25, 4.25, 0],
				"rotation": [0, 27.5, 0],
				"cubes": [
					{"origin": [3.29617, 4.25, -0.0887], "size": [2, 0.3, 0.3], "uv": [101, 1]}
				]
			},
			{
				"name": "bone74",
				"parent": "bone72",
				"pivot": [3.25, 4.25, 0],
				"rotation": [0, -27.5, 0],
				"cubes": [
					{"origin": [3.29617, 4.25, -0.2113], "size": [2, 0.3, 0.3], "uv": [102, 2]}
				]
			},
			{
				"name": "bone75",
				"parent": "bone72",
				"pivot": [4.85, 4.25, -0.65],
				"cubes": [
					{"origin": [4.85, 4.25, -0.75], "size": [0.3, 0.3, 1.5], "uv": [100, 0]}
				]
			},
			{
				"name": "bone76",
				"parent": "ribbon2",
				"pivot": [3.45, 4.25, 0],
				"rotation": [0, 20, 20]
			},
			{
				"name": "bone77",
				"parent": "bone76",
				"pivot": [3.45, 4.25, 0],
				"rotation": [0, -27.5, 0],
				"cubes": [
					{"origin": [1.40383, 4.25, -0.0887], "size": [2, 0.3, 0.3], "uv": [101, 2]}
				]
			},
			{
				"name": "bone78",
				"parent": "bone76",
				"pivot": [3.45, 4.25, 0],
				"rotation": [0, 27.5, 0],
				"cubes": [
					{"origin": [1.40383, 4.25, -0.2113], "size": [2, 0.3, 0.3], "uv": [101, 2]}
				]
			},
			{
				"name": "bone79",
				"parent": "bone76",
				"pivot": [1.85, 4.25, -0.65],
				"cubes": [
					{"origin": [1.55, 4.25, -0.75], "size": [0.3, 0.3, 1.5], "uv": [100, 0]}
				]
			},
			{
				"name": "bone80",
				"parent": "ribbon2",
				"pivot": [3.35, 4.25, 0.25],
				"rotation": [0, 17.5, 0],
				"cubes": [
					{"origin": [3.35, 4.25, 0.25], "size": [0.3, 0.3, 3], "uv": [100, 0]}
				]
			},
			{
				"name": "bone81",
				"parent": "ribbon2",
				"pivot": [3.35, 4.25, 0.25],
				"rotation": [0, -17.5, 0],
				"cubes": [
					{"origin": [3.05, 4.25, 0.25], "size": [0.3, 0.3, 3], "uv": [100, 0]}
				]
			},
			{
				"name": "bone84",
				"parent": "legLeft",
				"pivot": [2, 9, 0]
			},
			{
				"name": "bone82",
				"parent": "bone84",
				"pivot": [2, 2.8, 0],
				"rotation": [0, 0, -22.5],
				"cubes": [
					{"origin": [0.05, 2.6, -1.5], "size": [3.4, 0.4, 3], "uv": [109, 0], "inflate": 0.1}
				]
			},
			{
				"name": "bone83",
				"parent": "bone84",
				"pivot": [2, 2.6, 0],
				"rotation": [0, 0, 22.5],
				"cubes": [
					{"origin": [0.05, 2.4, -1.51], "size": [3.4, 0.4, 3], "uv": [109, 0], "inflate": 0.1}
				]
			},
			{
				"name": "legRight",
				"pivot": [-2, 9, 0],
				"cubes": [
					{"origin": [-3.249, 0, -1.5], "size": [3, 9, 3], "uv": [61, 61], "mirror": true}
				]
			},
			{
				"name": "bone2",
				"parent": "legRight",
				"pivot": [-1.75, 2.5, 0.5],
				"rotation": [10, 0, 0],
				"cubes": [
					{"origin": [-3.35, 3.83287, 0.71031], "size": [3, 1, 1], "uv": [43, 18], "inflate": 0.3, "mirror": true},
					{"origin": [-3.75, 3.3155, 1.69121], "size": [3.7, 0.5, 0.5], "uv": [101, 1], "mirror": true},
					{"origin": [-3.75, 3.3155, 0.44121], "size": [0.5, 0.5, 1.25], "uv": [101, 2], "mirror": true}
				]
			},
			{
				"name": "boot",
				"parent": "legRight",
				"pivot": [-1.749, 1.4, 0],
				"rotation": [5, 0, 0],
				"cubes": [
					{"origin": [-4.249, -0.59319, -2.55604], "size": [5, 3, 5], "uv": [0, 55], "inflate": -0.9, "mirror": true}
				]
			},
			{
				"name": "bone59",
				"parent": "legRight",
				"pivot": [-1.75, 2.5, -0.5],
				"rotation": [-10, 0, 0],
				"cubes": [
					{"origin": [-3.35, 3.8155, -1.80879], "size": [3, 1, 1], "uv": [36, 42], "inflate": 0.3, "mirror": true},
					{"origin": [-3.75, 3.3155, -1.80879], "size": [0.5, 0.5, 1.25], "uv": [101, 2], "mirror": true},
					{"origin": [-3.75, 3.3155, -2.30879], "size": [3.7, 0.5, 0.5], "uv": [101, 1], "mirror": true}
				]
			},
			{
				"name": "ribbon",
				"parent": "legRight",
				"pivot": [-3.35, 4.25, 0],
				"rotation": [0, -90, -72.5]
			},
			{
				"name": "bone65",
				"parent": "ribbon",
				"pivot": [-3.25, 4.25, 0],
				"rotation": [0, 20, 20]
			},
			{
				"name": "bone62",
				"parent": "bone65",
				"pivot": [-3.25, 4.25, 0],
				"rotation": [0, -27.5, 0],
				"cubes": [
					{"origin": [-5.29617, 4.25, -0.0887], "size": [2, 0.3, 0.3], "uv": [101, 2]}
				]
			},
			{
				"name": "bone64",
				"parent": "bone65",
				"pivot": [-3.25, 4.25, 0],
				"rotation": [0, 27.5, 0],
				"cubes": [
					{"origin": [-5.29617, 4.25, -0.2113], "size": [2, 0.3, 0.3], "uv": [101, 1]}
				]
			},
			{
				"name": "bone63",
				"parent": "bone65",
				"pivot": [-4.85, 4.25, -0.65],
				"cubes": [
					{"origin": [-5.15, 4.25, -0.75], "size": [0.3, 0.3, 1.5], "uv": [100, 0]}
				]
			},
			{
				"name": "bone66",
				"parent": "ribbon",
				"pivot": [-3.45, 4.25, 0],
				"rotation": [0, -20, -20]
			},
			{
				"name": "bone67",
				"parent": "bone66",
				"pivot": [-3.45, 4.25, 0],
				"rotation": [0, 27.5, 0],
				"cubes": [
					{"origin": [-3.40383, 4.25, -0.0887], "size": [2, 0.3, 0.3], "uv": [100, 0]}
				]
			},
			{
				"name": "bone68",
				"parent": "bone66",
				"pivot": [-3.45, 4.25, 0],
				"rotation": [0, -27.5, 0],
				"cubes": [
					{"origin": [-3.40383, 4.25, -0.2113], "size": [2, 0.3, 0.3], "uv": [101, 1]}
				]
			},
			{
				"name": "bone69",
				"parent": "bone66",
				"pivot": [-1.85, 4.25, -0.65],
				"cubes": [
					{"origin": [-1.85, 4.25, -0.75], "size": [0.3, 0.3, 1.5], "uv": [102, 1]}
				]
			},
			{
				"name": "bone70",
				"parent": "ribbon",
				"pivot": [-3.35, 4.25, 0.25],
				"rotation": [0, -17.5, 0],
				"cubes": [
					{"origin": [-3.65, 4.25, 0.25], "size": [0.3, 0.3, 3], "uv": [100, 0]}
				]
			},
			{
				"name": "bone71",
				"parent": "ribbon",
				"pivot": [-3.35, 4.25, 0.25],
				"rotation": [0, 17.5, 0],
				"cubes": [
					{"origin": [-3.35, 4.25, 0.25], "size": [0.3, 0.3, 3], "uv": [100, 0]}
				]
			},
			{
				"name": "bone85",
				"parent": "legRight",
				"pivot": [-2, 9, 0]
			},
			{
				"name": "bone86",
				"parent": "bone85",
				"pivot": [-2, 2.8, 0],
				"rotation": [0, 0, 22.5],
				"cubes": [
					{"origin": [-3.45, 2.6, -1.51], "size": [3.4, 0.4, 3], "uv": [109, 0], "inflate": 0.1, "mirror": true}
				]
			},
			{
				"name": "bone87",
				"parent": "bone85",
				"pivot": [-2, 2.6, 0],
				"rotation": [0, 0, -22.5],
				"cubes": [
					{"origin": [-3.45, 2.4, -1.5], "size": [3.4, 0.4, 3], "uv": [109, 0], "inflate": 0.1, "mirror": true}
				]
			},
			{
				"name": "bone",
				"pivot": [0, 2, 0]
			},
			{
				"name": "bone6",
				"parent": "bone",
				"pivot": [0, 2, 0],
				"rotation": [0, 60, 0]
			},
			{
				"name": "bone7",
				"parent": "bone6",
				"pivot": [0, 2, -3.47771],
				"rotation": [-15, 0, 0]
			},
			{
				"name": "bone8",
				"parent": "bone7",
				"pivot": [-1.51898, 1.70706, -4.47751],
				"rotation": [0, 20, 8.56299],
				"cubes": [
					{"origin": [-3.03451, 1.7049, -6.57996], "size": [3, 11, 0], "uv": [70, 28]},
					{"origin": [-0.53451, 1.9549, -6.82996], "size": [0.5, 10.75, 0.5], "uv": [101, 33], "mirror": true},
					{"origin": [-3.13451, 1.4549, -6.82996], "size": [3.1, 0.5, 0.5], "uv": [100, 34], "mirror": true}
				]
			},
			{
				"name": "bone9",
				"parent": "bone7",
				"pivot": [1.5, 1.70221, -3.47771],
				"rotation": [0, 0, -8.56299]
			},
			{
				"name": "bone10",
				"parent": "bone",
				"pivot": [0, 2, 0],
				"rotation": [0, 120, 0]
			},
			{
				"name": "bone11",
				"parent": "bone10",
				"pivot": [0, 2, -3.47771],
				"rotation": [-15, 0, 0],
				"cubes": [
					{"origin": [-1.71651, 1.66985, -6.1443], "size": [3, 11, 0], "uv": [70, 28]},
					{"origin": [-1.71651, 1.41985, -6.3943], "size": [3, 0.5, 0.5], "uv": [100, 34], "mirror": true}
				]
			},
			{
				"name": "bone12",
				"parent": "bone11",
				"pivot": [-1.5, 1.70221, -3.47771],
				"rotation": [0, 0, 8.56299],
				"cubes": [
					{"origin": [-3.70928, 1.63798, -6.1433], "size": [2, 11, 0], "uv": [74, 0], "mirror": true},
					{"origin": [-3.80928, 1.38798, -6.3933], "size": [2.2, 0.5, 0.5], "uv": [100, 34], "mirror": true}
				]
			},
			{
				"name": "bone13",
				"parent": "bone11",
				"pivot": [1.5, 1.70221, -3.47771],
				"rotation": [0, 0, -8.56299],
				"cubes": [
					{"origin": [1.28109, 1.70245, -6.1453], "size": [2, 11, 0], "uv": [74, 0], "mirror": true},
					{"origin": [1.18109, 1.45245, -6.3953], "size": [2.2, 0.5, 0.5], "uv": [100, 34], "mirror": true}
				]
			},
			{
				"name": "bone14",
				"parent": "bone",
				"pivot": [0, 2, 0],
				"rotation": [0, 180, 0]
			},
			{
				"name": "bone15",
				"parent": "bone14",
				"pivot": [0, 2, -3.47771],
				"rotation": [-15, 0, 0]
			},
			{
				"name": "bone16",
				"parent": "bone15",
				"pivot": [-1.5, 1.70221, -3.47771],
				"rotation": [0, 0, 8.56299],
				"cubes": [
					{"origin": [-1.74037, 1.88822, -6.51404], "size": [0.5, 10, 0.5], "uv": [100, 34]},
					{"origin": [-3.49037, 1.63822, -6.26404], "size": [2, 11, 0], "uv": [74, 0]},
					{"origin": [-3.49037, 1.38822, -6.51404], "size": [2.25, 0.5, 0.5], "uv": [100, 34]}
				]
			},
			{
				"name": "bone17",
				"parent": "bone15",
				"pivot": [1.5, 1.70221, -3.47771],
				"rotation": [0, 0, -8.56299],
				"cubes": [
					{"origin": [1.49037, 1.63822, -6.26604], "size": [2, 11, 0], "uv": [74, 0], "mirror": true},
					{"origin": [1.24037, 1.88822, -6.51604], "size": [0.5, 10, 0.5], "uv": [100, 34], "mirror": true},
					{"origin": [1.24037, 1.38822, -6.51604], "size": [2.25, 0.5, 0.5], "uv": [100, 34], "mirror": true}
				]
			},
			{
				"name": "bone18",
				"parent": "bone",
				"pivot": [0, 2, 0],
				"rotation": [0, 240, 0]
			},
			{
				"name": "bone19",
				"parent": "bone18",
				"pivot": [0, 2, -3.47771],
				"rotation": [-15, 0, 0],
				"cubes": [
					{"origin": [-1.28349, 1.66985, -6.1443], "size": [3, 11, 0], "uv": [70, 28]},
					{"origin": [-1.28349, 1.41985, -6.3943], "size": [3, 0.5, 0.5], "uv": [100, 34]}
				]
			},
			{
				"name": "bone20",
				"parent": "bone19",
				"pivot": [-1.5, 1.70221, -3.47771],
				"rotation": [0, 0, 8.56299],
				"cubes": [
					{"origin": [-3.28109, 1.70245, -6.1433], "size": [2, 11, 0], "uv": [74, 0], "mirror": true},
					{"origin": [-3.38109, 1.45245, -6.3933], "size": [2.2, 0.5, 0.5], "uv": [100, 34]}
				]
			},
			{
				"name": "bone21",
				"parent": "bone19",
				"pivot": [1.5, 1.70221, -3.47771],
				"rotation": [0, 0, -8.56299],
				"cubes": [
					{"origin": [1.70928, 1.63798, -6.1453], "size": [2, 11, 0], "uv": [74, 0], "mirror": true},
					{"origin": [1.60928, 1.38798, -6.3953], "size": [2.2, 0.5, 0.5], "uv": [100, 34]}
				]
			},
			{
				"name": "bone22",
				"parent": "bone",
				"pivot": [0, 2, 0],
				"rotation": [0, 300, 0]
			},
			{
				"name": "bone23",
				"parent": "bone22",
				"pivot": [0, 2, -3.47771],
				"rotation": [-15, 0, 0]
			},
			{
				"name": "bone24",
				"parent": "bone23",
				"pivot": [-1.5, 1.70221, -3.47771],
				"rotation": [0, 0, 8.56299]
			},
			{
				"name": "bone25",
				"parent": "bone23",
				"pivot": [1.35286, 1.65558, -4.46572],
				"rotation": [0, -20, -8.56299],
				"cubes": [
					{"origin": [0.02469, 1.6796, -6.63647], "size": [3, 11, 0], "uv": [70, 28]},
					{"origin": [0.02469, 1.9296, -6.88647], "size": [0.5, 10.75, 0.5], "uv": [100, 34]},
					{"origin": [0.02469, 1.4296, -6.88647], "size": [3.1, 0.5, 0.5], "uv": [100, 34]}
				]
			},
			{
				"name": "sword",
				"pivot": [0, 11, 3.9],
				"rotation": [-76.81257, -5.54934, 34.47373]
			},
			{
				"name": "bone88",
				"parent": "sword",
				"pivot": [0, 11, 3.9],
				"cubes": [
					{"origin": [0.07535, 11.10345, -1.78394], "size": [0.5, 0.5, 3], "uv": [99, 11]}
				]
			},
			{
				"name": "bone89",
				"parent": "sword",
				"pivot": [0, 11, 3.9],
				"cubes": [
					{"origin": [-0.37465, 10.90325, 1.11606], "size": [1.4, 0.9, 0.5], "uv": [102, 1]},
					{"origin": [0.17535, 10.80325, 1.26606], "size": [0.3, 1.1, 0.3], "uv": [113, 12]}
				]
			},
			{
				"name": "bone90",
				"parent": "sword",
				"pivot": [0.9, 11.1, -1.2],
				"rotation": [-180, 22.5, -180]
			},
			{
				"name": "bone96",
				"parent": "bone90",
				"pivot": [1.72748, 11.35, -4.74748],
				"rotation": [0, -2.5, 0],
				"cubes": [
					{"origin": [1.26219, 11.05345, -5.40027], "size": [0.2, 0.6, 0.9], "uv": [101, 1]}
				]
			},
			{
				"name": "bone97",
				"parent": "bone90",
				"pivot": [2.39202, 11.65, -5.63969],
				"rotation": [0, 12.5, 0],
				"cubes": [
					{"origin": [1.27319, 11.15345, -6.11849], "size": [0.1, 0.4, 0.6], "uv": [101, 1]}
				]
			},
			{
				"name": "bone98",
				"parent": "bone90",
				"pivot": [2.17479, 11.75, -6.08433],
				"rotation": [0, 22.5, 0],
				"cubes": [
					{"origin": [1.13465, 11.25345, -6.60706], "size": [0.1, 0.2, 0.4], "uv": [101, 1]}
				]
			},
			{
				"name": "bone99",
				"parent": "bone90",
				"pivot": [2.09253, 11.45, -4.56512],
				"rotation": [0, -27.5, 0],
				"cubes": [
					{"origin": [1.25973, 10.95345, -4.5377], "size": [0.3, 0.8, 1], "uv": [101, 1]}
				]
			},
			{
				"name": "bone91",
				"parent": "sword",
				"pivot": [0.1, 11.1, 3.7],
				"rotation": [0, -2.5, 0]
			},
			{
				"name": "bone92",
				"parent": "bone91",
				"pivot": [0.92748, 11.35, 0.15252],
				"rotation": [0, -2.5, 0],
				"cubes": [
					{"origin": [1.05204, 11.05345, -0.01384], "size": [0.2, 0.6, 0.9], "uv": [101, 1]}
				]
			},
			{
				"name": "bone93",
				"parent": "bone91",
				"pivot": [1.59202, 11.65, -0.73969],
				"rotation": [0, 12.5, 0],
				"cubes": [
					{"origin": [0.91704, 11.15345, -0.59596], "size": [0.1, 0.4, 0.6], "uv": [101, 1]}
				]
			},
			{
				"name": "bone94",
				"parent": "bone91",
				"pivot": [1.37479, 11.75, -1.18433],
				"rotation": [0, 22.5, 0],
				"cubes": [
					{"origin": [0.66366, 11.25345, -1.01692], "size": [0.1, 0.2, 0.4], "uv": [101, 1]}
				]
			},
			{
				"name": "bone95",
				"parent": "bone91",
				"pivot": [1.29253, 11.45, 0.33488],
				"rotation": [0, -27.5, 0],
				"cubes": [
					{"origin": [1.1999, 10.95345, 0.55388], "size": [0.3, 0.8, 1], "uv": [101, 1]}
				]
			},
			{
				"name": "bone107",
				"parent": "sword",
				"pivot": [0, 11.2, 3.9]
			},
			{
				"name": "bone100",
				"parent": "bone107",
				"pivot": [0, 11.2, 3.9],
				"cubes": [
					{"origin": [-0.17465, 11.10345, 1.61606], "size": [1, 0.5, 3], "uv": [99, 16]},
					{"origin": [-0.27465, 11.00345, 1.81606], "size": [1.2, 0.7, 0.25], "uv": [101, 1]},
					{"origin": [-0.22465, 11.00345, 4.41606], "size": [1.15, 0.7, 0.25], "uv": [101, 1]}
				]
			},
			{
				"name": "bone101",
				"parent": "bone107",
				"pivot": [0, 11.2, 6.9],
				"rotation": [0, -2.5, 0],
				"cubes": [
					{"origin": [-0.11849, 11.10345, 3.59191], "size": [0.6, 0.4, 1], "uv": [0, 0]}
				]
			},
			{
				"name": "bone103",
				"parent": "bone107",
				"pivot": [-0.14967, 11.45, 6.22712],
				"rotation": [0, -4, 0],
				"cubes": [
					{"origin": [-0.28697, 11.10345, 4.52173], "size": [0.6, 0.5, 3], "uv": [99, 16]}
				]
			},
			{
				"name": "bone104",
				"parent": "bone107",
				"pivot": [-0.14967, 11.45, 7.22712],
				"rotation": [0, -17, 0],
				"cubes": [
					{"origin": [-0.01504, 11.10345, 7.42272], "size": [0.4, 0.5, 3], "uv": [99, 16]},
					{"origin": [0.08496, 11.003, 10.02272], "size": [0.4, 0.7, 0.5], "uv": [102, 1]}
				]
			},
			{
				"name": "bone105",
				"parent": "bone107",
				"pivot": [-0.14967, 11.45, 7.22712],
				"rotation": [0, -12, 0],
				"cubes": [
					{"origin": [-0.29945, 11.103, 7.44912], "size": [0.4, 0.5, 3], "uv": [99, 16]},
					{"origin": [-0.39945, 11.00345, 10.04912], "size": [0.5, 0.7, 0.5], "uv": [102, 1]}
				]
			},
			{
				"name": "bone106",
				"parent": "bone107",
				"pivot": [-1.05646, 11.45, 3.74236],
				"rotation": [0, 1.5, 0],
				"cubes": [
					{"origin": [-0.17165, 11.10345, 3.63919], "size": [0.6, 0.4, 1], "uv": [0, 0]}
				]
			},
			{
				"name": "bone102",
				"parent": "bone107",
				"pivot": [0.14918, 11.45, 5.25327],
				"rotation": [0, -10, 0],
				"cubes": [
					{"origin": [0.00443, 11.103, 4.50833], "size": [0.7, 0.5, 3], "uv": [99, 16]}
				]
			},
			{
				"name": "bone139",
				"parent": "bone107",
				"pivot": [0.03911, 11.46962, 6.73418],
				"rotation": [0, -7.5, 0],
				"cubes": [
					{"origin": [-0.36089, 11.06962, 7.30918], "size": [0.9, 0.6, 0.25], "uv": [101, 1]}
				]
			},
			{
				"name": "bone108",
				"pivot": [0, 2, 0]
			},
			{
				"name": "bone109",
				"parent": "bone108",
				"pivot": [0, 2, 0],
				"rotation": [0, 60, 0]
			},
			{
				"name": "bone110",
				"parent": "bone109",
				"pivot": [0, 2, -3.47771],
				"rotation": [-15, 0, 0]
			},
			{
				"name": "bone111",
				"parent": "bone110",
				"pivot": [-1.51898, 1.70706, -4.47751],
				"rotation": [0, 20, 8.56299],
				"cubes": [
					{"origin": [-3.02224, 1.46612, -6.50607], "size": [3, 11, 0], "uv": [28, 70], "mirror": true}
				]
			},
			{
				"name": "bone112",
				"parent": "bone110",
				"pivot": [1.5, 1.70221, -3.47771],
				"rotation": [0, 0, -8.56299]
			},
			{
				"name": "bone113",
				"parent": "bone108",
				"pivot": [0, 2, 0],
				"rotation": [0, 120, 0]
			},
			{
				"name": "bone114",
				"parent": "bone113",
				"pivot": [0, 2, -3.47771],
				"rotation": [-15, 0, 0],
				"cubes": [
					{"origin": [-1.71651, 1.42837, -6.0796], "size": [3, 11, 0], "uv": [28, 70], "mirror": true}
				]
			},
			{
				"name": "bone115",
				"parent": "bone114",
				"pivot": [-1.5, 1.70221, -3.47771],
				"rotation": [0, 0, 8.56299],
				"cubes": [
					{"origin": [-3.67332, 1.39919, -6.0786], "size": [2, 11, 0], "uv": [6, 73], "mirror": true}
				]
			},
			{
				"name": "bone116",
				"parent": "bone114",
				"pivot": [1.5, 1.70221, -3.47771],
				"rotation": [0, 0, -8.56299],
				"cubes": [
					{"origin": [1.24513, 1.46366, -6.0806], "size": [2, 11, 0], "uv": [6, 73], "mirror": true}
				]
			},
			{
				"name": "bone117",
				"parent": "bone108",
				"pivot": [0, 2, 0],
				"rotation": [0, 180, 0]
			},
			{
				"name": "bone118",
				"parent": "bone117",
				"pivot": [0, 2, -3.47771],
				"rotation": [-15, 0, 0]
			},
			{
				"name": "bone119",
				"parent": "bone118",
				"pivot": [-1.5, 1.70221, -3.47771],
				"rotation": [0, 0, 8.56299],
				"cubes": [
					{"origin": [-3.45441, 1.39943, -6.19934], "size": [2, 11, 0], "uv": [6, 73]}
				]
			},
			{
				"name": "bone120",
				"parent": "bone118",
				"pivot": [1.5, 1.70221, -3.47771],
				"rotation": [0, 0, -8.56299],
				"cubes": [
					{"origin": [1.45441, 1.39943, -6.20134], "size": [2, 11, 0], "uv": [6, 73], "mirror": true}
				]
			},
			{
				"name": "bone121",
				"parent": "bone108",
				"pivot": [0, 2, 0],
				"rotation": [0, 240, 0]
			},
			{
				"name": "bone122",
				"parent": "bone121",
				"pivot": [0, 2, -3.47771],
				"rotation": [-15, 0, 0],
				"cubes": [
					{"origin": [-1.28349, 1.42837, -6.0796], "size": [3, 11, 0], "uv": [28, 70]}
				]
			},
			{
				"name": "bone123",
				"parent": "bone122",
				"pivot": [-1.5, 1.70221, -3.47771],
				"rotation": [0, 0, 8.56299],
				"cubes": [
					{"origin": [-3.24513, 1.46366, -6.0786], "size": [2, 11, 0], "uv": [6, 73]}
				]
			},
			{
				"name": "bone124",
				"parent": "bone122",
				"pivot": [1.5, 1.70221, -3.47771],
				"rotation": [0, 0, -8.56299],
				"cubes": [
					{"origin": [1.67332, 1.39919, -6.0806], "size": [2, 11, 0], "uv": [6, 73]}
				]
			},
			{
				"name": "bone125",
				"parent": "bone108",
				"pivot": [0, 2, 0],
				"rotation": [0, 300, 0]
			},
			{
				"name": "bone126",
				"parent": "bone125",
				"pivot": [0, 2, -3.47771],
				"rotation": [-15, 0, 0]
			},
			{
				"name": "bone127",
				"parent": "bone126",
				"pivot": [-1.5, 1.70221, -3.47771],
				"rotation": [0, 0, 8.56299]
			},
			{
				"name": "bone128",
				"parent": "bone126",
				"pivot": [1.35286, 1.65558, -4.46572],
				"rotation": [0, -20, -8.56299],
				"cubes": [
					{"origin": [0.01304, 1.44081, -6.56337], "size": [3, 11, 0], "uv": [28, 70]}
				]
			},
			{
				"name": "chestPlate",
				"pivot": [0, 0, 0]
			},
			{
				"name": "bone131",
				"parent": "chestPlate",
				"pivot": [0, 0, 0]
			},
			{
				"name": "bone132",
				"parent": "bone131",
				"pivot": [0, 0, 0],
				"cubes": [
					{"origin": [-6.5, 15.75, -4.25], "size": [13, 2, 8], "uv": [36, 36]}
				]
			},
			{
				"name": "bone133",
				"parent": "bone131",
				"pivot": [0, 14.75, 0.25],
				"rotation": [5, 0, 0],
				"cubes": [
					{"origin": [-7.5, 14.14572, -3.18474], "size": [15, 2, 7], "uv": [0, 30]}
				]
			},
			{
				"name": "bone134",
				"parent": "bone131",
				"pivot": [0, 14.05, 1.45],
				"rotation": [10, 0, 0],
				"cubes": [
					{"origin": [-8.5, 12.65, -2.05], "size": [17, 2, 6], "uv": [0, 22]}
				]
			},
			{
				"name": "bone135",
				"parent": "bone131",
				"pivot": [0, 12.55, 2.85],
				"rotation": [15, 0, 0],
				"cubes": [
					{"origin": [-9.5, 11.25, -0.65], "size": [19, 2, 5], "uv": [0, 15]}
				]
			},
			{
				"name": "bone136",
				"parent": "bone131",
				"pivot": [0, 10.39202, 4.68969],
				"rotation": [20, 0, 0],
				"cubes": [
					{"origin": [-10.5, 8.99202, 1.18969], "size": [21, 3, 4], "uv": [0, 8]}
				]
			},
			{
				"name": "bone137",
				"parent": "bone131",
				"pivot": [1, 6.89983, 7.52978],
				"rotation": [30, 0, 0],
				"cubes": [
					{"origin": [-11.5, 5.39983, 4.12978], "size": [23, 5, 3], "uv": [0, 0]}
				]
			},
			{
				"name": "bone138",
				"parent": "bone131",
				"pivot": [0, 14.9, -3.05],
				"rotation": [47.5, -35, -32.5],
				"cubes": [
					{"origin": [-0.45739, 16.11975, -3.52436], "size": [1, 1, 1], "uv": [0, 8]}
				]
			}
		]
	}
}