{
	"format_version": "1.10.0",
	"geometry.model": {
		"texturewidth": 128,
		"textureheight": 128,
		"visible_bounds_width": 3,
		"visible_bounds_height": 4,
		"visible_bounds_offset": [0, 1, 0],
		"bones": [
			{
				"name": "head",
				"pivot": [0, 18, 0],
				"cubes": [
					{"origin": [-4, 18, -4], "size": [8, 8, 8], "uv": [32, 46]},
					{"origin": [-4.5, 22.5, -1.5], "size": [9, 4, 1], "uv": [37, 30], "inflate": 0.2},
					{"origin": [-4, 18, -4], "size": [8, 8, 8], "uv": [0, 39], "inflate": 0.5}
				]
			},
			{
				"name": "blink",
				"parent": "head",
				"pivot": [0, 18, 0],
				"cubes": [
					{"origin": [-4, 18, -4.001], "size": [8, 8, 0], "uv": [32, 62]}
				]
			},
			{
				"name": "ribbon3",
				"parent": "head",
				"pivot": [-4.9, 22.5, -1],
				"rotation": [0, 0, 7.5]
			},
			{
				"name": "bone82",
				"parent": "ribbon3",
				"pivot": [0.1, 21.5, -1.25],
				"cubes": [
					{"origin": [-4.93263, 22.49786, -1.25], "size": [0.5, 0.5, 0.5], "uv": [105, 22]}
				]
			},
			{
				"name": "bone83",
				"parent": "ribbon3",
				"pivot": [-4.775, 21.91825, -1.47471],
				"rotation": [-35, 0, 0],
				"cubes": [
					{"origin": [-4.93263, 21.06392, -1.82379], "size": [0.25, 1.75, 0.25], "uv": [105, 22]}
				]
			},
			{
				"name": "bone87",
				"parent": "ribbon3",
				"pivot": [-4.775, 21.03589, -1.75662],
				"rotation": [-110, 0, 0],
				"cubes": [
					{"origin": [-4.93263, 20.5822, -2.13262], "size": [0.25, 0.75, 0.25], "uv": [105, 22]}
				]
			},
			{
				"name": "bone92",
				"parent": "ribbon3",
				"pivot": [-4.775, 21.03589, -0.24338],
				"rotation": [110, 0, 0],
				"cubes": [
					{"origin": [-4.93263, 20.5822, -0.11738], "size": [0.25, 0.75, 0.25], "uv": [105, 22]}
				]
			},
			{
				"name": "bone84",
				"parent": "ribbon3",
				"pivot": [-4.775, 21.66825, -0.42529],
				"rotation": [35, 0, 0],
				"cubes": [
					{"origin": [-4.93263, 21.08779, -0.28312], "size": [0.25, 1.75, 0.25], "uv": [105, 22]}
				]
			},
			{
				"name": "bone85",
				"parent": "ribbon3",
				"pivot": [-4.775, 21.56825, -0.82529],
				"rotation": [12.5, 0, 0],
				"cubes": [
					{"origin": [-4.93263, 21.02674, -0.77164], "size": [0.25, 1.75, 0.25], "uv": [105, 22]}
				]
			},
			{
				"name": "bone86",
				"parent": "ribbon3",
				"pivot": [-4.775, 21.56825, -1.17471],
				"rotation": [-12.5, 0, 0],
				"cubes": [
					{"origin": [-4.93263, 21.02674, -1.47836], "size": [0.25, 1.75, 0.25], "uv": [105, 22]}
				]
			},
			{
				"name": "bone93",
				"parent": "ribbon3",
				"pivot": [-4.775, 20.31825, -1.17471],
				"rotation": [-10, 0, 0],
				"cubes": [
					{"origin": [-4.70211, 18.78528, -1.45952], "size": [0.15, 4, 0.25], "uv": [105, 22]}
				]
			},
			{
				"name": "bone94",
				"parent": "ribbon3",
				"pivot": [-4.775, 20.31825, -0.82529],
				"rotation": [10, 0, 0],
				"cubes": [
					{"origin": [-4.70211, 18.78528, -0.79048], "size": [0.15, 4, 0.25], "uv": [105, 22]}
				]
			},
			{
				"name": "ribbon4",
				"parent": "head",
				"pivot": [4.9, 22.5, -1],
				"rotation": [0, 0, -7.5]
			},
			{
				"name": "bone95",
				"parent": "ribbon4",
				"pivot": [-0.1, 21.5, -1.25],
				"cubes": [
					{"origin": [4.43263, 22.49786, -1.25], "size": [0.5, 0.5, 0.5], "uv": [105, 22], "mirror": true}
				]
			},
			{
				"name": "bone96",
				"parent": "ribbon4",
				"pivot": [4.775, 21.91825, -1.47471],
				"rotation": [-35, 0, 0],
				"cubes": [
					{"origin": [4.68263, 21.06392, -1.82379], "size": [0.25, 1.75, 0.25], "uv": [105, 22], "mirror": true}
				]
			},
			{
				"name": "bone97",
				"parent": "ribbon4",
				"pivot": [4.775, 21.03589, -1.75662],
				"rotation": [-110, 0, 0],
				"cubes": [
					{"origin": [4.68263, 20.5822, -2.13262], "size": [0.25, 0.75, 0.25], "uv": [105, 22], "mirror": true}
				]
			},
			{
				"name": "bone98",
				"parent": "ribbon4",
				"pivot": [4.775, 21.03589, -0.24338],
				"rotation": [110, 0, 0],
				"cubes": [
					{"origin": [4.68263, 20.5822, -0.11738], "size": [0.25, 0.75, 0.25], "uv": [105, 22], "mirror": true}
				]
			},
			{
				"name": "bone99",
				"parent": "ribbon4",
				"pivot": [4.775, 21.66825, -0.42529],
				"rotation": [35, 0, 0],
				"cubes": [
					{"origin": [4.68263, 21.08779, -0.28312], "size": [0.25, 1.75, 0.25], "uv": [105, 22], "mirror": true}
				]
			},
			{
				"name": "bone100",
				"parent": "ribbon4",
				"pivot": [4.775, 21.56825, -0.82529],
				"rotation": [12.5, 0, 0],
				"cubes": [
					{"origin": [4.68263, 21.02674, -0.77164], "size": [0.25, 1.75, 0.25], "uv": [105, 22], "mirror": true}
				]
			},
			{
				"name": "bone101",
				"parent": "ribbon4",
				"pivot": [4.775, 21.56825, -1.17471],
				"rotation": [-12.5, 0, 0],
				"cubes": [
					{"origin": [4.68263, 21.02674, -1.47836], "size": [0.25, 1.75, 0.25], "uv": [105, 22], "mirror": true}
				]
			},
			{
				"name": "bone102",
				"parent": "ribbon4",
				"pivot": [4.775, 20.31825, -1.07471],
				"rotation": [-10, 0, 0],
				"cubes": [
					{"origin": [4.55211, 18.77657, -1.45914], "size": [0.15, 4, 0.25], "uv": [105, 22], "mirror": true}
				]
			},
			{
				"name": "bone103",
				"parent": "ribbon4",
				"pivot": [4.775, 20.31825, -0.92529],
				"rotation": [10, 0, 0],
				"cubes": [
					{"origin": [4.55211, 18.77657, -0.79086], "size": [0.15, 4, 0.25], "uv": [105, 22], "mirror": true}
				]
			},
			{
				"name": "lhair",
				"parent": "head",
				"pivot": [0, 18, 0]
			},
			{
				"name": "bone66",
				"parent": "lhair",
				"pivot": [0, 18, 0]
			},
			{
				"name": "bone67",
				"parent": "bone66",
				"pivot": [-4, 16, 4.499],
				"rotation": [7.5, 0, 0],
				"cubes": [
					{"origin": [-4.5, 14.48704, 4.69578], "size": [1, 3, 0], "uv": [16, 95]}
				]
			},
			{
				"name": "bone68",
				"parent": "bone66",
				"pivot": [-4, 13.22836, 4.46606],
				"rotation": [2.5, 0, 0],
				"cubes": [
					{"origin": [-4.5, 11.50596, 4.94776], "size": [1, 3, 0], "uv": [16, 98]}
				]
			},
			{
				"name": "bone69",
				"parent": "lhair",
				"pivot": [8, 18, 0]
			},
			{
				"name": "bone70",
				"parent": "bone69",
				"pivot": [4, 16, 4.499],
				"rotation": [7.5, 0, 0],
				"cubes": [
					{"origin": [3.5, 14.48704, 4.69578], "size": [1, 3, 0], "uv": [0, 95], "mirror": true}
				]
			},
			{
				"name": "bone71",
				"parent": "bone69",
				"pivot": [4, 13.22836, 4.46606],
				"rotation": [2.5, 0, 0],
				"cubes": [
					{"origin": [3.5, 11.50596, 4.94776], "size": [1, 3, 0], "uv": [0, 98]}
				]
			},
			{
				"name": "bone162",
				"parent": "lhair",
				"pivot": [8, 18, 0]
			},
			{
				"name": "bone163",
				"parent": "bone162",
				"pivot": [4, 15.98704, -4.69578],
				"rotation": [-7.5, 0, 0],
				"cubes": [
					{"origin": [3.5, 15.51261, -4.70016], "size": [1, 2, 0], "uv": [0, 105], "mirror": true}
				]
			},
			{
				"name": "bone164",
				"parent": "bone162",
				"pivot": [4, 13.00596, -4.94776],
				"rotation": [-2.5, 0, 0],
				"cubes": [
					{"origin": [3.5, 12.52286, -4.87077], "size": [1, 3, 0], "uv": [0, 107]}
				]
			},
			{
				"name": "bone165",
				"parent": "lhair",
				"pivot": [-8, 18, 0]
			},
			{
				"name": "bone166",
				"parent": "bone165",
				"pivot": [-4, 15.98704, -4.69578],
				"rotation": [-7.5, 0, 0],
				"cubes": [
					{"origin": [-4.5, 15.51261, -4.70016], "size": [1, 2, 0], "uv": [2, 105]}
				]
			},
			{
				"name": "bone167",
				"parent": "bone165",
				"pivot": [-4, 13.00596, -4.94776],
				"rotation": [-2.5, 0, 0],
				"cubes": [
					{"origin": [-4.5, 12.52286, -4.87077], "size": [1, 3, 0], "uv": [2, 107], "mirror": true}
				]
			},
			{
				"name": "bone168",
				"parent": "lhair",
				"pivot": [-8, 18, 0],
				"rotation": [0, -90, 0]
			},
			{
				"name": "bone169",
				"parent": "bone168",
				"pivot": [-4, 15.98704, -4.69578],
				"rotation": [-7.5, 0, 0],
				"cubes": [
					{"origin": [-12.5, 14.4684, -12.63072], "size": [1, 2, 0], "uv": [6, 105]}
				]
			},
			{
				"name": "bone170",
				"parent": "bone168",
				"pivot": [-4, 13.00596, -4.94776],
				"rotation": [-2.5, 0, 0],
				"cubes": [
					{"origin": [-12.5, 13.17391, -12.86315], "size": [1, 2, 0], "uv": [6, 107], "mirror": true}
				]
			},
			{
				"name": "bone171",
				"parent": "lhair",
				"pivot": [-8, 18, 0],
				"rotation": [0, 90, 0]
			},
			{
				"name": "bone172",
				"parent": "bone171",
				"pivot": [-4, 15.98704, -4.69578],
				"rotation": [-7.5, 0, 0],
				"cubes": [
					{"origin": [-4.5, 16.55682, 3.2324], "size": [1, 2, 0], "uv": [4, 105]}
				]
			},
			{
				"name": "bone173",
				"parent": "bone171",
				"pivot": [-4, 13.00596, -4.94776],
				"rotation": [-2.5, 0, 0],
				"cubes": [
					{"origin": [-4.5, 13.87182, 3.12162], "size": [1, 2, 0], "uv": [4, 107], "mirror": true}
				]
			},
			{
				"name": "bone156",
				"parent": "lhair",
				"pivot": [8, 18, 0],
				"rotation": [0, 90, 0]
			},
			{
				"name": "bone157",
				"parent": "bone156",
				"pivot": [4, 16, 4.499],
				"rotation": [7.5, 0, 0],
				"cubes": [
					{"origin": [3.5, 15.53125, -3.23678], "size": [1, 3, 0], "uv": [0, 95], "mirror": true}
				]
			},
			{
				"name": "bone158",
				"parent": "bone156",
				"pivot": [4, 13.22836, 4.46606],
				"rotation": [2.5, 0, 0],
				"cubes": [
					{"origin": [3.5, 11.85482, -3.04562], "size": [1, 3, 0], "uv": [0, 98]}
				]
			},
			{
				"name": "bone159",
				"parent": "lhair",
				"pivot": [-8, 18, 0],
				"rotation": [0, -90, 0]
			},
			{
				"name": "bone160",
				"parent": "bone159",
				"pivot": [-4, 16, 4.499],
				"rotation": [7.5, 0, 0],
				"cubes": [
					{"origin": [-4.5, 15.53125, -3.23678], "size": [1, 3, 0], "uv": [0, 95]}
				]
			},
			{
				"name": "bone161",
				"parent": "bone159",
				"pivot": [-4, 13.22836, 4.46606],
				"rotation": [2.5, 0, 0],
				"cubes": [
					{"origin": [-4.5, 11.85482, -3.04562], "size": [1, 3, 0], "uv": [0, 98], "mirror": true}
				]
			},
			{
				"name": "bone72",
				"parent": "lhair",
				"pivot": [7, 18, 0]
			},
			{
				"name": "bone73",
				"parent": "bone72",
				"pivot": [3, 16, 4.499],
				"rotation": [12.5, 0, 0],
				"cubes": [
					{"origin": [2.5, 15.46414, 4.82463], "size": [1, 2, 0], "uv": [2, 95], "mirror": true}
				]
			},
			{
				"name": "bone75",
				"parent": "bone72",
				"pivot": [3, 11.49845, 4.43431],
				"rotation": [2.5, 0, 0],
				"cubes": [
					{"origin": [2.5, 10.53331, 5.37048], "size": [1, 2, 0], "uv": [2, 100], "mirror": true}
				]
			},
			{
				"name": "bone74",
				"parent": "bone72",
				"pivot": [3, 13.22836, 4.46606],
				"rotation": [7.5, 0, 0],
				"cubes": [
					{"origin": [2.5, 12.46664, 5.23158], "size": [1, 3, 0], "uv": [2, 97]}
				]
			},
			{
				"name": "bone80",
				"parent": "lhair",
				"pivot": [6, 18, 0]
			},
			{
				"name": "bone81",
				"parent": "bone80",
				"pivot": [2, 16, 4.499],
				"rotation": [15, 0, 0],
				"cubes": [
					{"origin": [1.5, 14.44854, 4.88819], "size": [1, 3, 0], "uv": [4, 95], "mirror": true}
				]
			},
			{
				"name": "bone104",
				"parent": "bone80",
				"pivot": [2, 11.49845, 4.43431],
				"rotation": [2.5, 0, 0],
				"cubes": [
					{"origin": [1.5, 9.57386, 5.67252], "size": [1, 2, 0], "uv": [4, 101], "mirror": true}
				]
			},
			{
				"name": "bone105",
				"parent": "bone80",
				"pivot": [2, 13.22836, 4.46606],
				"rotation": [7.5, 0, 0],
				"cubes": [
					{"origin": [1.5, 11.4846, 5.44885], "size": [1, 3, 0], "uv": [4, 98]}
				]
			},
			{
				"name": "bone148",
				"parent": "lhair",
				"pivot": [2, 18, 0]
			},
			{
				"name": "bone149",
				"parent": "bone148",
				"pivot": [-2, 16, 4.499],
				"rotation": [15, 0, 0],
				"cubes": [
					{"origin": [-2.5, 14.44854, 4.88819], "size": [1, 3, 0], "uv": [12, 95], "mirror": true}
				]
			},
			{
				"name": "bone150",
				"parent": "bone148",
				"pivot": [-2, 11.49845, 4.43431],
				"rotation": [2.5, 0, 0],
				"cubes": [
					{"origin": [-2.5, 9.57386, 5.67252], "size": [1, 2, 0], "uv": [12, 101], "mirror": true}
				]
			},
			{
				"name": "bone151",
				"parent": "bone148",
				"pivot": [-2, 13.22836, 4.46606],
				"rotation": [7.5, 0, 0],
				"cubes": [
					{"origin": [-2.5, 11.4846, 5.44885], "size": [1, 3, 0], "uv": [12, 98]}
				]
			},
			{
				"name": "bone106",
				"parent": "lhair",
				"pivot": [1, 17, 4],
				"rotation": [2.5, 0, 0]
			},
			{
				"name": "bone107",
				"parent": "bone106",
				"pivot": [1, 16, 4.499],
				"rotation": [15, 0, 0],
				"cubes": [
					{"origin": [0.5, 14.42145, 4.90302], "size": [1, 3, 0], "uv": [6, 95], "mirror": true}
				]
			},
			{
				"name": "bone139",
				"parent": "bone106",
				"pivot": [1, 11.49845, 4.43431],
				"rotation": [2.5, 0, 0],
				"cubes": [
					{"origin": [0.5, 9.55063, 5.69286], "size": [1, 2, 0], "uv": [6, 101], "mirror": true}
				]
			},
			{
				"name": "bone143",
				"parent": "bone106",
				"pivot": [1, 13.22836, 4.46606],
				"rotation": [7.5, 0, 0],
				"cubes": [
					{"origin": [0.5, 11.45968, 5.4671], "size": [1, 3, 0], "uv": [6, 98]}
				]
			},
			{
				"name": "bone152",
				"parent": "lhair",
				"pivot": [0, 17, 4],
				"rotation": [5, 0, 0]
			},
			{
				"name": "bone153",
				"parent": "bone152",
				"pivot": [0, 16, 4.499],
				"rotation": [15, 0, 0],
				"cubes": [
					{"origin": [-0.5, 14.39374, 4.91666], "size": [1, 3, 0], "uv": [8, 95], "mirror": true}
				]
			},
			{
				"name": "bone154",
				"parent": "bone152",
				"pivot": [0, 11.49845, 4.43431],
				"rotation": [2.5, 0, 0],
				"cubes": [
					{"origin": [-0.5, 9.52652, 5.71218], "size": [1, 2, 0], "uv": [8, 101], "mirror": true}
				]
			},
			{
				"name": "bone155",
				"parent": "bone152",
				"pivot": [0, 13.22836, 4.46606],
				"rotation": [7.5, 0, 0],
				"cubes": [
					{"origin": [-0.5, 11.43399, 5.48424], "size": [1, 3, 0], "uv": [8, 98]}
				]
			},
			{
				"name": "bone144",
				"parent": "lhair",
				"pivot": [-1, 17, 4],
				"rotation": [2.5, 0, 0]
			},
			{
				"name": "bone145",
				"parent": "bone144",
				"pivot": [-1, 16, 4.499],
				"rotation": [15, 0, 0],
				"cubes": [
					{"origin": [-1.5, 14.42145, 4.90302], "size": [1, 3, 0], "uv": [10, 95], "mirror": true}
				]
			},
			{
				"name": "bone146",
				"parent": "bone144",
				"pivot": [-1, 11.49845, 4.43431],
				"rotation": [2.5, 0, 0],
				"cubes": [
					{"origin": [-1.5, 9.55063, 5.69286], "size": [1, 2, 0], "uv": [10, 101], "mirror": true}
				]
			},
			{
				"name": "bone147",
				"parent": "bone144",
				"pivot": [-1, 13.22836, 4.46606],
				"rotation": [7.5, 0, 0],
				"cubes": [
					{"origin": [-1.5, 11.45968, 5.4671], "size": [1, 3, 0], "uv": [10, 98]}
				]
			},
			{
				"name": "bone76",
				"parent": "lhair",
				"pivot": [1, 18, 0]
			},
			{
				"name": "bone77",
				"parent": "bone76",
				"pivot": [-3, 16, 4.499],
				"rotation": [12.5, 0, 0],
				"cubes": [
					{"origin": [-3.5, 15.46414, 4.82463], "size": [1, 2, 0], "uv": [14, 95], "mirror": true}
				]
			},
			{
				"name": "bone78",
				"parent": "bone76",
				"pivot": [-3, 11.49845, 4.43431],
				"rotation": [2.5, 0, 0],
				"cubes": [
					{"origin": [-3.5, 10.53331, 5.37048], "size": [1, 2, 0], "uv": [14, 100], "mirror": true}
				]
			},
			{
				"name": "bone79",
				"parent": "bone76",
				"pivot": [-3, 13.22836, 4.46606],
				"rotation": [7.5, 0, 0],
				"cubes": [
					{"origin": [-3.5, 12.46664, 5.23158], "size": [1, 3, 0], "uv": [14, 97]}
				]
			},
			{
				"name": "armRight",
				"pivot": [-2.75, 17.5, 0],
				"rotation": [0, 0, 25],
				"cubes": [
					{"origin": [-4.75, 8.5, -1], "size": [2, 8, 2], "uv": [20, 67]},
					{"origin": [-5.25, 8.25, -1.5], "size": [3, 2, 3], "uv": [50, 10], "inflate": -0.4},
					{"origin": [-5.25, 9.75, -1.5], "size": [3, 7, 3], "uv": [0, 63], "inflate": -0.2}
				]
			},
			{
				"name": "armLeft",
				"pivot": [2.75, 17.5, 0],
				"rotation": [0, 0, -25],
				"cubes": [
					{"origin": [2.75, 8.5, -1], "size": [2, 8, 2], "uv": [20, 67], "mirror": true},
					{"origin": [2.25, 8.25, -1.5], "size": [3, 2, 3], "uv": [50, 10], "inflate": -0.4, "mirror": true},
					{"origin": [2.25, 9.75, -1.5], "size": [3, 7, 3], "uv": [0, 63], "inflate": -0.2, "mirror": true}
				]
			},
			{
				"name": "body",
				"pivot": [0, 10.5, 0],
				"cubes": [
					{"origin": [-3, 9.999, -3], "size": [6, 8, 6], "uv": [46, 16]},
					{"origin": [-3.5, 11.5, -3.5], "size": [7, 2, 7], "uv": [46, 1], "inflate": -0.2}
				]
			},
			{
				"name": "sittingRotationSkirt",
				"parent": "body",
				"pivot": [0, 10.5, 0]
			},
			{
				"name": "skirt",
				"parent": "sittingRotationSkirt",
				"pivot": [0, 6.25, 0]
			},
			{
				"name": "bone3",
				"parent": "skirt",
				"pivot": [0, 6.25, 0]
			},
			{
				"name": "bone4",
				"parent": "bone3",
				"pivot": [0, 6.25, 4.17256],
				"rotation": [15, 0, 0]
			},
			{
				"name": "bone5",
				"parent": "bone4",
				"pivot": [0, 6.25, 4.17256],
				"rotation": [0, -63.43495, 0],
				"cubes": [
					{"origin": [-0.51157, 6.2017, 3.16677], "size": [1, 4, 2], "uv": [67, 0]}
				]
			},
			{
				"name": "bone26",
				"parent": "skirt",
				"pivot": [0, 6.25, 0],
				"rotation": [0, -30, 0]
			},
			{
				"name": "bone27",
				"parent": "bone26",
				"pivot": [0, 6.25, 4.17256],
				"rotation": [15, 0, 0]
			},
			{
				"name": "bone28",
				"parent": "bone27",
				"pivot": [0, 6.25, 4.17256],
				"rotation": [0, -63.43495, 0],
				"cubes": [
					{"origin": [-0.51157, 6.2017, 3.16677], "size": [1, 4, 2], "uv": [67, 0]}
				]
			},
			{
				"name": "bone29",
				"parent": "skirt",
				"pivot": [0, 6.25, 0],
				"rotation": [0, -60, 0]
			},
			{
				"name": "bone30",
				"parent": "bone29",
				"pivot": [0, 6.25, 4.17256],
				"rotation": [15, 0, 0]
			},
			{
				"name": "bone31",
				"parent": "bone30",
				"pivot": [0, 6.25, 4.17256],
				"rotation": [0, -63.43495, 0],
				"cubes": [
					{"origin": [-0.51157, 6.2017, 3.16677], "size": [1, 4, 2], "uv": [67, 0]}
				]
			},
			{
				"name": "bone32",
				"parent": "skirt",
				"pivot": [0, 6.25, 0],
				"rotation": [0, -90, 0]
			},
			{
				"name": "bone33",
				"parent": "bone32",
				"pivot": [0, 6.25, 4.17256],
				"rotation": [15, 0, 0]
			},
			{
				"name": "bone34",
				"parent": "bone33",
				"pivot": [0, 6.25, 4.17256],
				"rotation": [0, -63.43495, 0],
				"cubes": [
					{"origin": [-0.51157, 6.2017, 3.16677], "size": [1, 4, 2], "uv": [67, 0]}
				]
			},
			{
				"name": "bone35",
				"parent": "skirt",
				"pivot": [0, 6.25, 0],
				"rotation": [0, -120, 0]
			},
			{
				"name": "bone36",
				"parent": "bone35",
				"pivot": [0, 6.25, 4.17256],
				"rotation": [15, 0, 0]
			},
			{
				"name": "bone37",
				"parent": "bone36",
				"pivot": [0, 6.25, 4.17256],
				"rotation": [0, -63.43495, 0],
				"cubes": [
					{"origin": [-0.51157, 6.2017, 3.16677], "size": [1, 4, 2], "uv": [67, 0]}
				]
			},
			{
				"name": "bone38",
				"parent": "skirt",
				"pivot": [0, 6.25, 0],
				"rotation": [0, -150, 0]
			},
			{
				"name": "bone39",
				"parent": "bone38",
				"pivot": [0, 6.25, 4.17256],
				"rotation": [15, 0, 0]
			},
			{
				"name": "bone40",
				"parent": "bone39",
				"pivot": [0, 6.25, 4.17256],
				"rotation": [0, -63.43495, 0],
				"cubes": [
					{"origin": [-0.51157, 6.2017, 3.16677], "size": [1, 4, 2], "uv": [67, 0]}
				]
			},
			{
				"name": "bone41",
				"parent": "skirt",
				"pivot": [0, 6.25, 0],
				"rotation": [0, -180, 0]
			},
			{
				"name": "bone42",
				"parent": "bone41",
				"pivot": [0, 6.25, 4.17256],
				"rotation": [15, 0, 0]
			},
			{
				"name": "bone43",
				"parent": "bone42",
				"pivot": [0, 6.25, 4.17256],
				"rotation": [0, -63.43495, 0],
				"cubes": [
					{"origin": [-0.51157, 6.2017, 3.16677], "size": [1, 4, 2], "uv": [67, 0]}
				]
			},
			{
				"name": "bone44",
				"parent": "skirt",
				"pivot": [0, 6.25, 0],
				"rotation": [0, -210, 0]
			},
			{
				"name": "bone45",
				"parent": "bone44",
				"pivot": [0, 6.25, 4.17256],
				"rotation": [15, 0, 0]
			},
			{
				"name": "bone46",
				"parent": "bone45",
				"pivot": [0, 6.25, 4.17256],
				"rotation": [0, -63.43495, 0],
				"cubes": [
					{"origin": [-0.51157, 6.2017, 3.16677], "size": [1, 4, 2], "uv": [67, 0]}
				]
			},
			{
				"name": "bone47",
				"parent": "skirt",
				"pivot": [0, 6.25, 0],
				"rotation": [0, -240, 0]
			},
			{
				"name": "bone48",
				"parent": "bone47",
				"pivot": [0, 6.25, 4.17256],
				"rotation": [15, 0, 0]
			},
			{
				"name": "bone49",
				"parent": "bone48",
				"pivot": [0, 6.25, 4.17256],
				"rotation": [0, -63.43495, 0],
				"cubes": [
					{"origin": [-0.51157, 6.2017, 3.16677], "size": [1, 4, 2], "uv": [67, 0]}
				]
			},
			{
				"name": "bone50",
				"parent": "skirt",
				"pivot": [0, 6.25, 0],
				"rotation": [0, -270, 0]
			},
			{
				"name": "bone51",
				"parent": "bone50",
				"pivot": [0, 6.25, 4.17256],
				"rotation": [15, 0, 0]
			},
			{
				"name": "bone52",
				"parent": "bone51",
				"pivot": [0, 6.25, 4.17256],
				"rotation": [0, -63.43495, 0],
				"cubes": [
					{"origin": [-0.51157, 6.2017, 3.16677], "size": [1, 4, 2], "uv": [67, 0]}
				]
			},
			{
				"name": "bone53",
				"parent": "skirt",
				"pivot": [0, 6.25, 0],
				"rotation": [0, -300, 0]
			},
			{
				"name": "bone54",
				"parent": "bone53",
				"pivot": [0, 6.25, 4.17256],
				"rotation": [15, 0, 0]
			},
			{
				"name": "bone55",
				"parent": "bone54",
				"pivot": [0, 6.25, 4.17256],
				"rotation": [0, -63.43495, 0],
				"cubes": [
					{"origin": [-0.51157, 6.2017, 3.16677], "size": [1, 4, 2], "uv": [67, 0]}
				]
			},
			{
				"name": "bone56",
				"parent": "skirt",
				"pivot": [0, 6.25, 0],
				"rotation": [0, -330, 0]
			},
			{
				"name": "bone57",
				"parent": "bone56",
				"pivot": [0, 6.25, 4.17256],
				"rotation": [15, 0, 0]
			},
			{
				"name": "bone58",
				"parent": "bone57",
				"pivot": [0, 6.25, 4.17256],
				"rotation": [0, -63.43495, 0],
				"cubes": [
					{"origin": [-0.51157, 6.2017, 3.16677], "size": [1, 4, 2], "uv": [67, 0]}
				]
			},
			{
				"name": "bone129",
				"parent": "body",
				"pivot": [0, 10.5, 0],
				"rotation": [0, 0, 17.5],
				"cubes": [
					{"origin": [-3.30926, 8.81014, -3.15], "size": [3, 3, 4], "uv": [64, 54]}
				]
			},
			{
				"name": "bone130",
				"parent": "body",
				"pivot": [-0.1, 10.5, 0],
				"rotation": [0, 0, -17.5],
				"cubes": [
					{"origin": [0.30463, 8.73007, -3.15], "size": [3, 3, 4], "uv": [64, 54], "mirror": true}
				]
			},
			{
				"name": "bone141",
				"parent": "body",
				"pivot": [-0.9, 17.5, -2.8],
				"rotation": [-162.5, -170, 57.5],
				"cubes": [
					{"origin": [-1.72596, 16.991, -3.05689], "size": [2, 1, 0], "uv": [109, 17], "mirror": true}
				]
			},
			{
				"name": "bone140",
				"parent": "body",
				"pivot": [0.8, 17.5, -2.8],
				"rotation": [-162.5, 170, -57.5],
				"cubes": [
					{"origin": [-0.42695, 17.07424, -3.04042], "size": [2, 1, 0], "uv": [109, 17]}
				]
			},
			{
				"name": "bone142",
				"parent": "body",
				"pivot": [0, 10.5, 0],
				"cubes": [
					{"origin": [-0.5, 12.5, -3.4], "size": [1, 5, 1], "uv": [99, 22], "inflate": -0.35}
				]
			},
			{
				"name": "bone91",
				"parent": "body",
				"pivot": [0, 11.7, -3.3],
				"rotation": [-3, 0, 0]
			},
			{
				"name": "bone90",
				"parent": "bone91",
				"pivot": [0, 7.66303, -5.13369],
				"rotation": [-25, 0, 0],
				"cubes": [
					{"origin": [-1.5, 3.23849, -4.63718], "size": [3, 3, 0.1], "uv": [107, 67]},
					{"origin": [-1.65, 3.03849, -4.73718], "size": [3.25, 0.25, 0.25], "uv": [103, 73]},
					{"origin": [1.35, 3.23849, -4.73718], "size": [0.25, 3, 0.25], "uv": [100, 72], "mirror": true},
					{"origin": [-1.65, 3.23849, -4.73718], "size": [0.25, 3, 0.25], "uv": [100, 72]}
				]
			},
			{
				"name": "bone89",
				"parent": "bone91",
				"pivot": [0, 7.66303, -5.13369],
				"rotation": [-15, 0, 0],
				"cubes": [
					{"origin": [-1.5, 6.17392, -4.89209], "size": [3, 3, 0.1], "uv": [107, 63]},
					{"origin": [1.35, 6.17392, -4.99209], "size": [0.25, 3, 0.25], "uv": [100, 72], "mirror": true},
					{"origin": [-1.65, 6.17392, -4.99209], "size": [0.25, 3, 0.25], "uv": [100, 72]}
				]
			},
			{
				"name": "bone88",
				"parent": "bone91",
				"pivot": [0, 11.69257, -3.19859],
				"rotation": [-26, 0, 0],
				"cubes": [
					{"origin": [-1.5, 8.75197, -3.22256], "size": [3, 3, 0.1], "uv": [107, 60]},
					{"origin": [1.35, 8.75197, -3.32256], "size": [0.25, 3, 0.25], "uv": [100, 72], "mirror": true},
					{"origin": [-1.65, 8.75197, -3.32256], "size": [0.25, 3, 0.25], "uv": [100, 72]}
				]
			},
			{
				"name": "legLeft",
				"pivot": [2, 9, 0],
				"cubes": [
					{"origin": [0.249, 0, -1.5], "size": [3, 9, 3], "uv": [61, 61]}
				]
			},
			{
				"name": "boot2",
				"parent": "legLeft",
				"pivot": [1.751, 1.4, 0],
				"rotation": [5, 0, 0],
				"cubes": [
					{"origin": [-0.749, -0.59319, -2.55604], "size": [5, 3, 5], "uv": [0, 55], "inflate": -0.9}
				]
			},
			{
				"name": "bone63",
				"parent": "legLeft",
				"pivot": [1.75, 2, 0],
				"rotation": [0, 90, 0]
			},
			{
				"name": "bone61",
				"parent": "bone63",
				"pivot": [1.75, 2.5, -0.5],
				"rotation": [-10, 0, 0],
				"cubes": [
					{"origin": [0.35, 2.8307, -1.63514], "size": [3, 1, 1], "uv": [36, 42], "inflate": 0.3},
					{"origin": [-0.45, 2.3307, -2.03514], "size": [0.5, 0.5, 1.75], "uv": [101, 2], "inflate": 0},
					{"origin": [3.3, 2.8307, -0.78514], "size": [0.5, 1.25, 0.5], "uv": [101, 2], "inflate": 0},
					{"origin": [3.3, 2.3307, -1.53514], "size": [0.5, 0.5, 1.25], "uv": [103, 1], "inflate": 0},
					{"origin": [0.05, 2.3307, -2.03514], "size": [3.75, 0.5, 0.5], "uv": [101, 1], "inflate": 0}
				]
			},
			{
				"name": "bone60",
				"parent": "bone63",
				"pivot": [1.75, 2.5, 0.5],
				"rotation": [10, 0, 0],
				"cubes": [
					{"origin": [0.35, 2.84806, 0.53666], "size": [3, 1, 1], "uv": [43, 18], "inflate": 0.3},
					{"origin": [-0.45, 2.3307, 0.16756], "size": [0.5, 0.5, 1.75], "uv": [101, 2], "inflate": 0},
					{"origin": [3.3, 2.8307, 0.16756], "size": [0.5, 1.25, 0.5], "uv": [101, 2]},
					{"origin": [0.05, 2.3307, 1.41756], "size": [3.75, 0.5, 0.5], "uv": [101, 1], "inflate": 0},
					{"origin": [3.3, 2.3307, 0.16756], "size": [0.5, 0.5, 1.25], "uv": [103, 1], "inflate": 0}
				]
			},
			{
				"name": "bone64",
				"parent": "bone63",
				"pivot": [1.75, 2, 0],
				"cubes": [
					{"origin": [-0.25, 2.7, -0.56], "size": [0, 1.25, 1], "uv": [48, 18], "inflate": 0},
					{"origin": [-0.5, 2.3, -0.56], "size": [0.5, 0.5, 1], "uv": [101, 1], "inflate": 0}
				]
			},
			{
				"name": "legRight",
				"pivot": [-2, 9, 0],
				"cubes": [
					{"origin": [-3.249, 0, -1.5], "size": [3, 9, 3], "uv": [61, 61], "mirror": true}
				]
			},
			{
				"name": "boot",
				"parent": "legRight",
				"pivot": [-1.749, 1.4, 0],
				"rotation": [5, 0, 0],
				"cubes": [
					{"origin": [-4.249, -0.59319, -2.55604], "size": [5, 3, 5], "uv": [0, 55], "inflate": -0.9, "mirror": true}
				]
			},
			{
				"name": "bone62",
				"parent": "legRight",
				"pivot": [-1.75, 3, 0],
				"rotation": [0, -90, 0]
			},
			{
				"name": "bone59",
				"parent": "bone62",
				"pivot": [-1.75, 2.5, -0.5],
				"rotation": [-10, 0, 0],
				"cubes": [
					{"origin": [-3.35, 2.8307, -1.63514], "size": [3, 1, 1], "uv": [36, 42], "inflate": 0.3, "mirror": true},
					{"origin": [-0.05, 2.3307, -2.03514], "size": [0.5, 0.5, 1.75], "uv": [101, 2], "inflate": 0, "mirror": true},
					{"origin": [-3.75, 2.8307, -0.78514], "size": [0.5, 1.25, 0.5], "uv": [101, 2], "inflate": 0, "mirror": true},
					{"origin": [-3.75, 2.3307, -1.53514], "size": [0.5, 0.5, 1.25], "uv": [101, 2], "mirror": true},
					{"origin": [-3.75, 2.3307, -2.03514], "size": [3.7, 0.5, 0.5], "uv": [101, 1], "mirror": true}
				]
			},
			{
				"name": "bone2",
				"parent": "bone62",
				"pivot": [-1.75, 2.5, 0.5],
				"rotation": [10, 0, 0],
				"cubes": [
					{"origin": [-3.35, 2.84806, 0.53666], "size": [3, 1, 1], "uv": [43, 18], "inflate": 0.3, "mirror": true},
					{"origin": [-0.05, 2.3307, 0.16756], "size": [0.5, 0.5, 1.75], "uv": [101, 2], "inflate": 0, "mirror": true},
					{"origin": [-3.75, 2.8307, 0.16756], "size": [0.5, 1.25, 0.5], "uv": [101, 2], "inflate": 0, "mirror": true},
					{"origin": [-3.75, 2.3307, 1.41756], "size": [3.7, 0.5, 0.5], "uv": [101, 1], "mirror": true},
					{"origin": [-3.75, 2.3307, 0.16756], "size": [0.5, 0.5, 1.25], "uv": [101, 2], "mirror": true}
				]
			},
			{
				"name": "bone65",
				"parent": "legRight",
				"pivot": [-1.75, 2.9375, 1.94],
				"rotation": [0, 90, 0],
				"cubes": [
					{"origin": [-1.75, 2.7, 1.44], "size": [0, 1.25, 1], "uv": [48, 18], "inflate": 0},
					{"origin": [-2, 2.3, 1.44], "size": [0.5, 0.5, 1], "uv": [101, 1], "inflate": 0}
				]
			},
			{
				"name": "bone",
				"pivot": [0, 2, 0]
			},
			{
				"name": "bone6",
				"parent": "bone",
				"pivot": [0, 2, 0],
				"rotation": [0, 60, 0]
			},
			{
				"name": "bone7",
				"parent": "bone6",
				"pivot": [0, 2, -3.47771],
				"rotation": [-15, 0, 0]
			},
			{
				"name": "bone8",
				"parent": "bone7",
				"pivot": [-1.51898, 1.70706, -4.47751],
				"rotation": [0, 20, 8.56299],
				"cubes": [
					{"origin": [-3.03451, 1.7049, -6.57996], "size": [3, 11, 0], "uv": [70, 28]},
					{"origin": [-0.53451, 1.9549, -6.82996], "size": [0.5, 10.75, 0.5], "uv": [101, 33], "mirror": true},
					{"origin": [-3.13451, 1.4549, -6.82996], "size": [3.1, 0.5, 0.5], "uv": [100, 34], "mirror": true}
				]
			},
			{
				"name": "bone9",
				"parent": "bone7",
				"pivot": [1.5, 1.70221, -3.47771],
				"rotation": [0, 0, -8.56299]
			},
			{
				"name": "bone10",
				"parent": "bone",
				"pivot": [0, 2, 0],
				"rotation": [0, 120, 0]
			},
			{
				"name": "bone11",
				"parent": "bone10",
				"pivot": [0, 2, -3.47771],
				"rotation": [-15, 0, 0],
				"cubes": [
					{"origin": [-1.71651, 1.66985, -6.1443], "size": [3, 11, 0], "uv": [70, 28]},
					{"origin": [-1.71651, 1.41985, -6.3943], "size": [3, 0.5, 0.5], "uv": [100, 34], "mirror": true}
				]
			},
			{
				"name": "bone12",
				"parent": "bone11",
				"pivot": [-1.5, 1.70221, -3.47771],
				"rotation": [0, 0, 8.56299],
				"cubes": [
					{"origin": [-3.70928, 1.63798, -6.1433], "size": [2, 11, 0], "uv": [74, 0], "mirror": true},
					{"origin": [-3.80928, 1.38798, -6.3933], "size": [2.2, 0.5, 0.5], "uv": [100, 34], "mirror": true}
				]
			},
			{
				"name": "bone13",
				"parent": "bone11",
				"pivot": [1.5, 1.70221, -3.47771],
				"rotation": [0, 0, -8.56299],
				"cubes": [
					{"origin": [1.28109, 1.70245, -6.1453], "size": [2, 11, 0], "uv": [74, 0], "mirror": true},
					{"origin": [1.18109, 1.45245, -6.3953], "size": [2.2, 0.5, 0.5], "uv": [100, 34], "mirror": true}
				]
			},
			{
				"name": "bone14",
				"parent": "bone",
				"pivot": [0, 2, 0],
				"rotation": [0, 180, 0]
			},
			{
				"name": "bone15",
				"parent": "bone14",
				"pivot": [0, 2, -3.47771],
				"rotation": [-15, 0, 0]
			},
			{
				"name": "bone16",
				"parent": "bone15",
				"pivot": [-1.5, 1.70221, -3.47771],
				"rotation": [0, 0, 8.56299],
				"cubes": [
					{"origin": [-1.74037, 1.88822, -6.51404], "size": [0.5, 10, 0.5], "uv": [100, 34]},
					{"origin": [-3.49037, 1.63822, -6.26404], "size": [2, 11, 0], "uv": [74, 0]},
					{"origin": [-3.49037, 1.38822, -6.51404], "size": [2.25, 0.5, 0.5], "uv": [100, 34]}
				]
			},
			{
				"name": "bone17",
				"parent": "bone15",
				"pivot": [1.5, 1.70221, -3.47771],
				"rotation": [0, 0, -8.56299],
				"cubes": [
					{"origin": [1.49037, 1.63822, -6.26604], "size": [2, 11, 0], "uv": [74, 0], "mirror": true},
					{"origin": [1.24037, 1.88822, -6.51604], "size": [0.5, 10, 0.5], "uv": [100, 34], "mirror": true},
					{"origin": [1.24037, 1.38822, -6.51604], "size": [2.25, 0.5, 0.5], "uv": [100, 34], "mirror": true}
				]
			},
			{
				"name": "bone18",
				"parent": "bone",
				"pivot": [0, 2, 0],
				"rotation": [0, 240, 0]
			},
			{
				"name": "bone19",
				"parent": "bone18",
				"pivot": [0, 2, -3.47771],
				"rotation": [-15, 0, 0],
				"cubes": [
					{"origin": [-1.28349, 1.66985, -6.1443], "size": [3, 11, 0], "uv": [70, 28]},
					{"origin": [-1.28349, 1.41985, -6.3943], "size": [3, 0.5, 0.5], "uv": [100, 34]}
				]
			},
			{
				"name": "bone20",
				"parent": "bone19",
				"pivot": [-1.5, 1.70221, -3.47771],
				"rotation": [0, 0, 8.56299],
				"cubes": [
					{"origin": [-3.28109, 1.70245, -6.1433], "size": [2, 11, 0], "uv": [74, 0], "mirror": true},
					{"origin": [-3.38109, 1.45245, -6.3933], "size": [2.2, 0.5, 0.5], "uv": [100, 34]}
				]
			},
			{
				"name": "bone21",
				"parent": "bone19",
				"pivot": [1.5, 1.70221, -3.47771],
				"rotation": [0, 0, -8.56299],
				"cubes": [
					{"origin": [1.70928, 1.63798, -6.1453], "size": [2, 11, 0], "uv": [74, 0], "mirror": true},
					{"origin": [1.60928, 1.38798, -6.3953], "size": [2.2, 0.5, 0.5], "uv": [100, 34]}
				]
			},
			{
				"name": "bone22",
				"parent": "bone",
				"pivot": [0, 2, 0],
				"rotation": [0, 300, 0]
			},
			{
				"name": "bone23",
				"parent": "bone22",
				"pivot": [0, 2, -3.47771],
				"rotation": [-15, 0, 0]
			},
			{
				"name": "bone24",
				"parent": "bone23",
				"pivot": [-1.5, 1.70221, -3.47771],
				"rotation": [0, 0, 8.56299]
			},
			{
				"name": "bone25",
				"parent": "bone23",
				"pivot": [1.35286, 1.65558, -4.46572],
				"rotation": [0, -20, -8.56299],
				"cubes": [
					{"origin": [0.02469, 1.6796, -6.63647], "size": [3, 11, 0], "uv": [70, 28]},
					{"origin": [0.02469, 1.9296, -6.88647], "size": [0.5, 10.75, 0.5], "uv": [100, 34]},
					{"origin": [0.02469, 1.4296, -6.88647], "size": [3.1, 0.5, 0.5], "uv": [100, 34]}
				]
			},
			{
				"name": "bone108",
				"pivot": [0, 2, 0]
			},
			{
				"name": "bone109",
				"parent": "bone108",
				"pivot": [0, 2, 0],
				"rotation": [0, 60, 0]
			},
			{
				"name": "bone110",
				"parent": "bone109",
				"pivot": [0, 2, -3.47771],
				"rotation": [-15, 0, 0]
			},
			{
				"name": "bone111",
				"parent": "bone110",
				"pivot": [-1.51898, 1.70706, -4.47751],
				"rotation": [0, 20, 8.56299],
				"cubes": [
					{"origin": [-3.02224, 1.46612, -6.50607], "size": [3, 11, 0], "uv": [28, 70], "mirror": true}
				]
			},
			{
				"name": "bone112",
				"parent": "bone110",
				"pivot": [1.5, 1.70221, -3.47771],
				"rotation": [0, 0, -8.56299]
			},
			{
				"name": "bone113",
				"parent": "bone108",
				"pivot": [0, 2, 0],
				"rotation": [0, 120, 0]
			},
			{
				"name": "bone114",
				"parent": "bone113",
				"pivot": [0, 2, -3.47771],
				"rotation": [-15, 0, 0],
				"cubes": [
					{"origin": [-1.71651, 1.42837, -6.0796], "size": [3, 11, 0], "uv": [28, 70], "mirror": true}
				]
			},
			{
				"name": "bone115",
				"parent": "bone114",
				"pivot": [-1.5, 1.70221, -3.47771],
				"rotation": [0, 0, 8.56299],
				"cubes": [
					{"origin": [-3.67332, 1.39919, -6.0786], "size": [2, 11, 0], "uv": [6, 73], "mirror": true}
				]
			},
			{
				"name": "bone116",
				"parent": "bone114",
				"pivot": [1.5, 1.70221, -3.47771],
				"rotation": [0, 0, -8.56299],
				"cubes": [
					{"origin": [1.24513, 1.46366, -6.0806], "size": [2, 11, 0], "uv": [6, 73], "mirror": true}
				]
			},
			{
				"name": "bone117",
				"parent": "bone108",
				"pivot": [0, 2, 0],
				"rotation": [0, 180, 0]
			},
			{
				"name": "bone118",
				"parent": "bone117",
				"pivot": [0, 2, -3.47771],
				"rotation": [-15, 0, 0]
			},
			{
				"name": "bone119",
				"parent": "bone118",
				"pivot": [-1.5, 1.70221, -3.47771],
				"rotation": [0, 0, 8.56299],
				"cubes": [
					{"origin": [-3.45441, 1.39943, -6.19934], "size": [2, 11, 0], "uv": [6, 73]}
				]
			},
			{
				"name": "bone120",
				"parent": "bone118",
				"pivot": [1.5, 1.70221, -3.47771],
				"rotation": [0, 0, -8.56299],
				"cubes": [
					{"origin": [1.45441, 1.39943, -6.20134], "size": [2, 11, 0], "uv": [6, 73], "mirror": true}
				]
			},
			{
				"name": "bone121",
				"parent": "bone108",
				"pivot": [0, 2, 0],
				"rotation": [0, 240, 0]
			},
			{
				"name": "bone122",
				"parent": "bone121",
				"pivot": [0, 2, -3.47771],
				"rotation": [-15, 0, 0],
				"cubes": [
					{"origin": [-1.28349, 1.42837, -6.0796], "size": [3, 11, 0], "uv": [28, 70]}
				]
			},
			{
				"name": "bone123",
				"parent": "bone122",
				"pivot": [-1.5, 1.70221, -3.47771],
				"rotation": [0, 0, 8.56299],
				"cubes": [
					{"origin": [-3.24513, 1.46366, -6.0786], "size": [2, 11, 0], "uv": [6, 73]}
				]
			},
			{
				"name": "bone124",
				"parent": "bone122",
				"pivot": [1.5, 1.70221, -3.47771],
				"rotation": [0, 0, -8.56299],
				"cubes": [
					{"origin": [1.67332, 1.39919, -6.0806], "size": [2, 11, 0], "uv": [6, 73]}
				]
			},
			{
				"name": "bone125",
				"parent": "bone108",
				"pivot": [0, 2, 0],
				"rotation": [0, 300, 0]
			},
			{
				"name": "bone126",
				"parent": "bone125",
				"pivot": [0, 2, -3.47771],
				"rotation": [-15, 0, 0]
			},
			{
				"name": "bone127",
				"parent": "bone126",
				"pivot": [-1.5, 1.70221, -3.47771],
				"rotation": [0, 0, 8.56299]
			},
			{
				"name": "bone128",
				"parent": "bone126",
				"pivot": [1.35286, 1.65558, -4.46572],
				"rotation": [0, -20, -8.56299],
				"cubes": [
					{"origin": [0.01304, 1.44081, -6.56337], "size": [3, 11, 0], "uv": [28, 70]}
				]
			},
			{
				"name": "chestPlate",
				"pivot": [0, 0, 0]
			},
			{
				"name": "bone131",
				"parent": "chestPlate",
				"pivot": [0, 0, 0]
			},
			{
				"name": "bone132",
				"parent": "bone131",
				"pivot": [0, 0, 0],
				"cubes": [
					{"origin": [-6.5, 15.75, -4.25], "size": [13, 2, 8], "uv": [36, 36]}
				]
			},
			{
				"name": "bone133",
				"parent": "bone131",
				"pivot": [0, 14.75, 0.25],
				"rotation": [5, 0, 0],
				"cubes": [
					{"origin": [-7.5, 14.14572, -3.18474], "size": [15, 2, 7], "uv": [0, 30]}
				]
			},
			{
				"name": "bone134",
				"parent": "bone131",
				"pivot": [0, 14.05, 1.45],
				"rotation": [10, 0, 0],
				"cubes": [
					{"origin": [-8.5, 12.65, -2.05], "size": [17, 2, 6], "uv": [0, 22]}
				]
			},
			{
				"name": "bone135",
				"parent": "bone131",
				"pivot": [0, 12.55, 2.85],
				"rotation": [15, 0, 0],
				"cubes": [
					{"origin": [-9.5, 11.25, -0.65], "size": [19, 2, 5], "uv": [0, 15]}
				]
			},
			{
				"name": "bone136",
				"parent": "bone131",
				"pivot": [0, 10.39202, 4.68969],
				"rotation": [20, 0, 0],
				"cubes": [
					{"origin": [-10.5, 8.99202, 1.18969], "size": [21, 3, 4], "uv": [0, 8]}
				]
			},
			{
				"name": "bone137",
				"parent": "bone131",
				"pivot": [1, 6.89983, 7.52978],
				"rotation": [30, 0, 0],
				"cubes": [
					{"origin": [-11.5, 5.39983, 4.12978], "size": [23, 5, 3], "uv": [0, 0]}
				]
			},
			{
				"name": "bone138",
				"parent": "bone131",
				"pivot": [0, 14.9, -3.05],
				"rotation": [47.5, -35, -32.5],
				"cubes": [
					{"origin": [-0.45739, 16.11975, -3.52436], "size": [1, 1, 1], "uv": [0, 8]}
				]
			}
		]
	}
}