{
	"format_version": "1.10.0",
	"geometry.model": {
		"texturewidth": 128,
		"textureheight": 128,
		"visible_bounds_width": 3,
		"visible_bounds_height": 4,
		"visible_bounds_offset": [0, 1, 0],
		"bones": [
			{
				"name": "head",
				"pivot": [0, 18, 0],
				"cubes": [
					{"origin": [-4, 18, -4], "size": [8, 8, 8], "uv": [0, 16]},
					{"origin": [-4, 18, -4], "size": [8, 8, 8], "uv": [0, 0], "inflate": 0.5}
				]
			},
			{
				"name": "blink",
				"parent": "head",
				"pivot": [0, 18, 0],
				"cubes": [
					{"origin": [-4, 18, -4.001], "size": [8, 8, 0], "uv": [34, 35]}
				]
			},
			{
				"name": "ribbon4",
				"parent": "head",
				"pivot": [-4.9, 22.5, -2],
				"rotation": [0, 0, 7.5]
			},
			{
				"name": "bone80",
				"parent": "ribbon4",
				"pivot": [0.1, 21.5, -2.25],
				"cubes": [
					{"origin": [-4.93263, 22.49786, -2.25], "size": [0.5, 0.5, 0.5], "uv": [52, 22]}
				]
			},
			{
				"name": "bone259",
				"parent": "ribbon4",
				"pivot": [-4.775, 21.91825, -2.47471],
				"rotation": [-35, 0, 0],
				"cubes": [
					{"origin": [-4.93263, 21.06392, -2.82379], "size": [0.25, 1.75, 0.25], "uv": [52, 22]}
				]
			},
			{
				"name": "bone260",
				"parent": "ribbon4",
				"pivot": [-4.775, 21.03589, -2.75662],
				"rotation": [-110, 0, 0],
				"cubes": [
					{"origin": [-4.93263, 20.5822, -3.13262], "size": [0.25, 0.75, 0.25], "uv": [52, 22]}
				]
			},
			{
				"name": "bone279",
				"parent": "ribbon4",
				"pivot": [-4.775, 21.03589, -1.24338],
				"rotation": [110, 0, 0],
				"cubes": [
					{"origin": [-4.93263, 20.5822, -1.11738], "size": [0.25, 0.75, 0.25], "uv": [52, 22]}
				]
			},
			{
				"name": "bone280",
				"parent": "ribbon4",
				"pivot": [-4.775, 21.66825, -1.42529],
				"rotation": [35, 0, 0],
				"cubes": [
					{"origin": [-4.93263, 21.08779, -1.28312], "size": [0.25, 1.75, 0.25], "uv": [52, 22]}
				]
			},
			{
				"name": "bone281",
				"parent": "ribbon4",
				"pivot": [-4.775, 21.56825, -1.82529],
				"rotation": [12.5, 0, 0],
				"cubes": [
					{"origin": [-4.93263, 21.02674, -1.77164], "size": [0.25, 1.75, 0.25], "uv": [52, 22]}
				]
			},
			{
				"name": "bone282",
				"parent": "ribbon4",
				"pivot": [-4.775, 21.56825, -2.17471],
				"rotation": [-12.5, 0, 0],
				"cubes": [
					{"origin": [-4.93263, 21.02674, -2.47836], "size": [0.25, 1.75, 0.25], "uv": [52, 22]}
				]
			},
			{
				"name": "bone283",
				"parent": "ribbon4",
				"pivot": [-4.775, 20.31825, -2.17471],
				"rotation": [-10, 0, 0],
				"cubes": [
					{"origin": [-4.70211, 18.78528, -2.45952], "size": [0.15, 4, 0.25], "uv": [52, 22]}
				]
			},
			{
				"name": "bone284",
				"parent": "ribbon4",
				"pivot": [-4.775, 20.31825, -1.82529],
				"rotation": [10, 0, 0],
				"cubes": [
					{"origin": [-4.70211, 18.78528, -1.79048], "size": [0.15, 4, 0.25], "uv": [52, 22]}
				]
			},
			{
				"name": "ribbon5",
				"parent": "head",
				"pivot": [4.9, 22.5, -2],
				"rotation": [0, 0, -7.5]
			},
			{
				"name": "bone285",
				"parent": "ribbon5",
				"pivot": [-0.1, 21.5, -2.25],
				"cubes": [
					{"origin": [4.43263, 22.49786, -2.25], "size": [0.5, 0.5, 0.5], "uv": [52, 22], "mirror": true}
				]
			},
			{
				"name": "bone286",
				"parent": "ribbon5",
				"pivot": [4.775, 21.91825, -2.47471],
				"rotation": [-35, 0, 0],
				"cubes": [
					{"origin": [4.68263, 21.06392, -2.82379], "size": [0.25, 1.75, 0.25], "uv": [52, 22], "mirror": true}
				]
			},
			{
				"name": "bone287",
				"parent": "ribbon5",
				"pivot": [4.775, 21.03589, -2.75662],
				"rotation": [-110, 0, 0],
				"cubes": [
					{"origin": [4.68263, 20.5822, -3.13262], "size": [0.25, 0.75, 0.25], "uv": [52, 22], "mirror": true}
				]
			},
			{
				"name": "bone288",
				"parent": "ribbon5",
				"pivot": [4.775, 21.03589, -1.24338],
				"rotation": [110, 0, 0],
				"cubes": [
					{"origin": [4.68263, 20.5822, -1.11738], "size": [0.25, 0.75, 0.25], "uv": [52, 22], "mirror": true}
				]
			},
			{
				"name": "bone289",
				"parent": "ribbon5",
				"pivot": [4.775, 21.66825, -1.42529],
				"rotation": [35, 0, 0],
				"cubes": [
					{"origin": [4.68263, 21.08779, -1.28312], "size": [0.25, 1.75, 0.25], "uv": [52, 22], "mirror": true}
				]
			},
			{
				"name": "bone290",
				"parent": "ribbon5",
				"pivot": [4.775, 21.56825, -1.82529],
				"rotation": [12.5, 0, 0],
				"cubes": [
					{"origin": [4.68263, 21.02674, -1.77164], "size": [0.25, 1.75, 0.25], "uv": [52, 22], "mirror": true}
				]
			},
			{
				"name": "bone291",
				"parent": "ribbon5",
				"pivot": [4.775, 21.56825, -2.17471],
				"rotation": [-12.5, 0, 0],
				"cubes": [
					{"origin": [4.68263, 21.02674, -2.47836], "size": [0.25, 1.75, 0.25], "uv": [52, 22], "mirror": true}
				]
			},
			{
				"name": "bone292",
				"parent": "ribbon5",
				"pivot": [4.775, 20.31825, -2.07471],
				"rotation": [-10, 0, 0],
				"cubes": [
					{"origin": [4.55211, 18.77657, -2.45914], "size": [0.15, 4, 0.25], "uv": [52, 22], "mirror": true}
				]
			},
			{
				"name": "bone293",
				"parent": "ribbon5",
				"pivot": [4.775, 20.31825, -1.92529],
				"rotation": [10, 0, 0],
				"cubes": [
					{"origin": [4.55211, 18.77657, -1.79086], "size": [0.15, 4, 0.25], "uv": [52, 22], "mirror": true}
				]
			},
			{
				"name": "lhair",
				"parent": "head",
				"pivot": [0, 18, 0]
			},
			{
				"name": "bone294",
				"parent": "lhair",
				"pivot": [0, 18, 0]
			},
			{
				"name": "bone295",
				"parent": "bone294",
				"pivot": [-4, 16, 4.499],
				"rotation": [12.5, 0, 0],
				"cubes": [
					{"origin": [-4.5, 14.46423, 4.82464], "size": [1, 3, 0], "uv": [50, 48]}
				]
			},
			{
				"name": "bone296",
				"parent": "bone294",
				"pivot": [-4, 13.22836, 4.46606],
				"rotation": [2.5, 0, 0],
				"cubes": [
					{"origin": [-4.5, 11.5402, 5.20722], "size": [1, 3, 0], "uv": [50, 51]}
				]
			},
			{
				"name": "bone297",
				"parent": "lhair",
				"pivot": [8, 18, 0]
			},
			{
				"name": "bone298",
				"parent": "bone297",
				"pivot": [4, 16, 4.499],
				"rotation": [12.5, 0, 0],
				"cubes": [
					{"origin": [3.5, 14.46423, 4.82364], "size": [1, 3, 0], "uv": [36, 48], "mirror": true}
				]
			},
			{
				"name": "bone299",
				"parent": "bone297",
				"pivot": [4, 13.22836, 4.46606],
				"rotation": [2.5, 0, 0],
				"cubes": [
					{"origin": [3.5, 11.54003, 5.20624], "size": [1, 3, 0], "uv": [36, 52]}
				]
			},
			{
				"name": "bone300",
				"parent": "lhair",
				"pivot": [8, 18, 0]
			},
			{
				"name": "bone301",
				"parent": "bone300",
				"pivot": [4, 15.98704, -4.69578],
				"rotation": [-7.5, 0, 0],
				"cubes": [
					{"origin": [3.5, 15.51261, -4.70016], "size": [1, 2, 0], "uv": [35, 58], "mirror": true}
				]
			},
			{
				"name": "bone302",
				"parent": "bone300",
				"pivot": [4, 13.00596, -4.94776],
				"rotation": [-2.5, 0, 0],
				"cubes": [
					{"origin": [3.5, 12.52286, -4.87077], "size": [1, 3, 0], "uv": [35, 60]}
				]
			},
			{
				"name": "bone315",
				"parent": "lhair",
				"pivot": [-8, 18, 0]
			},
			{
				"name": "bone316",
				"parent": "bone315",
				"pivot": [-4, 15.98704, -4.69578],
				"rotation": [-7.5, 0, 0],
				"cubes": [
					{"origin": [-4.5, 15.51261, -4.70016], "size": [1, 2, 0], "uv": [33, 58]}
				]
			},
			{
				"name": "bone317",
				"parent": "bone315",
				"pivot": [-4, 13.00596, -4.94776],
				"rotation": [-2.5, 0, 0],
				"cubes": [
					{"origin": [-4.5, 12.52286, -4.87077], "size": [1, 3, 0], "uv": [33, 60], "mirror": true}
				]
			},
			{
				"name": "bone318",
				"parent": "lhair",
				"pivot": [-8, 18, 0],
				"rotation": [0, -90, 0]
			},
			{
				"name": "bone319",
				"parent": "bone318",
				"pivot": [-4, 15.98704, -4.69578],
				"rotation": [-7.5, 0, 0],
				"cubes": [
					{"origin": [-12.5, 14.4684, -12.63072], "size": [1, 2, 0], "uv": [37, 58]}
				]
			},
			{
				"name": "bone320",
				"parent": "bone318",
				"pivot": [-4, 13.00596, -4.94776],
				"rotation": [-2.5, 0, 0],
				"cubes": [
					{"origin": [-12.5, 13.17391, -12.86315], "size": [1, 2, 0], "uv": [37, 60], "mirror": true}
				]
			},
			{
				"name": "bone321",
				"parent": "lhair",
				"pivot": [-8, 18, 0],
				"rotation": [0, 90, 0]
			},
			{
				"name": "bone322",
				"parent": "bone321",
				"pivot": [-4, 15.98704, -4.69578],
				"rotation": [-7.5, 0, 0],
				"cubes": [
					{"origin": [-4.5, 16.55682, 3.2324], "size": [1, 2, 0], "uv": [37, 58]}
				]
			},
			{
				"name": "bone323",
				"parent": "bone321",
				"pivot": [-4, 13.00596, -4.94776],
				"rotation": [-2.5, 0, 0],
				"cubes": [
					{"origin": [-4.5, 13.87182, 3.12162], "size": [1, 2, 0], "uv": [37, 60], "mirror": true}
				]
			},
			{
				"name": "bone327",
				"parent": "lhair",
				"pivot": [4.08, 17.75, 3.46],
				"rotation": [20, 65, 0]
			},
			{
				"name": "bone328",
				"parent": "bone327",
				"pivot": [3.58, 16.25, 11.459],
				"rotation": [7.5, 0, 0],
				"cubes": [
					{"origin": [3.17369, 15.5861, 4.09809], "size": [1, 3, 0], "uv": [50, 48], "mirror": true}
				]
			},
			{
				"name": "bone329",
				"parent": "bone327",
				"pivot": [3.58, 13.47836, 11.42606],
				"rotation": [2.5, 0, 0],
				"cubes": [
					{"origin": [3.17369, 11.9431, 4.30482], "size": [1, 3, 0], "uv": [50, 51]}
				]
			},
			{
				"name": "bone330",
				"parent": "lhair",
				"pivot": [7, 18, 0]
			},
			{
				"name": "bone331",
				"parent": "bone330",
				"pivot": [3, 16, 4.499],
				"rotation": [15, 0, 0],
				"cubes": [
					{"origin": [2.5, 15.44863, 4.88719], "size": [1, 2, 0], "uv": [36, 48], "mirror": true}
				]
			},
			{
				"name": "bone332",
				"parent": "bone330",
				"pivot": [3, 11.49845, 4.43431],
				"rotation": [7.5, 0, 0],
				"cubes": [
					{"origin": [2.5, 10.46005, 5.67371], "size": [1, 2, 0], "uv": [36, 53], "mirror": true}
				]
			},
			{
				"name": "bone333",
				"parent": "bone330",
				"pivot": [3, 13.22836, 4.46606],
				"rotation": [10, 0, 0],
				"cubes": [
					{"origin": [2.5, 12.43682, 5.41456], "size": [1, 3, 0], "uv": [36, 50]}
				]
			},
			{
				"name": "bone334",
				"parent": "lhair",
				"pivot": [6, 18, 0]
			},
			{
				"name": "bone335",
				"parent": "bone334",
				"pivot": [2, 16, 4.499],
				"rotation": [15, 0, 0],
				"cubes": [
					{"origin": [1.5, 14.44854, 4.88819], "size": [1, 3, 0], "uv": [38, 48], "mirror": true}
				]
			},
			{
				"name": "bone336",
				"parent": "bone334",
				"pivot": [2, 11.49845, 4.43431],
				"rotation": [2.5, 0, 0],
				"cubes": [
					{"origin": [1.5, 9.57386, 5.67252], "size": [1, 2, 0], "uv": [38, 54], "mirror": true}
				]
			},
			{
				"name": "bone337",
				"parent": "bone334",
				"pivot": [2, 13.22836, 4.46606],
				"rotation": [7.5, 0, 0],
				"cubes": [
					{"origin": [1.5, 11.4846, 5.44885], "size": [1, 3, 0], "uv": [38, 51]}
				]
			},
			{
				"name": "bone338",
				"parent": "lhair",
				"pivot": [2, 18, 0]
			},
			{
				"name": "bone339",
				"parent": "bone338",
				"pivot": [-2, 16, 4.499],
				"rotation": [15, 0, 0],
				"cubes": [
					{"origin": [-2.5, 14.44854, 4.88819], "size": [1, 3, 0], "uv": [46, 48], "mirror": true}
				]
			},
			{
				"name": "bone340",
				"parent": "bone338",
				"pivot": [-2, 11.49845, 4.43431],
				"rotation": [2.5, 0, 0],
				"cubes": [
					{"origin": [-2.5, 9.57386, 5.67252], "size": [1, 2, 0], "uv": [46, 54], "mirror": true}
				]
			},
			{
				"name": "bone341",
				"parent": "bone338",
				"pivot": [-2, 13.22836, 4.46606],
				"rotation": [7.5, 0, 0],
				"cubes": [
					{"origin": [-2.5, 11.4846, 5.44885], "size": [1, 3, 0], "uv": [46, 51]}
				]
			},
			{
				"name": "bone342",
				"parent": "lhair",
				"pivot": [1, 17, 4],
				"rotation": [2.5, 0, 0]
			},
			{
				"name": "bone343",
				"parent": "bone342",
				"pivot": [1, 16, 4.499],
				"rotation": [15, 0, 0],
				"cubes": [
					{"origin": [0.5, 14.42145, 4.90302], "size": [1, 3, 0], "uv": [40, 48], "mirror": true}
				]
			},
			{
				"name": "bone344",
				"parent": "bone342",
				"pivot": [1, 11.49845, 4.43431],
				"rotation": [2.5, 0, 0],
				"cubes": [
					{"origin": [0.5, 9.55063, 5.69286], "size": [1, 2, 0], "uv": [40, 54], "mirror": true}
				]
			},
			{
				"name": "bone345",
				"parent": "bone342",
				"pivot": [1, 13.22836, 4.46606],
				"rotation": [7.5, 0, 0],
				"cubes": [
					{"origin": [0.5, 11.45968, 5.4671], "size": [1, 3, 0], "uv": [40, 51]}
				]
			},
			{
				"name": "bone346",
				"parent": "lhair",
				"pivot": [0, 17, 4],
				"rotation": [5, 0, 0]
			},
			{
				"name": "bone347",
				"parent": "bone346",
				"pivot": [0, 16, 4.499],
				"rotation": [15, 0, 0],
				"cubes": [
					{"origin": [-0.5, 14.39374, 4.91666], "size": [1, 3, 0], "uv": [42, 48], "mirror": true}
				]
			},
			{
				"name": "bone348",
				"parent": "bone346",
				"pivot": [0, 11.49845, 4.43431],
				"rotation": [2.5, 0, 0],
				"cubes": [
					{"origin": [-0.5, 9.52652, 5.71218], "size": [1, 2, 0], "uv": [42, 54], "mirror": true}
				]
			},
			{
				"name": "bone349",
				"parent": "bone346",
				"pivot": [0, 13.22836, 4.46606],
				"rotation": [7.5, 0, 0],
				"cubes": [
					{"origin": [-0.5, 11.43399, 5.48424], "size": [1, 3, 0], "uv": [42, 51]}
				]
			},
			{
				"name": "bone350",
				"parent": "lhair",
				"pivot": [-1, 17, 4],
				"rotation": [2.5, 0, 0]
			},
			{
				"name": "bone351",
				"parent": "bone350",
				"pivot": [-1, 16, 4.499],
				"rotation": [15, 0, 0],
				"cubes": [
					{"origin": [-1.5, 14.42145, 4.90302], "size": [1, 3, 0], "uv": [44, 48], "mirror": true}
				]
			},
			{
				"name": "bone352",
				"parent": "bone350",
				"pivot": [-1, 11.49845, 4.43431],
				"rotation": [2.5, 0, 0],
				"cubes": [
					{"origin": [-1.5, 9.55063, 5.69286], "size": [1, 2, 0], "uv": [44, 54], "mirror": true}
				]
			},
			{
				"name": "bone353",
				"parent": "bone350",
				"pivot": [-1, 13.22836, 4.46606],
				"rotation": [7.5, 0, 0],
				"cubes": [
					{"origin": [-1.5, 11.45968, 5.4671], "size": [1, 3, 0], "uv": [44, 51]}
				]
			},
			{
				"name": "bone354",
				"parent": "lhair",
				"pivot": [1, 18, 0]
			},
			{
				"name": "bone355",
				"parent": "bone354",
				"pivot": [-3, 16, 4.499],
				"rotation": [15, 0, 0],
				"cubes": [
					{"origin": [-3.5, 15.44863, 4.88719], "size": [1, 2, 0], "uv": [48, 48], "mirror": true}
				]
			},
			{
				"name": "bone356",
				"parent": "bone354",
				"pivot": [-3, 11.49845, 4.43431],
				"rotation": [7.5, 0, 0],
				"cubes": [
					{"origin": [-3.5, 10.46005, 5.67371], "size": [1, 2, 0], "uv": [48, 53], "mirror": true}
				]
			},
			{
				"name": "bone357",
				"parent": "bone354",
				"pivot": [-3, 13.22836, 4.46606],
				"rotation": [10, 0, 0],
				"cubes": [
					{"origin": [-3.5, 12.43682, 5.41456], "size": [1, 3, 0], "uv": [48, 50]}
				]
			},
			{
				"name": "bone214",
				"parent": "lhair",
				"pivot": [-4.08, 17.75, 3.46],
				"rotation": [20, -65, 0]
			},
			{
				"name": "bone215",
				"parent": "bone214",
				"pivot": [-3.58, 16.25, 11.459],
				"rotation": [7.5, 0, 0],
				"cubes": [
					{"origin": [-4.17369, 15.5861, 4.09809], "size": [1, 3, 0], "uv": [50, 48]}
				]
			},
			{
				"name": "bone216",
				"parent": "bone214",
				"pivot": [-3.58, 13.47836, 11.42606],
				"rotation": [2.5, 0, 0],
				"cubes": [
					{"origin": [-4.17369, 11.9431, 4.30482], "size": [1, 3, 0], "uv": [50, 51], "mirror": true}
				]
			},
			{
				"name": "bone358",
				"parent": "head",
				"pivot": [0, 18, -0.5]
			},
			{
				"name": "bone359",
				"parent": "bone358",
				"pivot": [-3.5, 27, -2],
				"rotation": [-52.5, 0, 0],
				"cubes": [
					{"origin": [-2, 25.83432, -2.30758], "size": [1, 2, 1], "uv": [0, 47]}
				]
			},
			{
				"name": "bone360",
				"parent": "bone358",
				"pivot": [-6.5, 27, -2],
				"rotation": [-52.5, 0, 0],
				"cubes": [
					{"origin": [-5, 25.83432, -2.30758], "size": [1, 2, 1], "uv": [0, 47]}
				]
			},
			{
				"name": "bone361",
				"parent": "bone358",
				"pivot": [4.5, 27, -2],
				"rotation": [-52.5, 0, 0],
				"cubes": [
					{"origin": [1, 25.83432, -2.30758], "size": [1, 2, 1], "uv": [0, 47]}
				]
			},
			{
				"name": "bone362",
				"parent": "bone358",
				"pivot": [7.5, 27, -2],
				"rotation": [-52.5, 0, 0],
				"cubes": [
					{"origin": [4, 25.83432, -2.30758], "size": [1, 2, 1], "uv": [0, 47]}
				]
			},
			{
				"name": "bone363",
				"parent": "bone358",
				"pivot": [7.5, 23, -2],
				"rotation": [-52.5, 0, 90],
				"cubes": [
					{"origin": [4.0156, 20.24081, -0.32741], "size": [1, 2, 1], "uv": [0, 47]}
				]
			},
			{
				"name": "bone364",
				"parent": "bone358",
				"pivot": [-7.5, 23, -2],
				"rotation": [-52.5, 0, -90],
				"cubes": [
					{"origin": [-4.9656, 20.27125, -0.36707], "size": [1, 2, 1], "uv": [0, 47]}
				]
			},
			{
				"name": "bone365",
				"parent": "bone358",
				"pivot": [7.5, 20, -2],
				"rotation": [-52.5, 0, 90],
				"cubes": [
					{"origin": [4.0156, 17.24081, -0.32741], "size": [1, 2, 1], "uv": [0, 47]}
				]
			},
			{
				"name": "bone366",
				"parent": "bone358",
				"pivot": [-7.5, 20, -2],
				"rotation": [-52.5, 0, -90],
				"cubes": [
					{"origin": [-4.8656, 17.27125, -0.36707], "size": [1, 2, 1], "uv": [0, 47]}
				]
			},
			{
				"name": "bone367",
				"parent": "bone358",
				"pivot": [2.5, 27, -2],
				"rotation": [-25, 0, 0],
				"cubes": [
					{"origin": [2, 26.06677, -2.7851], "size": [2, 2, 1], "uv": [0, 44]}
				]
			},
			{
				"name": "bone368",
				"parent": "bone358",
				"pivot": [9.5, 27, -2],
				"rotation": [-27.5, 0, 90],
				"cubes": [
					{"origin": [11.0156, 22.01843, -0.7267], "size": [2, 2, 1], "uv": [0, 44]}
				]
			},
			{
				"name": "bone369",
				"parent": "bone358",
				"pivot": [-9.5, 27, -2],
				"rotation": [-27.5, 0, -90],
				"cubes": [
					{"origin": [-12.8656, 22.06278, -0.74979], "size": [2, 2, 1], "uv": [0, 44]}
				]
			},
			{
				"name": "bone370",
				"parent": "bone358",
				"pivot": [-0.5, 27, -2],
				"rotation": [-25, 0, 0],
				"cubes": [
					{"origin": [-1, 26.06677, -2.7851], "size": [2, 2, 1], "uv": [0, 44]}
				]
			},
			{
				"name": "bone371",
				"parent": "bone358",
				"pivot": [-3.5, 27, -2],
				"rotation": [-25, 0, 0],
				"cubes": [
					{"origin": [-4, 26.06677, -2.7851], "size": [2, 2, 1], "uv": [0, 44]}
				]
			},
			{
				"name": "bone372",
				"parent": "head",
				"pivot": [0, 18, 0.5]
			},
			{
				"name": "bone373",
				"parent": "bone372",
				"pivot": [-2.9, 26, -0.5],
				"rotation": [7.5, 17.5, 0]
			},
			{
				"name": "bone374",
				"parent": "bone373",
				"pivot": [0.6, 17, -1],
				"cubes": [
					{"origin": [-3.4, 26, -1], "size": [1, 3, 1], "uv": [66, 4]}
				]
			},
			{
				"name": "bone375",
				"parent": "bone373",
				"pivot": [0.6, 19.75, -1],
				"cubes": [
					{"origin": [-3.4, 28.75, -1.001], "size": [1, 1, 1], "uv": [6, 36]}
				]
			},
			{
				"name": "bone376",
				"parent": "bone373",
				"pivot": [1.6, 17, -1],
				"cubes": [
					{"origin": [-2.4, 26, -1], "size": [1, 2, 1], "uv": [10, 36]}
				]
			},
			{
				"name": "bone377",
				"parent": "bone373",
				"pivot": [-1.9, 29, -0.5],
				"rotation": [0, 0, -30],
				"cubes": [
					{"origin": [-2.96699, 27.88397, -1.002], "size": [1, 2, 1], "uv": [6, 38]}
				]
			},
			{
				"name": "bone378",
				"parent": "bone373",
				"pivot": [-0.4, 17, -1],
				"cubes": [
					{"origin": [-4.4, 26, -1], "size": [1, 2, 1], "uv": [10, 36]}
				]
			},
			{
				"name": "bone379",
				"parent": "bone373",
				"pivot": [-3.9, 29, -0.5],
				"rotation": [0, 0, 30],
				"cubes": [
					{"origin": [-3.83301, 27.88397, -1.001], "size": [1, 2, 1], "uv": [6, 38]}
				]
			},
			{
				"name": "bone380",
				"parent": "bone372",
				"pivot": [2.9, 26, -0.5],
				"rotation": [7.5, -17.5, 0]
			},
			{
				"name": "bone381",
				"parent": "bone380",
				"pivot": [-0.6, 17, -1],
				"cubes": [
					{"origin": [2.4, 26, -1], "size": [1, 3, 1], "uv": [66, 4], "mirror": true}
				]
			},
			{
				"name": "bone382",
				"parent": "bone380",
				"pivot": [-0.6, 19.75, -1],
				"cubes": [
					{"origin": [2.4, 28.75, -1.001], "size": [1, 1, 1], "uv": [6, 36], "mirror": true}
				]
			},
			{
				"name": "bone383",
				"parent": "bone380",
				"pivot": [-1.6, 17, -1],
				"cubes": [
					{"origin": [1.4, 26, -1], "size": [1, 2, 1], "uv": [10, 36], "mirror": true}
				]
			},
			{
				"name": "bone384",
				"parent": "bone380",
				"pivot": [1.9, 29, -0.5],
				"rotation": [0, 0, 30],
				"cubes": [
					{"origin": [1.96699, 27.88397, -1.002], "size": [1, 2, 1], "uv": [6, 38], "mirror": true}
				]
			},
			{
				"name": "bone385",
				"parent": "bone380",
				"pivot": [0.4, 17, -1],
				"cubes": [
					{"origin": [3.4, 26, -1], "size": [1, 2, 1], "uv": [10, 36], "mirror": true}
				]
			},
			{
				"name": "bone386",
				"parent": "bone380",
				"pivot": [3.9, 29, -0.5],
				"rotation": [0, 0, -30],
				"cubes": [
					{"origin": [2.83301, 27.88397, -1.001], "size": [1, 2, 1], "uv": [6, 38], "mirror": true}
				]
			},
			{
				"name": "armRight",
				"pivot": [-3, 17.5, 0],
				"rotation": [0, 0, 25],
				"cubes": [
					{"origin": [-4.50458, 8.62068, -1], "size": [2, 9, 2], "uv": [33, 0]},
					{"origin": [-4.49542, 12.62068, -1], "size": [2, 4, 2], "uv": [41, 0], "inflate": 0.4}
				]
			},
			{
				"name": "bone159",
				"parent": "armRight",
				"pivot": [-3.51415, 9.61296, 0]
			},
			{
				"name": "bone160",
				"parent": "bone159",
				"pivot": [-3.51415, 9.61296, 0]
			},
			{
				"name": "bone161",
				"parent": "bone160",
				"pivot": [-3.51415, 9.61296, 1.97906],
				"rotation": [12, 0, 0],
				"cubes": [
					{"origin": [-4.51415, 9.4094, 1.97906], "size": [2, 3, 0], "uv": [35, 12]}
				]
			},
			{
				"name": "bone162",
				"parent": "bone161",
				"pivot": [-4.51415, 9.4094, 1.97906],
				"rotation": [0, 0, 11.74513],
				"cubes": [
					{"origin": [-5.51415, 9.4094, 1.97806], "size": [1, 3, 0], "uv": [33, 12]},
					{"origin": [-5.41415, 11.9094, 1.97806], "size": [1, 0.2, 0.1], "uv": [34, 17]}
				]
			},
			{
				"name": "bone163",
				"parent": "bone161",
				"pivot": [-2.51415, 9.4094, 1.97906],
				"rotation": [0, 0, -11.74513],
				"cubes": [
					{"origin": [-2.51415, 9.4094, 1.98006], "size": [1, 3, 0], "uv": [39, 12]},
					{"origin": [-2.61415, 11.9094, 1.98006], "size": [1, 0.2, 0.1], "uv": [34, 17]}
				]
			},
			{
				"name": "bone164",
				"parent": "bone159",
				"pivot": [-3.51415, 9.61296, 0],
				"rotation": [0, -90, 0]
			},
			{
				"name": "bone165",
				"parent": "bone164",
				"pivot": [-3.51415, 9.61296, 1.97906],
				"rotation": [12, 0, 0],
				"cubes": [
					{"origin": [-4.51415, 9.4094, 1.97906], "size": [2, 3, 0], "uv": [35, 12]}
				]
			},
			{
				"name": "bone166",
				"parent": "bone165",
				"pivot": [-4.51415, 9.4094, 1.97906],
				"rotation": [0, 0, 11.74513],
				"cubes": [
					{"origin": [-5.51415, 9.4094, 1.97806], "size": [1, 3, 0], "uv": [33, 12]},
					{"origin": [-5.36415, 11.9094, 1.97806], "size": [1, 0.2, 0.1], "uv": [34, 17]}
				]
			},
			{
				"name": "bone167",
				"parent": "bone165",
				"pivot": [-2.51415, 9.4094, 1.97906],
				"rotation": [0, 0, -11.74513],
				"cubes": [
					{"origin": [-2.51415, 9.4094, 1.98006], "size": [1, 3, 0], "uv": [39, 12]},
					{"origin": [-2.66415, 11.9094, 1.98006], "size": [1, 0.2, 0.1], "uv": [34, 17]}
				]
			},
			{
				"name": "bone168",
				"parent": "bone159",
				"pivot": [-3.51415, 9.61296, 0],
				"rotation": [0, -180, 0]
			},
			{
				"name": "bone169",
				"parent": "bone168",
				"pivot": [-3.51415, 9.61296, 1.97906],
				"rotation": [12, 0, 0]
			},
			{
				"name": "bone170",
				"parent": "bone169",
				"pivot": [-4.51415, 9.4094, 1.97906],
				"rotation": [0, 0, 11.74513],
				"cubes": [
					{"origin": [-5.41415, 11.9094, 1.97806], "size": [1, 0.2, 0.1], "uv": [34, 17]}
				]
			},
			{
				"name": "bone171",
				"parent": "bone169",
				"pivot": [-2.51415, 9.4094, 1.97906],
				"rotation": [0, 0, -11.74513],
				"cubes": [
					{"origin": [-2.66415, 11.9094, 1.98006], "size": [1, 0.2, 0.1], "uv": [34, 17]}
				]
			},
			{
				"name": "bone175",
				"parent": "bone159",
				"pivot": [-3.51415, 9.61296, 0],
				"rotation": [0, -180, 0]
			},
			{
				"name": "bone179",
				"parent": "bone175",
				"pivot": [-3.51415, 9.61296, 1.97906],
				"rotation": [12, 0, 0],
				"cubes": [
					{"origin": [-4.51415, 9.4094, 1.97906], "size": [2, 3, 0], "uv": [35, 12]}
				]
			},
			{
				"name": "bone180",
				"parent": "bone179",
				"pivot": [-4.51415, 9.4094, 1.97906],
				"rotation": [0, 0, 11.74513],
				"cubes": [
					{"origin": [-5.51415, 9.4094, 1.97806], "size": [1, 3, 0], "uv": [33, 12]}
				]
			},
			{
				"name": "bone181",
				"parent": "bone179",
				"pivot": [-2.51415, 9.4094, 1.97906],
				"rotation": [0, 0, -11.74513],
				"cubes": [
					{"origin": [-2.51415, 9.4094, 1.98006], "size": [1, 3, 0], "uv": [39, 12]}
				]
			},
			{
				"name": "bone182",
				"parent": "bone159",
				"pivot": [-3.51415, 9.61296, 0],
				"rotation": [0, -270, 0]
			},
			{
				"name": "bone183",
				"parent": "bone182",
				"pivot": [-3.51415, 9.61296, 1.97906],
				"rotation": [12, 0, 0],
				"cubes": [
					{"origin": [-4.51415, 9.4094, 1.97906], "size": [2, 3, 0], "uv": [35, 12]}
				]
			},
			{
				"name": "bone184",
				"parent": "bone183",
				"pivot": [-4.51415, 9.4094, 1.97906],
				"rotation": [0, 0, 11.74513],
				"cubes": [
					{"origin": [-5.51415, 9.4094, 1.97806], "size": [1, 3, 0], "uv": [33, 12]},
					{"origin": [-5.31415, 11.9094, 1.97806], "size": [1, 0.2, 0.1], "uv": [34, 17]}
				]
			},
			{
				"name": "bone185",
				"parent": "bone183",
				"pivot": [-2.51415, 9.4094, 1.97906],
				"rotation": [0, 0, -11.74513],
				"cubes": [
					{"origin": [-2.51415, 9.4094, 1.98006], "size": [1, 3, 0], "uv": [39, 12]},
					{"origin": [-2.71415, 11.9094, 1.98006], "size": [1, 0.2, 0.1], "uv": [34, 17]}
				]
			},
			{
				"name": "bone186",
				"parent": "armRight",
				"pivot": [-3.51415, 9.21296, 0]
			},
			{
				"name": "bone187",
				"parent": "bone186",
				"pivot": [-3.51415, 9.21296, 0]
			},
			{
				"name": "bone188",
				"parent": "bone187",
				"pivot": [-3.51415, 9.21296, 1.97906],
				"rotation": [12, 0, 0],
				"cubes": [
					{"origin": [-4.51415, 9.0094, 1.97906], "size": [2, 2, 0], "uv": [35, 19]}
				]
			},
			{
				"name": "bone189",
				"parent": "bone188",
				"pivot": [-4.51415, 9.0094, 1.97906],
				"rotation": [0, 0, 11.74513],
				"cubes": [
					{"origin": [-5.51415, 9.0094, 1.97806], "size": [1, 2, 0], "uv": [33, 19]}
				]
			},
			{
				"name": "bone190",
				"parent": "bone188",
				"pivot": [-2.51415, 9.0094, 1.97906],
				"rotation": [0, 0, -11.74513],
				"cubes": [
					{"origin": [-2.51415, 9.0094, 1.98006], "size": [1, 2, 0], "uv": [39, 19]}
				]
			},
			{
				"name": "bone191",
				"parent": "bone186",
				"pivot": [-3.51415, 9.21296, 0],
				"rotation": [0, -90, 0]
			},
			{
				"name": "bone192",
				"parent": "bone191",
				"pivot": [-3.51415, 9.21296, 1.97906],
				"rotation": [12, 0, 0],
				"cubes": [
					{"origin": [-4.51415, 9.0094, 1.97906], "size": [2, 2, 0], "uv": [35, 19]}
				]
			},
			{
				"name": "bone193",
				"parent": "bone192",
				"pivot": [-4.51415, 9.0094, 1.97906],
				"rotation": [0, 0, 11.74513],
				"cubes": [
					{"origin": [-5.51415, 9.0094, 1.97806], "size": [1, 2, 0], "uv": [33, 19]}
				]
			},
			{
				"name": "bone194",
				"parent": "bone192",
				"pivot": [-2.51415, 9.0094, 1.97906],
				"rotation": [0, 0, -11.74513],
				"cubes": [
					{"origin": [-2.51415, 9.0094, 1.98006], "size": [1, 2, 0], "uv": [39, 19]}
				]
			},
			{
				"name": "bone202",
				"parent": "bone186",
				"pivot": [-3.51415, 9.21296, 0],
				"rotation": [0, -180, 0]
			},
			{
				"name": "bone206",
				"parent": "bone202",
				"pivot": [-3.51415, 9.21296, 1.97906],
				"rotation": [12, 0, 0],
				"cubes": [
					{"origin": [-4.51415, 9.0094, 1.97906], "size": [2, 2, 0], "uv": [35, 19]}
				]
			},
			{
				"name": "bone207",
				"parent": "bone206",
				"pivot": [-4.51415, 9.0094, 1.97906],
				"rotation": [0, 0, 11.74513],
				"cubes": [
					{"origin": [-5.51415, 9.0094, 1.97806], "size": [1, 2, 0], "uv": [33, 19]}
				]
			},
			{
				"name": "bone208",
				"parent": "bone206",
				"pivot": [-2.51415, 9.0094, 1.97906],
				"rotation": [0, 0, -11.74513],
				"cubes": [
					{"origin": [-2.51415, 9.0094, 1.98006], "size": [1, 2, 0], "uv": [39, 19]}
				]
			},
			{
				"name": "bone209",
				"parent": "bone186",
				"pivot": [-3.51415, 9.21296, 0],
				"rotation": [0, -270, 0]
			},
			{
				"name": "bone210",
				"parent": "bone209",
				"pivot": [-3.51415, 9.21296, 1.97906],
				"rotation": [12, 0, 0],
				"cubes": [
					{"origin": [-4.51415, 9.0094, 1.97906], "size": [2, 2, 0], "uv": [35, 19]}
				]
			},
			{
				"name": "bone211",
				"parent": "bone210",
				"pivot": [-4.51415, 9.0094, 1.97906],
				"rotation": [0, 0, 11.74513],
				"cubes": [
					{"origin": [-5.51415, 9.0094, 1.97806], "size": [1, 2, 0], "uv": [33, 19]}
				]
			},
			{
				"name": "bone212",
				"parent": "bone210",
				"pivot": [-2.51415, 9.0094, 1.97906],
				"rotation": [0, 0, -11.74513],
				"cubes": [
					{"origin": [-2.51415, 9.0094, 1.98006], "size": [1, 2, 0], "uv": [39, 19]}
				]
			},
			{
				"name": "ribbon3",
				"parent": "armRight",
				"pivot": [-5, 11.5, 0],
				"rotation": [0, 0, 20]
			},
			{
				"name": "bone261",
				"parent": "ribbon3",
				"pivot": [-12.51774, 24.91082, -0.25],
				"cubes": [
					{"origin": [-5.29796, 11.56021, -0.25], "size": [0.5, 0.5, 0.5], "uv": [35, 25]}
				]
			},
			{
				"name": "bone262",
				"parent": "ribbon3",
				"pivot": [-17.39274, 25.32906, -0.47471],
				"rotation": [-35, 0, 0],
				"cubes": [
					{"origin": [-5.29796, 12.72117, 7.40615], "size": [0.25, 1.75, 0.25], "uv": [35, 25]}
				]
			},
			{
				"name": "bone263",
				"parent": "ribbon3",
				"pivot": [-17.39274, 24.4467, -0.75662],
				"rotation": [-110, 0, 0],
				"cubes": [
					{"origin": [-5.29796, 28.90048, 12.35052], "size": [0.25, 0.75, 0.25], "uv": [35, 25]}
				]
			},
			{
				"name": "bone264",
				"parent": "ribbon3",
				"pivot": [-17.39274, 24.4467, 0.75662],
				"rotation": [110, 0, 0],
				"cubes": [
					{"origin": [-5.29796, 28.90048, -12.60052], "size": [0.25, 0.75, 0.25], "uv": [35, 25]}
				]
			},
			{
				"name": "bone265",
				"parent": "ribbon3",
				"pivot": [-17.39274, 25.07906, 0.57471],
				"rotation": [35, 0, 0],
				"cubes": [
					{"origin": [-5.29796, 12.74503, -7.51306], "size": [0.25, 1.75, 0.25], "uv": [35, 25]}
				]
			},
			{
				"name": "bone266",
				"parent": "ribbon3",
				"pivot": [-17.39274, 24.97906, 0.17471],
				"rotation": [12.5, 0, 0],
				"cubes": [
					{"origin": [-5.29796, 10.42921, -2.87722], "size": [0.25, 1.75, 0.25], "uv": [35, 25]}
				]
			},
			{
				"name": "bone267",
				"parent": "ribbon3",
				"pivot": [-17.39274, 24.97906, -0.17471],
				"rotation": [-12.5, 0, 0],
				"cubes": [
					{"origin": [-5.29796, 10.42921, 2.62722], "size": [0.25, 1.75, 0.25], "uv": [35, 25]}
				]
			},
			{
				"name": "bone268",
				"parent": "ribbon3",
				"pivot": [-17.39274, 23.72906, -0.17471],
				"rotation": [-10, 0, 0],
				"cubes": [
					{"origin": [-5.08743, 9.06562, 2.03206], "size": [0.15, 3, 0.25], "uv": [35, 25]}
				]
			},
			{
				"name": "bone269",
				"parent": "ribbon3",
				"pivot": [-17.39274, 23.72906, 0.17471],
				"rotation": [10, 0, 0],
				"cubes": [
					{"origin": [-5.08743, 9.06562, -2.28206], "size": [0.15, 3, 0.25], "uv": [35, 25]}
				]
			},
			{
				"name": "armLeft",
				"pivot": [3, 17.5, 0],
				"rotation": [0, 0, -25],
				"cubes": [
					{"origin": [2.50458, 8.62068, -1], "size": [2, 9, 2], "uv": [33, 0], "mirror": true},
					{"origin": [2.50458, 12.62068, -1], "size": [2, 4, 2], "uv": [41, 0], "inflate": 0.4, "mirror": true}
				]
			},
			{
				"name": "bone132",
				"parent": "armLeft",
				"pivot": [3.48585, 9.21296, 0]
			},
			{
				"name": "bone133",
				"parent": "bone132",
				"pivot": [3.48585, 9.21296, 0]
			},
			{
				"name": "bone134",
				"parent": "bone133",
				"pivot": [3.48585, 9.21296, 1.97906],
				"rotation": [12, 0, 0],
				"cubes": [
					{"origin": [2.48585, 9.0094, 1.97906], "size": [2, 2, 0], "uv": [35, 19], "mirror": true}
				]
			},
			{
				"name": "bone135",
				"parent": "bone134",
				"pivot": [2.48585, 9.0094, 1.97906],
				"rotation": [0, 0, 11.74513],
				"cubes": [
					{"origin": [1.48585, 9.0094, 1.97806], "size": [1, 2, 0], "uv": [33, 19], "mirror": true}
				]
			},
			{
				"name": "bone136",
				"parent": "bone134",
				"pivot": [4.48585, 9.0094, 1.97906],
				"rotation": [0, 0, -11.74513],
				"cubes": [
					{"origin": [4.48585, 9.0094, 1.98006], "size": [1, 2, 0], "uv": [33, 19], "mirror": true}
				]
			},
			{
				"name": "bone137",
				"parent": "bone132",
				"pivot": [3.48585, 9.21296, 0],
				"rotation": [0, -90, 0]
			},
			{
				"name": "bone138",
				"parent": "bone137",
				"pivot": [3.48585, 9.21296, 1.97906],
				"rotation": [12, 0, 0],
				"cubes": [
					{"origin": [2.48585, 9.0094, 1.97906], "size": [2, 2, 0], "uv": [35, 19], "mirror": true}
				]
			},
			{
				"name": "bone139",
				"parent": "bone138",
				"pivot": [2.48585, 9.0094, 1.97906],
				"rotation": [0, 0, 11.74513],
				"cubes": [
					{"origin": [1.48585, 9.0094, 1.97806], "size": [1, 2, 0], "uv": [33, 19], "mirror": true}
				]
			},
			{
				"name": "bone140",
				"parent": "bone138",
				"pivot": [4.48585, 9.0094, 1.97906],
				"rotation": [0, 0, -11.74513],
				"cubes": [
					{"origin": [4.48585, 9.0094, 1.98006], "size": [1, 2, 0], "uv": [33, 19], "mirror": true}
				]
			},
			{
				"name": "bone141",
				"parent": "bone132",
				"pivot": [3.48585, 9.21296, 0],
				"rotation": [0, -180, 0]
			},
			{
				"name": "bone142",
				"parent": "bone141",
				"pivot": [3.48585, 9.21296, 1.97906],
				"rotation": [12, 0, 0],
				"cubes": [
					{"origin": [2.48585, 9.0094, 1.97906], "size": [2, 2, 0], "uv": [70, 6]}
				]
			},
			{
				"name": "bone143",
				"parent": "bone142",
				"pivot": [2.48585, 9.0094, 1.97906],
				"rotation": [0, 0, 11.74513],
				"cubes": [
					{"origin": [1.48585, 9.0094, 1.97806], "size": [1, 2, 0], "uv": [33, 19], "mirror": true}
				]
			},
			{
				"name": "bone144",
				"parent": "bone142",
				"pivot": [4.48585, 9.0094, 1.97906],
				"rotation": [0, 0, -11.74513],
				"cubes": [
					{"origin": [4.48585, 9.0094, 1.98006], "size": [1, 2, 0], "uv": [33, 19], "mirror": true}
				]
			},
			{
				"name": "bone145",
				"parent": "bone141",
				"pivot": [3.48585, 9.21296, 1.97906],
				"rotation": [12, 0, 0],
				"cubes": [
					{"origin": [2.48585, 9.0094, 1.97906], "size": [2, 2, 0], "uv": [35, 19], "mirror": true}
				]
			},
			{
				"name": "bone146",
				"parent": "bone145",
				"pivot": [2.48585, 9.0094, 1.97906],
				"rotation": [0, 0, 11.74513],
				"cubes": [
					{"origin": [1.48585, 9.0094, 1.97806], "size": [1, 2, 0], "uv": [54, 27]}
				]
			},
			{
				"name": "bone147",
				"parent": "bone145",
				"pivot": [4.48585, 9.0094, 1.97906],
				"rotation": [0, 0, -11.74513],
				"cubes": [
					{"origin": [4.48585, 9.0094, 1.98006], "size": [1, 2, 0], "uv": [54, 22]}
				]
			},
			{
				"name": "bone148",
				"parent": "bone132",
				"pivot": [3.48585, 9.21296, 0],
				"rotation": [0, -180, 0]
			},
			{
				"name": "bone149",
				"parent": "bone148",
				"pivot": [3.48585, 9.21296, 1.97906],
				"rotation": [12, 0, 0],
				"cubes": [
					{"origin": [2.48585, 9.0094, 1.97906], "size": [2, 2, 0], "uv": [70, 4]}
				]
			},
			{
				"name": "bone150",
				"parent": "bone149",
				"pivot": [2.48585, 9.0094, 1.97906],
				"rotation": [0, 0, 11.74513],
				"cubes": [
					{"origin": [1.48585, 9.0094, 1.97806], "size": [1, 2, 0], "uv": [54, 6]}
				]
			},
			{
				"name": "bone151",
				"parent": "bone149",
				"pivot": [4.48585, 9.0094, 1.97906],
				"rotation": [0, 0, -11.74513],
				"cubes": [
					{"origin": [4.48585, 9.0094, 1.98006], "size": [1, 2, 0], "uv": [50, 11]}
				]
			},
			{
				"name": "bone152",
				"parent": "bone148",
				"pivot": [3.48585, 9.21296, 1.97906],
				"rotation": [12, 0, 0],
				"cubes": [
					{"origin": [2.48585, 9.0094, 1.97906], "size": [2, 2, 0], "uv": [70, 2]}
				]
			},
			{
				"name": "bone153",
				"parent": "bone152",
				"pivot": [2.48585, 9.0094, 1.97906],
				"rotation": [0, 0, 11.74513],
				"cubes": [
					{"origin": [1.48585, 9.0094, 1.97806], "size": [1, 2, 0], "uv": [48, 13]}
				]
			},
			{
				"name": "bone154",
				"parent": "bone152",
				"pivot": [4.48585, 9.0094, 1.97906],
				"rotation": [0, 0, -11.74513],
				"cubes": [
					{"origin": [4.48585, 9.0094, 1.98006], "size": [1, 2, 0], "uv": [46, 41]}
				]
			},
			{
				"name": "bone155",
				"parent": "bone132",
				"pivot": [3.48585, 9.21296, 0],
				"rotation": [0, -270, 0]
			},
			{
				"name": "bone156",
				"parent": "bone155",
				"pivot": [3.48585, 9.21296, 1.97906],
				"rotation": [12, 0, 0],
				"cubes": [
					{"origin": [2.48585, 9.0094, 1.97906], "size": [2, 2, 0], "uv": [35, 19], "mirror": true}
				]
			},
			{
				"name": "bone157",
				"parent": "bone156",
				"pivot": [2.48585, 9.0094, 1.97906],
				"rotation": [0, 0, 11.74513],
				"cubes": [
					{"origin": [1.48585, 9.0094, 1.97806], "size": [1, 2, 0], "uv": [33, 19], "mirror": true}
				]
			},
			{
				"name": "bone158",
				"parent": "bone156",
				"pivot": [4.48585, 9.0094, 1.97906],
				"rotation": [0, 0, -11.74513],
				"cubes": [
					{"origin": [4.48585, 9.0094, 1.98006], "size": [1, 2, 0], "uv": [33, 19], "mirror": true}
				]
			},
			{
				"name": "bone98",
				"parent": "armLeft",
				"pivot": [3.48585, 9.61296, 0]
			},
			{
				"name": "bone99",
				"parent": "bone98",
				"pivot": [3.48585, 9.61296, 0]
			},
			{
				"name": "bone100",
				"parent": "bone99",
				"pivot": [3.48585, 9.61296, 1.97906],
				"rotation": [12, 0, 0],
				"cubes": [
					{"origin": [2.48585, 9.4094, 1.97906], "size": [2, 3, 0], "uv": [35, 12], "mirror": true}
				]
			},
			{
				"name": "bone104",
				"parent": "bone100",
				"pivot": [2.48585, 9.4094, 1.97906],
				"rotation": [0, 0, 11.74513],
				"cubes": [
					{"origin": [1.48585, 9.4094, 1.97806], "size": [1, 3, 0], "uv": [39, 12], "mirror": true},
					{"origin": [1.58585, 11.9094, 1.97806], "size": [1, 0.2, 0.1], "uv": [34, 17]}
				]
			},
			{
				"name": "bone109",
				"parent": "bone100",
				"pivot": [4.48585, 9.4094, 1.97906],
				"rotation": [0, 0, -11.74513],
				"cubes": [
					{"origin": [4.48585, 9.4094, 1.98006], "size": [1, 3, 0], "uv": [33, 12], "mirror": true},
					{"origin": [4.38585, 11.9094, 1.98006], "size": [1, 0.2, 0.1], "uv": [34, 17]}
				]
			},
			{
				"name": "bone110",
				"parent": "bone98",
				"pivot": [3.48585, 9.61296, 0],
				"rotation": [0, -90, 0]
			},
			{
				"name": "bone111",
				"parent": "bone110",
				"pivot": [3.48585, 9.61296, 1.97906],
				"rotation": [12, 0, 0],
				"cubes": [
					{"origin": [2.48585, 9.4094, 1.97906], "size": [2, 3, 0], "uv": [35, 12], "mirror": true}
				]
			},
			{
				"name": "bone112",
				"parent": "bone111",
				"pivot": [2.48585, 9.4094, 1.97906],
				"rotation": [0, 0, 11.74513],
				"cubes": [
					{"origin": [1.48585, 9.4094, 1.97806], "size": [1, 3, 0], "uv": [39, 12], "mirror": true},
					{"origin": [1.63585, 11.9094, 1.97806], "size": [1, 0.2, 0.1], "uv": [34, 17]}
				]
			},
			{
				"name": "bone113",
				"parent": "bone111",
				"pivot": [4.48585, 9.4094, 1.97906],
				"rotation": [0, 0, -11.74513],
				"cubes": [
					{"origin": [4.48585, 9.4094, 1.98006], "size": [1, 3, 0], "uv": [33, 12], "mirror": true},
					{"origin": [4.33585, 11.9094, 1.98006], "size": [1, 0.2, 0.1], "uv": [34, 17]}
				]
			},
			{
				"name": "bone114",
				"parent": "bone98",
				"pivot": [3.48585, 9.61296, 0],
				"rotation": [0, -180, 0]
			},
			{
				"name": "bone115",
				"parent": "bone114",
				"pivot": [3.48585, 9.61296, 1.97906],
				"rotation": [12, 0, 0]
			},
			{
				"name": "bone116",
				"parent": "bone115",
				"pivot": [2.48585, 9.4094, 1.97906],
				"rotation": [0, 0, 11.74513],
				"cubes": [
					{"origin": [1.58585, 11.9094, 1.97806], "size": [1, 0.2, 0.1], "uv": [34, 17]}
				]
			},
			{
				"name": "bone117",
				"parent": "bone115",
				"pivot": [4.48585, 9.4094, 1.97906],
				"rotation": [0, 0, -11.74513],
				"cubes": [
					{"origin": [4.33585, 11.9094, 1.98006], "size": [1, 0.2, 0.1], "uv": [34, 17]}
				]
			},
			{
				"name": "bone118",
				"parent": "bone98",
				"pivot": [3.48585, 9.61296, 0],
				"rotation": [0, -180, 0]
			},
			{
				"name": "bone119",
				"parent": "bone118",
				"pivot": [3.48585, 9.61296, 1.97906],
				"rotation": [12, 0, 0],
				"cubes": [
					{"origin": [2.48585, 9.4094, 1.97906], "size": [2, 3, 0], "uv": [35, 12], "mirror": true}
				]
			},
			{
				"name": "bone120",
				"parent": "bone119",
				"pivot": [2.48585, 9.4094, 1.97906],
				"rotation": [0, 0, 11.74513],
				"cubes": [
					{"origin": [1.48585, 9.4094, 1.97806], "size": [1, 3, 0], "uv": [39, 12], "mirror": true}
				]
			},
			{
				"name": "bone121",
				"parent": "bone119",
				"pivot": [4.48585, 9.4094, 1.97906],
				"rotation": [0, 0, -11.74513],
				"cubes": [
					{"origin": [4.48585, 9.4094, 1.98006], "size": [1, 3, 0], "uv": [33, 12], "mirror": true}
				]
			},
			{
				"name": "bone122",
				"parent": "bone98",
				"pivot": [3.48585, 9.61296, 0],
				"rotation": [0, -270, 0]
			},
			{
				"name": "bone123",
				"parent": "bone122",
				"pivot": [3.48585, 9.61296, 1.97906],
				"rotation": [12, 0, 0],
				"cubes": [
					{"origin": [2.48585, 9.4094, 1.97906], "size": [2, 3, 0], "uv": [35, 12], "mirror": true}
				]
			},
			{
				"name": "bone124",
				"parent": "bone123",
				"pivot": [2.48585, 9.4094, 1.97906],
				"rotation": [0, 0, 11.74513],
				"cubes": [
					{"origin": [1.48585, 9.4094, 1.97806], "size": [1, 3, 0], "uv": [39, 12], "mirror": true},
					{"origin": [1.68585, 11.9094, 1.97806], "size": [1, 0.2, 0.1], "uv": [34, 17]}
				]
			},
			{
				"name": "bone125",
				"parent": "bone123",
				"pivot": [4.48585, 9.4094, 1.97906],
				"rotation": [0, 0, -11.74513],
				"cubes": [
					{"origin": [4.48585, 9.4094, 1.98006], "size": [1, 3, 0], "uv": [33, 12], "mirror": true},
					{"origin": [4.28585, 11.9094, 1.98006], "size": [1, 0.2, 0.1], "uv": [34, 17]}
				]
			},
			{
				"name": "ribbon2",
				"parent": "armLeft",
				"pivot": [5, 11.5, 0],
				"rotation": [0, 180, -20]
			},
			{
				"name": "bone270",
				"parent": "ribbon2",
				"pivot": [-2.51774, 24.91082, -0.25],
				"cubes": [
					{"origin": [4.70204, 11.56021, -0.25], "size": [0.5, 0.5, 0.5], "uv": [35, 25]}
				]
			},
			{
				"name": "bone271",
				"parent": "ribbon2",
				"pivot": [-7.39274, 25.32906, -0.47471],
				"rotation": [-35, 0, 0],
				"cubes": [
					{"origin": [4.70204, 12.72117, 7.40615], "size": [0.25, 1.75, 0.25], "uv": [35, 25]}
				]
			},
			{
				"name": "bone272",
				"parent": "ribbon2",
				"pivot": [-7.39274, 24.4467, -0.75662],
				"rotation": [-110, 0, 0],
				"cubes": [
					{"origin": [4.70204, 28.90048, 12.35052], "size": [0.25, 0.75, 0.25], "uv": [35, 25]}
				]
			},
			{
				"name": "bone273",
				"parent": "ribbon2",
				"pivot": [-7.39274, 24.4467, 0.75662],
				"rotation": [110, 0, 0],
				"cubes": [
					{"origin": [4.70204, 28.90048, -12.60052], "size": [0.25, 0.75, 0.25], "uv": [35, 25]}
				]
			},
			{
				"name": "bone274",
				"parent": "ribbon2",
				"pivot": [-7.39274, 25.07906, 0.57471],
				"rotation": [35, 0, 0],
				"cubes": [
					{"origin": [4.70204, 12.74503, -7.51306], "size": [0.25, 1.75, 0.25], "uv": [35, 25]}
				]
			},
			{
				"name": "bone275",
				"parent": "ribbon2",
				"pivot": [-7.39274, 24.97906, 0.17471],
				"rotation": [12.5, 0, 0],
				"cubes": [
					{"origin": [4.70204, 10.42921, -2.87722], "size": [0.25, 1.75, 0.25], "uv": [35, 25]}
				]
			},
			{
				"name": "bone276",
				"parent": "ribbon2",
				"pivot": [-7.39274, 24.97906, -0.17471],
				"rotation": [-12.5, 0, 0],
				"cubes": [
					{"origin": [4.70204, 10.42921, 2.62722], "size": [0.25, 1.75, 0.25], "uv": [35, 25]}
				]
			},
			{
				"name": "bone277",
				"parent": "ribbon2",
				"pivot": [-7.39274, 23.72906, -0.17471],
				"rotation": [-10, 0, 0],
				"cubes": [
					{"origin": [4.93257, 9.06562, 2.03206], "size": [0.15, 3, 0.25], "uv": [35, 25]}
				]
			},
			{
				"name": "bone278",
				"parent": "ribbon2",
				"pivot": [-7.39274, 23.72906, 0.17471],
				"rotation": [10, 0, 0],
				"cubes": [
					{"origin": [4.93257, 9.06562, -2.28206], "size": [0.15, 3, 0.25], "uv": [35, 25]}
				]
			},
			{
				"name": "body",
				"pivot": [0, 10.5, 0],
				"cubes": [
					{"origin": [-3, 8.999, -3], "size": [6, 9, 6], "uv": [0, 59]},
					{"origin": [-2, 12.999, -3.15], "size": [1, 2, 1], "uv": [18, 62]},
					{"origin": [1, 12.999, -3.15], "size": [1, 2, 1], "uv": [18, 62], "mirror": true}
				]
			},
			{
				"name": "sittingRotationSkirt",
				"parent": "body",
				"pivot": [0, 10.5, 0]
			},
			{
				"name": "bone126",
				"parent": "body",
				"pivot": [0.2, 14.099, -2.65],
				"rotation": [0, 0, -65],
				"cubes": [
					{"origin": [0.2, 13.099, -3.14], "size": [0.25, 2.5, 1], "uv": [0, 60]}
				]
			},
			{
				"name": "bone127",
				"parent": "body",
				"pivot": [-0.2, 14.099, -2.65],
				"rotation": [0, 0, 65],
				"cubes": [
					{"origin": [-0.45, 13.099, -3.15], "size": [0.25, 2.5, 1], "uv": [0, 60], "mirror": true}
				]
			},
			{
				"name": "bone128",
				"parent": "body",
				"pivot": [0, 11.2, -0.1]
			},
			{
				"name": "bone129",
				"parent": "bone128",
				"pivot": [0, 17.45, -3.6],
				"rotation": [0, 0, 45],
				"cubes": [
					{"origin": [-0.5, 16.95, -4.1], "size": [1, 1, 1], "uv": [0, 74]}
				]
			},
			{
				"name": "bone172",
				"parent": "bone128",
				"pivot": [0, 17.3, -3.35]
			},
			{
				"name": "bone131",
				"parent": "bone172",
				"pivot": [-1.19664, 17.32756, -3.35],
				"rotation": [0, 0, -7.5],
				"cubes": [
					{"origin": [-3.33998, 15.99202, -4.53385], "size": [4, 3, 2.5], "uv": [0, 76], "inflate": -1}
				]
			},
			{
				"name": "bone130",
				"parent": "bone172",
				"pivot": [-1, 17.05, -3.35],
				"rotation": [-7.5, 0, -32.5],
				"cubes": [
					{"origin": [-3.19473, 15.60567, -4.60428], "size": [4, 3, 2.5], "uv": [0, 81], "inflate": -1}
				]
			},
			{
				"name": "bone195",
				"parent": "bone128",
				"pivot": [0, 17.3, -3.35]
			},
			{
				"name": "bone196",
				"parent": "bone195",
				"pivot": [1.19664, 17.32756, -3.35],
				"rotation": [0, 0, 7.5],
				"cubes": [
					{"origin": [-0.66002, 15.99202, -4.53385], "size": [4, 3, 2.5], "uv": [0, 76], "inflate": -1, "mirror": true}
				]
			},
			{
				"name": "bone197",
				"parent": "bone195",
				"pivot": [1, 17.05, -3.35],
				"rotation": [-7.5, 0, 32.5],
				"cubes": [
					{"origin": [-0.80527, 15.60567, -4.60428], "size": [4, 3, 2.5], "uv": [0, 81], "inflate": -1, "mirror": true}
				]
			},
			{
				"name": "bone177",
				"parent": "bone128",
				"pivot": [-1, 13.7, -5.75],
				"rotation": [-10, 0, 20],
				"cubes": [
					{"origin": [-2.74894, 13.51091, -5.3], "size": [3, 5, 2.25], "uv": [0, 86], "inflate": -1}
				]
			},
			{
				"name": "bone178",
				"parent": "bone128",
				"pivot": [1, 13.7, -5.75],
				"rotation": [-10, 0, -20],
				"cubes": [
					{"origin": [-0.25106, 13.51091, -5.3], "size": [3, 5, 2.25], "uv": [0, 86], "inflate": -1, "mirror": true}
				]
			},
			{
				"name": "legLeft",
				"pivot": [2, 9, 0],
				"cubes": [
					{"origin": [0.299, 0, -1.5], "size": [3, 9, 3], "uv": [0, 93], "mirror": true}
				]
			},
			{
				"name": "legRight",
				"pivot": [-2, 9, 0],
				"cubes": [
					{"origin": [-3.299, 0, -1.5], "size": [3, 9, 3], "uv": [0, 93]}
				]
			},
			{
				"name": "bone",
				"pivot": [0, 2.75, 0]
			},
			{
				"name": "bone2",
				"parent": "bone",
				"pivot": [0, 2.75, 0]
			},
			{
				"name": "bone3",
				"parent": "bone2",
				"pivot": [0, 2.75, 2.49169],
				"rotation": [18, 0, 0],
				"cubes": [
					{"origin": [-1.5, 3.57237, 6.32448], "size": [3, 9, 0], "uv": [14, 77]}
				]
			},
			{
				"name": "bone4",
				"parent": "bone3",
				"pivot": [-1.5, 2.62132, 2.49169],
				"rotation": [0, 0, 7.39351],
				"cubes": [
					{"origin": [-2.62239, 3.56447, 6.32348], "size": [1, 9, 0], "uv": [20, 77]}
				]
			},
			{
				"name": "bone5",
				"parent": "bone3",
				"pivot": [1.5, 2.62132, 2.49169],
				"rotation": [0, 0, -7.39351],
				"cubes": [
					{"origin": [1.62239, 3.56447, 6.32548], "size": [1, 9, 0], "uv": [12, 77]}
				]
			},
			{
				"name": "bone6",
				"parent": "bone",
				"pivot": [0, 2.75, 0],
				"rotation": [0, -45, 0]
			},
			{
				"name": "bone7",
				"parent": "bone6",
				"pivot": [0, 2.75, 2.49169],
				"rotation": [18, 0, 0],
				"cubes": [
					{"origin": [-1.5, 3.57237, 6.32448], "size": [3, 9, 0], "uv": [14, 77]}
				]
			},
			{
				"name": "bone8",
				"parent": "bone7",
				"pivot": [-1.5, 2.62132, 2.49169],
				"rotation": [0, 0, 7.39351],
				"cubes": [
					{"origin": [-2.62239, 3.56447, 6.32348], "size": [1, 9, 0], "uv": [20, 77]}
				]
			},
			{
				"name": "bone9",
				"parent": "bone7",
				"pivot": [1.5, 2.62132, 2.49169],
				"rotation": [0, 0, -7.39351],
				"cubes": [
					{"origin": [1.62239, 3.56447, 6.32548], "size": [1, 9, 0], "uv": [12, 77]}
				]
			},
			{
				"name": "bone10",
				"parent": "bone",
				"pivot": [0, 2.75, 0],
				"rotation": [0, -90, 0]
			},
			{
				"name": "bone11",
				"parent": "bone10",
				"pivot": [0, 2.75, 2.49169],
				"rotation": [18, 0, 0],
				"cubes": [
					{"origin": [-1.5, 3.57237, 6.32448], "size": [3, 9, 0], "uv": [14, 77]}
				]
			},
			{
				"name": "bone12",
				"parent": "bone11",
				"pivot": [-1.5, 2.62132, 2.49169],
				"rotation": [0, 0, 7.39351],
				"cubes": [
					{"origin": [-2.62239, 3.56447, 6.32348], "size": [1, 9, 0], "uv": [20, 77]}
				]
			},
			{
				"name": "bone13",
				"parent": "bone11",
				"pivot": [1.5, 2.62132, 2.49169],
				"rotation": [0, 0, -7.39351],
				"cubes": [
					{"origin": [1.62239, 3.56447, 6.32548], "size": [1, 9, 0], "uv": [12, 77]}
				]
			},
			{
				"name": "bone14",
				"parent": "bone",
				"pivot": [0, 2.75, 0],
				"rotation": [0, -135, 0]
			},
			{
				"name": "bone15",
				"parent": "bone14",
				"pivot": [0, 2.75, 2.49169],
				"rotation": [18, 0, 0],
				"cubes": [
					{"origin": [-1.5, 3.57237, 6.32448], "size": [3, 9, 0], "uv": [14, 77]}
				]
			},
			{
				"name": "bone16",
				"parent": "bone15",
				"pivot": [-1.5, 2.62132, 2.49169],
				"rotation": [0, 0, 7.39351],
				"cubes": [
					{"origin": [-2.62239, 3.56447, 6.32348], "size": [1, 9, 0], "uv": [20, 77]}
				]
			},
			{
				"name": "bone17",
				"parent": "bone15",
				"pivot": [1.5, 2.62132, 2.49169],
				"rotation": [0, 0, -7.39351],
				"cubes": [
					{"origin": [1.62239, 3.56447, 6.32548], "size": [1, 9, 0], "uv": [12, 77]}
				]
			},
			{
				"name": "bone18",
				"parent": "bone",
				"pivot": [0, 2.75, 0],
				"rotation": [0, -180, 0]
			},
			{
				"name": "bone19",
				"parent": "bone18",
				"pivot": [0, 2.75, 2.49169],
				"rotation": [18, 0, 0],
				"cubes": [
					{"origin": [-1.5, 3.57237, 6.32448], "size": [3, 9, 0], "uv": [14, 77]}
				]
			},
			{
				"name": "bone20",
				"parent": "bone19",
				"pivot": [-1.5, 2.62132, 2.49169],
				"rotation": [0, 0, 7.39351],
				"cubes": [
					{"origin": [-2.62239, 3.56447, 6.32348], "size": [1, 9, 0], "uv": [20, 77]}
				]
			},
			{
				"name": "bone21",
				"parent": "bone19",
				"pivot": [1.5, 2.62132, 2.49169],
				"rotation": [0, 0, -7.39351],
				"cubes": [
					{"origin": [1.62239, 3.56447, 6.32548], "size": [1, 9, 0], "uv": [12, 77]}
				]
			},
			{
				"name": "bone22",
				"parent": "bone",
				"pivot": [0, 2.75, 0],
				"rotation": [0, -225, 0]
			},
			{
				"name": "bone23",
				"parent": "bone22",
				"pivot": [0, 2.75, 2.49169],
				"rotation": [18, 0, 0],
				"cubes": [
					{"origin": [-1.5, 3.57237, 6.32448], "size": [3, 9, 0], "uv": [14, 77]}
				]
			},
			{
				"name": "bone24",
				"parent": "bone23",
				"pivot": [-1.5, 2.62132, 2.49169],
				"rotation": [0, 0, 7.39351],
				"cubes": [
					{"origin": [-2.62239, 3.56447, 6.32348], "size": [1, 9, 0], "uv": [20, 77]}
				]
			},
			{
				"name": "bone25",
				"parent": "bone23",
				"pivot": [1.5, 2.62132, 2.49169],
				"rotation": [0, 0, -7.39351],
				"cubes": [
					{"origin": [1.62239, 3.56447, 6.32548], "size": [1, 9, 0], "uv": [12, 77]}
				]
			},
			{
				"name": "bone26",
				"parent": "bone",
				"pivot": [0, 2.75, 0],
				"rotation": [0, -270, 0]
			},
			{
				"name": "bone27",
				"parent": "bone26",
				"pivot": [0, 2.75, 2.49169],
				"rotation": [18, 0, 0],
				"cubes": [
					{"origin": [-1.5, 3.57237, 6.32448], "size": [3, 9, 0], "uv": [14, 77]}
				]
			},
			{
				"name": "bone28",
				"parent": "bone27",
				"pivot": [-1.5, 2.62132, 2.49169],
				"rotation": [0, 0, 7.39351],
				"cubes": [
					{"origin": [-2.62239, 3.56447, 6.32348], "size": [1, 9, 0], "uv": [20, 77]}
				]
			},
			{
				"name": "bone29",
				"parent": "bone27",
				"pivot": [1.5, 2.62132, 2.49169],
				"rotation": [0, 0, -7.39351],
				"cubes": [
					{"origin": [1.62239, 3.56447, 6.32548], "size": [1, 9, 0], "uv": [12, 77]}
				]
			},
			{
				"name": "bone30",
				"parent": "bone",
				"pivot": [0, 2.75, 0],
				"rotation": [0, -315, 0]
			},
			{
				"name": "bone31",
				"parent": "bone30",
				"pivot": [0, 2.75, 2.49169],
				"rotation": [18, 0, 0],
				"cubes": [
					{"origin": [-1.5, 3.57237, 6.32448], "size": [3, 9, 0], "uv": [14, 77]}
				]
			},
			{
				"name": "bone32",
				"parent": "bone31",
				"pivot": [-1.5, 2.62132, 2.49169],
				"rotation": [0, 0, 7.39351],
				"cubes": [
					{"origin": [-2.62239, 3.56447, 6.32348], "size": [1, 9, 0], "uv": [20, 77]}
				]
			},
			{
				"name": "bone33",
				"parent": "bone31",
				"pivot": [1.5, 2.62132, 2.49169],
				"rotation": [0, 0, -7.39351],
				"cubes": [
					{"origin": [1.62239, 3.56447, 6.32548], "size": [1, 9, 0], "uv": [12, 77]}
				]
			},
			{
				"name": "bone34",
				"pivot": [0, 2.25, 0]
			},
			{
				"name": "bone35",
				"parent": "bone34",
				"pivot": [0, 2.25, 0]
			},
			{
				"name": "bone36",
				"parent": "bone35",
				"pivot": [0, 2.25, 2.49493],
				"rotation": [14, 0, 0],
				"cubes": [
					{"origin": [-1.5, 3.11977, 6.26523], "size": [3, 2, 0], "uv": [14, 86]}
				]
			},
			{
				"name": "bone37",
				"parent": "bone36",
				"pivot": [-1.5, 2.14947, 2.49493],
				"rotation": [0, 0, 5.76951],
				"cubes": [
					{"origin": [-2.59754, 3.11485, 6.26423], "size": [1, 2, 0], "uv": [20, 86]}
				]
			},
			{
				"name": "bone38",
				"parent": "bone36",
				"pivot": [1.5, 2.14947, 2.49493],
				"rotation": [0, 0, -5.76951],
				"cubes": [
					{"origin": [1.59754, 3.11485, 6.26623], "size": [1, 2, 0], "uv": [12, 86]}
				]
			},
			{
				"name": "bone39",
				"parent": "bone34",
				"pivot": [0, 2.25, 0],
				"rotation": [0, -45, 0]
			},
			{
				"name": "bone40",
				"parent": "bone39",
				"pivot": [0, 2.25, 2.49493],
				"rotation": [14, 0, 0],
				"cubes": [
					{"origin": [-1.5, 3.11977, 6.26523], "size": [3, 2, 0], "uv": [14, 86]}
				]
			},
			{
				"name": "bone41",
				"parent": "bone40",
				"pivot": [-1.5, 2.14947, 2.49493],
				"rotation": [0, 0, 5.76951],
				"cubes": [
					{"origin": [-2.59754, 3.11485, 6.26423], "size": [1, 2, 0], "uv": [20, 86]}
				]
			},
			{
				"name": "bone42",
				"parent": "bone40",
				"pivot": [1.5, 2.14947, 2.49493],
				"rotation": [0, 0, -5.76951],
				"cubes": [
					{"origin": [1.59754, 3.11485, 6.26623], "size": [1, 2, 0], "uv": [12, 86]}
				]
			},
			{
				"name": "bone43",
				"parent": "bone34",
				"pivot": [0, 2.25, 0],
				"rotation": [0, -90, 0]
			},
			{
				"name": "bone44",
				"parent": "bone43",
				"pivot": [0, 2.25, 2.49493],
				"rotation": [14, 0, 0],
				"cubes": [
					{"origin": [-1.5, 3.11977, 6.26523], "size": [3, 2, 0], "uv": [14, 86]}
				]
			},
			{
				"name": "bone45",
				"parent": "bone44",
				"pivot": [-1.5, 2.14947, 2.49493],
				"rotation": [0, 0, 5.76951],
				"cubes": [
					{"origin": [-2.59754, 3.11485, 6.26423], "size": [1, 2, 0], "uv": [20, 86]}
				]
			},
			{
				"name": "bone46",
				"parent": "bone44",
				"pivot": [1.5, 2.14947, 2.49493],
				"rotation": [0, 0, -5.76951],
				"cubes": [
					{"origin": [1.59754, 3.11485, 6.26623], "size": [1, 2, 0], "uv": [12, 86]}
				]
			},
			{
				"name": "bone47",
				"parent": "bone34",
				"pivot": [0, 2.25, 0],
				"rotation": [0, -135, 0]
			},
			{
				"name": "bone48",
				"parent": "bone47",
				"pivot": [0, 2.25, 2.49493],
				"rotation": [14, 0, 0],
				"cubes": [
					{"origin": [-1.5, 3.11977, 6.26523], "size": [3, 2, 0], "uv": [14, 86]}
				]
			},
			{
				"name": "bone49",
				"parent": "bone48",
				"pivot": [-1.5, 2.14947, 2.49493],
				"rotation": [0, 0, 5.76951],
				"cubes": [
					{"origin": [-2.59754, 3.11485, 6.26423], "size": [1, 2, 0], "uv": [20, 86]}
				]
			},
			{
				"name": "bone50",
				"parent": "bone48",
				"pivot": [1.5, 2.14947, 2.49493],
				"rotation": [0, 0, -5.76951],
				"cubes": [
					{"origin": [1.59754, 3.11485, 6.26623], "size": [1, 2, 0], "uv": [12, 86]}
				]
			},
			{
				"name": "bone51",
				"parent": "bone34",
				"pivot": [0, 2.25, 0],
				"rotation": [0, -180, 0]
			},
			{
				"name": "bone52",
				"parent": "bone51",
				"pivot": [0, 2.25, 2.49493],
				"rotation": [14, 0, 0],
				"cubes": [
					{"origin": [-1.5, 3.11977, 6.26523], "size": [3, 2, 0], "uv": [14, 86]}
				]
			},
			{
				"name": "bone53",
				"parent": "bone52",
				"pivot": [-1.5, 2.14947, 2.49493],
				"rotation": [0, 0, 5.76951],
				"cubes": [
					{"origin": [-2.59754, 3.11485, 6.26423], "size": [1, 2, 0], "uv": [20, 86]}
				]
			},
			{
				"name": "bone54",
				"parent": "bone52",
				"pivot": [1.5, 2.14947, 2.49493],
				"rotation": [0, 0, -5.76951],
				"cubes": [
					{"origin": [1.59754, 3.11485, 6.26623], "size": [1, 2, 0], "uv": [12, 86]}
				]
			},
			{
				"name": "bone55",
				"parent": "bone34",
				"pivot": [0, 2.25, 0],
				"rotation": [0, -225, 0]
			},
			{
				"name": "bone56",
				"parent": "bone55",
				"pivot": [0, 2.25, 2.49493],
				"rotation": [14, 0, 0],
				"cubes": [
					{"origin": [-1.5, 3.11977, 6.26523], "size": [3, 2, 0], "uv": [14, 86]}
				]
			},
			{
				"name": "bone57",
				"parent": "bone56",
				"pivot": [-1.5, 2.14947, 2.49493],
				"rotation": [0, 0, 5.76951],
				"cubes": [
					{"origin": [-2.59754, 3.11485, 6.26423], "size": [1, 2, 0], "uv": [20, 86]}
				]
			},
			{
				"name": "bone58",
				"parent": "bone56",
				"pivot": [1.5, 2.14947, 2.49493],
				"rotation": [0, 0, -5.76951],
				"cubes": [
					{"origin": [1.59754, 3.11485, 6.26623], "size": [1, 2, 0], "uv": [12, 86]}
				]
			},
			{
				"name": "bone59",
				"parent": "bone34",
				"pivot": [0, 2.25, 0],
				"rotation": [0, -270, 0]
			},
			{
				"name": "bone60",
				"parent": "bone59",
				"pivot": [0, 2.25, 2.49493],
				"rotation": [14, 0, 0],
				"cubes": [
					{"origin": [-1.5, 3.11977, 6.26523], "size": [3, 2, 0], "uv": [14, 86]}
				]
			},
			{
				"name": "bone61",
				"parent": "bone60",
				"pivot": [-1.5, 2.14947, 2.49493],
				"rotation": [0, 0, 5.76951],
				"cubes": [
					{"origin": [-2.59754, 3.11485, 6.26423], "size": [1, 2, 0], "uv": [20, 86]}
				]
			},
			{
				"name": "bone62",
				"parent": "bone60",
				"pivot": [1.5, 2.14947, 2.49493],
				"rotation": [0, 0, -5.76951],
				"cubes": [
					{"origin": [1.59754, 3.11485, 6.26623], "size": [1, 2, 0], "uv": [12, 86]}
				]
			},
			{
				"name": "bone63",
				"parent": "bone34",
				"pivot": [0, 2.25, 0],
				"rotation": [0, -315, 0]
			},
			{
				"name": "bone64",
				"parent": "bone63",
				"pivot": [0, 2.25, 2.49493],
				"rotation": [14, 0, 0],
				"cubes": [
					{"origin": [-1.5, 3.11977, 6.26523], "size": [3, 2, 0], "uv": [14, 86]}
				]
			},
			{
				"name": "bone65",
				"parent": "bone64",
				"pivot": [-1.5, 2.14947, 2.49493],
				"rotation": [0, 0, 5.76951],
				"cubes": [
					{"origin": [-2.59754, 3.11485, 6.26423], "size": [1, 2, 0], "uv": [20, 86]}
				]
			},
			{
				"name": "bone66",
				"parent": "bone64",
				"pivot": [1.5, 2.14947, 2.49493],
				"rotation": [0, 0, -5.76951],
				"cubes": [
					{"origin": [1.59754, 3.11485, 6.26623], "size": [1, 2, 0], "uv": [12, 86]}
				]
			},
			{
				"name": "bone67",
				"pivot": [-4.55, 12, 0],
				"rotation": [0, -17.5, 32.5]
			},
			{
				"name": "bone68",
				"parent": "bone67",
				"pivot": [-4.55, 12, 0]
			},
			{
				"name": "bone69",
				"parent": "bone68",
				"pivot": [-4.55, 12, 3.46519],
				"rotation": [15, 0, 0],
				"cubes": [
					{"origin": [-6.05, 11.62846, 4.76942], "size": [3, 6, 0], "uv": [16, 100]}
				]
			},
			{
				"name": "bone70",
				"parent": "bone69",
				"pivot": [-6.05, 11.62846, 3.46519],
				"rotation": [0, 0, 10.70617],
				"cubes": [
					{"origin": [-8.05, 11.62846, 4.76842], "size": [2, 6, 0], "uv": [22, 100]}
				]
			},
			{
				"name": "bone71",
				"parent": "bone69",
				"pivot": [-3.05, 11.62846, 3.46519],
				"rotation": [0, 0, -10.70617],
				"cubes": [
					{"origin": [-3.05, 11.62846, 4.77042], "size": [2, 6, 0], "uv": [12, 100]}
				]
			},
			{
				"name": "bone72",
				"parent": "bone67",
				"pivot": [-4.55, 12, 0],
				"rotation": [0, -72, 0]
			},
			{
				"name": "bone73",
				"parent": "bone72",
				"pivot": [-4.55, 12, 3.46519],
				"rotation": [15, 0, 0],
				"cubes": [
					{"origin": [-6.05, 11.62846, 4.76942], "size": [3, 6, 0], "uv": [16, 88]}
				]
			},
			{
				"name": "bone74",
				"parent": "bone73",
				"pivot": [-6.05, 11.62846, 3.46519],
				"rotation": [0, 0, 10.70617],
				"cubes": [
					{"origin": [-8.05, 11.62846, 4.76842], "size": [2, 6, 0], "uv": [22, 88]}
				]
			},
			{
				"name": "bone75",
				"parent": "bone73",
				"pivot": [-3.05, 11.62846, 3.46519],
				"rotation": [0, 0, -10.70617],
				"cubes": [
					{"origin": [-3.05, 11.62846, 4.77042], "size": [2, 6, 0], "uv": [12, 88]}
				]
			},
			{
				"name": "bone76",
				"parent": "bone67",
				"pivot": [-4.55, 12, 0],
				"rotation": [0, -144, 0]
			},
			{
				"name": "bone77",
				"parent": "bone76",
				"pivot": [-4.55, 12, 3.46519],
				"rotation": [15, 0, 0]
			},
			{
				"name": "bone83",
				"parent": "bone77",
				"pivot": [-5.05, 14.62846, 4.76942],
				"rotation": [0, -2.5, 10],
				"cubes": [
					{"origin": [-6.56172, 12.02133, 4.66178], "size": [4, 6, 0], "uv": [16, 94]}
				]
			},
			{
				"name": "bone78",
				"parent": "bone77",
				"pivot": [-6.05, 11.62846, 3.46519],
				"rotation": [0, 0, 10.70617]
			},
			{
				"name": "bone79",
				"parent": "bone77",
				"pivot": [-3.05, 11.62846, 3.46519],
				"rotation": [0, 0, -10.70617],
				"cubes": [
					{"origin": [-3.05, 11.62846, 4.77042], "size": [2, 6, 0], "uv": [12, 94]}
				]
			},
			{
				"name": "bone88",
				"pivot": [4.55, 12, 0],
				"rotation": [0, 17.5, -32.5]
			},
			{
				"name": "bone89",
				"parent": "bone88",
				"pivot": [4.55, 12, 0]
			},
			{
				"name": "bone90",
				"parent": "bone89",
				"pivot": [4.55, 12, 3.46519],
				"rotation": [15, 0, 0],
				"cubes": [
					{"origin": [3.05, 11.62846, 4.76942], "size": [3, 6, 0], "uv": [16, 100], "mirror": true}
				]
			},
			{
				"name": "bone91",
				"parent": "bone90",
				"pivot": [3.05, 11.62846, 3.46519],
				"rotation": [0, 0, 10.70617],
				"cubes": [
					{"origin": [1.05, 11.62846, 4.76842], "size": [2, 6, 0], "uv": [12, 100], "mirror": true}
				]
			},
			{
				"name": "bone92",
				"parent": "bone90",
				"pivot": [6.05, 11.62846, 3.46519],
				"rotation": [0, 0, -10.70617],
				"cubes": [
					{"origin": [6.05, 11.62846, 4.77042], "size": [2, 6, 0], "uv": [22, 100], "mirror": true}
				]
			},
			{
				"name": "bone101",
				"parent": "bone88",
				"pivot": [4.55, 12, 0],
				"rotation": [0, -216, 0]
			},
			{
				"name": "bone102",
				"parent": "bone101",
				"pivot": [4.55, 12, 3.46519],
				"rotation": [15, 0, 0]
			},
			{
				"name": "bone103",
				"parent": "bone102",
				"pivot": [3.05, 11.62846, 3.46519],
				"rotation": [0, 0, 10.70617],
				"cubes": [
					{"origin": [1.05, 11.62846, 4.76842], "size": [2, 6, 0], "uv": [12, 94], "mirror": true}
				]
			},
			{
				"name": "bone82",
				"parent": "bone102",
				"pivot": [4.89716, 14.97852, 4.62897],
				"rotation": [0, 2.5, -10],
				"cubes": [
					{"origin": [2.49249, 12.00011, 4.66356], "size": [4, 6, 0], "uv": [16, 94], "mirror": true}
				]
			},
			{
				"name": "bone105",
				"parent": "bone88",
				"pivot": [4.55, 12, 0],
				"rotation": [0, -288, 0]
			},
			{
				"name": "bone106",
				"parent": "bone105",
				"pivot": [4.55, 12, 3.46519],
				"rotation": [15, 0, 0],
				"cubes": [
					{"origin": [3.05, 11.62846, 4.76942], "size": [3, 6, 0], "uv": [16, 88], "mirror": true}
				]
			},
			{
				"name": "bone107",
				"parent": "bone106",
				"pivot": [3.05, 11.62846, 3.46519],
				"rotation": [0, 0, 10.70617],
				"cubes": [
					{"origin": [1.05, 11.62846, 4.76842], "size": [2, 6, 0], "uv": [12, 88], "mirror": true}
				]
			},
			{
				"name": "bone108",
				"parent": "bone106",
				"pivot": [6.05, 11.62846, 3.46519],
				"rotation": [0, 0, -10.70617],
				"cubes": [
					{"origin": [6.05, 11.62846, 4.77042], "size": [2, 6, 0], "uv": [22, 88], "mirror": true}
				]
			},
			{
				"name": "bone81",
				"pivot": [0, 14.1, 4.4],
				"rotation": [23, 0, 0],
				"cubes": [
					{"origin": [-3, 11.08649, 4.28742], "size": [6, 7, 0], "uv": [14, 106]}
				]
			},
			{
				"name": "bone84",
				"pivot": [0, 10.4, -3.8],
				"rotation": [70, 0, 0]
			},
			{
				"name": "bone85",
				"parent": "bone84",
				"pivot": [0, 10.4, -3.8],
				"cubes": [
					{"origin": [-2.5, 10.4, -6.8], "size": [5, 0.5, 6], "uv": [24, 65]}
				]
			},
			{
				"name": "bone86",
				"parent": "bone84",
				"pivot": [-1.5, 10.9, -3.3],
				"rotation": [0, 25, 0],
				"cubes": [
					{"origin": [-0.92714, 10.409, -6.8947], "size": [2, 0.5, 1], "uv": [26, 76]}
				]
			},
			{
				"name": "bone87",
				"parent": "bone84",
				"pivot": [-1.5, 10.9, -3.3],
				"rotation": [0, -25, 0],
				"cubes": [
					{"origin": [-1.35393, 10.419, -8.16255], "size": [2, 0.5, 1], "uv": [26, 76], "mirror": true}
				]
			},
			{
				"name": "bone93",
				"parent": "bone84",
				"pivot": [-1.5, 10.9, -3.3],
				"cubes": [
					{"origin": [-0.71262, 10.421, -7.64524], "size": [1.4, 0.5, 1], "uv": [26, 76]}
				]
			},
			{
				"name": "bone94",
				"parent": "bone84",
				"pivot": [-4.10277, 10.9, -3.79334],
				"rotation": [0, 15, 0],
				"cubes": [
					{"origin": [-3.32935, 10.409, -3.58717], "size": [1, 0.5, 3.1], "uv": [26, 74]}
				]
			},
			{
				"name": "bone97",
				"parent": "bone84",
				"pivot": [-4.10277, 10.9, -3.79334],
				"rotation": [0, 15, 0],
				"cubes": [
					{"origin": [2.0532, 10.401, -4.98863], "size": [1, 0.5, 3.1], "uv": [26, 74], "mirror": true}
				]
			},
			{
				"name": "bone95",
				"parent": "bone84",
				"pivot": [-2.9783, 10.9, -5.64281],
				"rotation": [0, -15, 0],
				"cubes": [
					{"origin": [-2.8158, 10.401, -6.88436], "size": [1, 0.5, 3.1], "uv": [26, 74]}
				]
			},
			{
				"name": "bone96",
				"parent": "bone84",
				"pivot": [-2.9783, 10.9, -5.64281],
				"rotation": [0, -15, 0],
				"cubes": [
					{"origin": [2.56674, 10.409, -5.4829], "size": [1, 0.5, 3.1], "uv": [26, 74], "mirror": true}
				]
			},
			{
				"name": "bone203",
				"pivot": [0, -2, 0.7]
			},
			{
				"name": "bone173",
				"parent": "bone203",
				"pivot": [0, 10, 4.7],
				"rotation": [15, 0, 0]
			},
			{
				"name": "bone199",
				"parent": "bone173",
				"pivot": [0, 10, 4.7],
				"rotation": [0, -5, 0]
			},
			{
				"name": "bone200",
				"parent": "bone199",
				"pivot": [1.75, 11, 4.2],
				"rotation": [5, 0, 10],
				"cubes": [
					{"origin": [-0.03479, 9.03295, 3.61539], "size": [4, 2, 1], "uv": [0, 113]}
				]
			},
			{
				"name": "bone201",
				"parent": "bone199",
				"pivot": [1.75, 11, 4.2],
				"rotation": [-5, 0, -15],
				"cubes": [
					{"origin": [-0.25, 10, 3.7], "size": [4, 2, 1], "uv": [0, 110]}
				]
			},
			{
				"name": "bone174",
				"parent": "bone173",
				"pivot": [0, 11, 4.7],
				"rotation": [0, 5, 0]
			},
			{
				"name": "bone176",
				"parent": "bone174",
				"pivot": [-1.75, 11, 4.2],
				"rotation": [5, 0, -10],
				"cubes": [
					{"origin": [-3.96521, 9.03295, 3.61539], "size": [4, 2, 1], "uv": [0, 113], "mirror": true}
				]
			},
			{
				"name": "bone198",
				"parent": "bone174",
				"pivot": [-1.75, 11, 4.2],
				"rotation": [-5, 0, 15],
				"cubes": [
					{"origin": [-3.75, 10, 3.7], "size": [4, 2, 1], "uv": [0, 110], "mirror": true}
				]
			},
			{
				"name": "bone204",
				"parent": "bone203",
				"pivot": [-1.5, 7.5, 6.2],
				"rotation": [27.5, 0, 15],
				"cubes": [
					{"origin": [-2.21986, 7.19312, 5.0414], "size": [2, 3, 1], "uv": [0, 116], "mirror": true}
				]
			},
			{
				"name": "bone221",
				"parent": "bone203",
				"pivot": [-1.5, 5.5, 7.2],
				"rotation": [35, 0, 15],
				"cubes": [
					{"origin": [-2.73749, 4.50303, 6.30017], "size": [2, 3, 1], "uv": [0, 120], "mirror": true}
				]
			},
			{
				"name": "bone205",
				"parent": "bone203",
				"pivot": [1.5, 7.5, 6.2],
				"rotation": [35, 0, -15],
				"cubes": [
					{"origin": [0.21986, 4.34697, 5.01126], "size": [2, 3, 1], "uv": [0, 120]}
				]
			},
			{
				"name": "bone222",
				"parent": "bone203",
				"pivot": [1.5, 7.5, 6.2],
				"rotation": [27.5, 0, -15],
				"cubes": [
					{"origin": [0.21986, 7.19312, 5.0414], "size": [2, 3, 1], "uv": [0, 116]}
				]
			},
			{
				"name": "bone213",
				"parent": "bone203",
				"pivot": [0, 10.3, 4.5],
				"rotation": [14.5, 0, 0],
				"cubes": [
					{"origin": [-1, 8.9, 4], "size": [2, 2, 1], "uv": [0, 107]}
				]
			}
		]
	}
}