{
	"format_version": "1.10.0",
	"geometry.model": {
		"texturewidth": 256,
		"textureheight": 256,
		"visible_bounds_width": 3,
		"visible_bounds_height": 3,
		"visible_bounds_offset": [0, 0, 0],
		"bones": [
			{
				"name": "head",
				"pivot": [0, 18, 0],
				"cubes": [
					{"origin": [-4, 18, -4], "size": [8, 8, 8], "uv": [0, 44]},
					{"origin": [-3.99902, 18.00017, -4], "size": [8, 8, 8], "uv": [40, 40], "inflate": 0.5}
				]
			},
			{
				"name": "ahoge",
				"parent": "head",
				"pivot": [0, 26, 0],
				"rotation": [0, -60, 0],
				"cubes": [
					{"origin": [-3, 26, 0], "size": [6, 6, 0], "uv": [56, 34]}
				]
			},
			{
				"name": "blink",
				"parent": "head",
				"pivot": [0, 18, 0],
				"cubes": [
					{"origin": [-4, 18, -4.001], "size": [8, 8, 0], "uv": [24, 44]}
				]
			},
			{
				"name": "hair",
				"parent": "head",
				"pivot": [0, 18, 0]
			},
			{
				"name": "bone143",
				"parent": "hair",
				"pivot": [0, 18, 0]
			},
			{
				"name": "bone142",
				"parent": "bone143",
				"pivot": [-4, 14, -4.5],
				"rotation": [0, 0, 10],
				"cubes": [
					{"origin": [-5.10017, 15.36, -4.5], "size": [0, 2, 1], "uv": [30, 66]}
				]
			},
			{
				"name": "bone145",
				"parent": "bone143",
				"pivot": [-4, 11, -4.5],
				"cubes": [
					{"origin": [-4.84828, 13.53056, -4.5], "size": [0, 2, 1], "uv": [28, 66]}
				]
			},
			{
				"name": "bone149",
				"parent": "hair",
				"pivot": [-7, 18, 0],
				"rotation": [-90, -82.5, 90]
			},
			{
				"name": "bone150",
				"parent": "bone149",
				"pivot": [-11, 14, -4.5],
				"rotation": [0, 0, 10],
				"cubes": [
					{"origin": [-11.89574, 14.80379, -4.5], "size": [0, 2, 1], "uv": [56, 59]}
				]
			},
			{
				"name": "bone151",
				"parent": "bone149",
				"pivot": [-11, 11, -4.5],
				"cubes": [
					{"origin": [-11.74354, 12.94729, -4.5], "size": [0, 2, 1], "uv": [30, 59]}
				]
			},
			{
				"name": "bone146",
				"parent": "hair",
				"pivot": [0, 18, -5],
				"rotation": [0, -90, 0]
			},
			{
				"name": "bone147",
				"parent": "bone146",
				"pivot": [-4, 14, -9.5],
				"rotation": [0, 0, 10],
				"cubes": [
					{"origin": [-0.17513, 16.22824, -1.5], "size": [0, 2, 1], "uv": [26, 66]}
				]
			},
			{
				"name": "bone148",
				"parent": "bone146",
				"pivot": [-4, 11, -9.5],
				"cubes": [
					{"origin": [0.1537, 12.53038, -1.5], "size": [0, 3, 1], "uv": [2, 69]}
				]
			},
			{
				"name": "bone152",
				"parent": "hair",
				"pivot": [0, 18, 13],
				"rotation": [0, 90, 0]
			},
			{
				"name": "bone153",
				"parent": "bone152",
				"pivot": [-4, 14, 8.5],
				"rotation": [0, 0, 10],
				"cubes": [
					{"origin": [7.70333, 16.61743, 16.5], "size": [0, 3, 1], "uv": [0, 69]}
				]
			},
			{
				"name": "bone154",
				"parent": "bone152",
				"pivot": [-4, 11, 8.5],
				"cubes": [
					{"origin": [7.98006, 11.54558, 16.5], "size": [0, 3, 1], "uv": [68, 43]}
				]
			},
			{
				"name": "bone186",
				"parent": "hair",
				"pivot": [-8, 18, 13],
				"rotation": [0, 90, 0]
			},
			{
				"name": "bone187",
				"parent": "bone186",
				"pivot": [-12, 14, 8.5],
				"rotation": [0, 0, 10],
				"cubes": [
					{"origin": [-0.29667, 16.61743, 16.5], "size": [0, 3, 1], "uv": [0, 29]}
				]
			},
			{
				"name": "bone188",
				"parent": "bone186",
				"pivot": [-12, 11, 8.5],
				"cubes": [
					{"origin": [-0.01994, 11.54558, 16.5], "size": [0, 3, 1], "uv": [12, 8]}
				]
			},
			{
				"name": "bone159",
				"parent": "hair",
				"pivot": [0, 18.1, 13],
				"rotation": [172.5, 0, 180]
			},
			{
				"name": "bone160",
				"parent": "bone159",
				"pivot": [-4, 14.1, 8.5],
				"rotation": [0, 0, 10],
				"cubes": [
					{"origin": [-5.29357, 15.55683, 21.49252], "size": [0, 3, 1], "uv": [68, 36]}
				]
			},
			{
				"name": "bone161",
				"parent": "bone159",
				"pivot": [-4, 11.1, 8.5],
				"cubes": [
					{"origin": [-5.02093, 12.7595, 21.49252], "size": [0, 3, 1], "uv": [68, 33]}
				]
			},
			{
				"name": "bone189",
				"parent": "hair",
				"pivot": [-11, 18, -12],
				"rotation": [7.5, 0, 0]
			},
			{
				"name": "bone190",
				"parent": "bone189",
				"pivot": [-15, 14, -16.5],
				"rotation": [0, 0, 10],
				"cubes": [
					{"origin": [-4.91026, 14.25098, 3.30563], "size": [0, 3, 1], "uv": [12, 5]}
				]
			},
			{
				"name": "bone191",
				"parent": "bone189",
				"pivot": [-15, 11, -16.5],
				"cubes": [
					{"origin": [-5.01994, 9.49527, 3.30563], "size": [0, 3, 1], "uv": [12, 2]}
				]
			},
			{
				"name": "bone155",
				"parent": "hair",
				"pivot": [-1, 18, 13],
				"rotation": [0, 90, 0]
			},
			{
				"name": "bone156",
				"parent": "bone155",
				"pivot": [-5, 14, 8.5],
				"rotation": [0, 0, 10],
				"cubes": [
					{"origin": [6.61609, 14.61933, 16.5], "size": [0, 3, 1], "uv": [68, 40]}
				]
			},
			{
				"name": "bone157",
				"parent": "bone155",
				"pivot": [6.98006, 13.04558, 17],
				"rotation": [0, 0, 2.5],
				"cubes": [
					{"origin": [6.56733, 10.57449, 16.5], "size": [0, 2, 1], "uv": [28, 59]}
				]
			},
			{
				"name": "bone158",
				"parent": "bone155",
				"pivot": [7.501, 16.5, 17],
				"rotation": [0, 0, 12.5],
				"cubes": [
					{"origin": [7.28458, 15.47608, 16.5], "size": [0, 2, 1], "uv": [26, 59]}
				]
			},
			{
				"name": "bone162",
				"parent": "hair",
				"pivot": [-2, 18, 13],
				"rotation": [90, 87.5, 90]
			},
			{
				"name": "bone163",
				"parent": "bone162",
				"pivot": [-6, 14, 8.5],
				"rotation": [0, 0, 10],
				"cubes": [
					{"origin": [5.56514, 14.98732, 16.5], "size": [0, 3, 1], "uv": [68, 19]}
				]
			},
			{
				"name": "bone164",
				"parent": "bone162",
				"pivot": [5.98006, 13.04558, 17],
				"rotation": [0, 0, 2.5],
				"cubes": [
					{"origin": [5.56484, 9.94598, 16.5], "size": [0, 3, 1], "uv": [4, 66]}
				]
			},
			{
				"name": "bone165",
				"parent": "bone162",
				"pivot": [6.501, 16.5, 17],
				"rotation": [0, 0, 12.5],
				"cubes": [
					{"origin": [6.21763, 15.84149, 16.5], "size": [0, 2, 1], "uv": [51, 32]}
				]
			},
			{
				"name": "bone182",
				"parent": "hair",
				"pivot": [-7, 18, 13],
				"rotation": [0, 90, 0]
			},
			{
				"name": "bone183",
				"parent": "bone182",
				"pivot": [-11, 14, 8.5],
				"rotation": [0, 0, 10],
				"cubes": [
					{"origin": [0.61609, 14.61933, 16.5], "size": [0, 3, 1], "uv": [9, 29]}
				]
			},
			{
				"name": "bone184",
				"parent": "bone182",
				"pivot": [0.98006, 13.04558, 17],
				"rotation": [0, 0, 2.5],
				"cubes": [
					{"origin": [0.56733, 10.57449, 16.5], "size": [0, 2, 1], "uv": [12, 11]}
				]
			},
			{
				"name": "bone185",
				"parent": "bone182",
				"pivot": [1.501, 16.5, 17],
				"rotation": [0, 0, 12.5],
				"cubes": [
					{"origin": [1.28458, 15.47608, 16.5], "size": [0, 2, 1], "uv": [0, 0]}
				]
			},
			{
				"name": "bone178",
				"parent": "hair",
				"pivot": [-6, 18, 13],
				"rotation": [90, 85, 90]
			},
			{
				"name": "bone179",
				"parent": "bone178",
				"pivot": [-10, 14, 8.5],
				"rotation": [0, 0, 10],
				"cubes": [
					{"origin": [1.49818, 15.35273, 16.5], "size": [0, 3, 1], "uv": [56, 56]}
				]
			},
			{
				"name": "bone180",
				"parent": "bone178",
				"pivot": [1.98006, 13.04558, 17],
				"rotation": [0, 0, 2.5],
				"cubes": [
					{"origin": [1.54616, 10.317, 16.5], "size": [0, 3, 1], "uv": [51, 29]}
				]
			},
			{
				"name": "bone181",
				"parent": "bone178",
				"pivot": [2.501, 16.5, 17],
				"rotation": [0, 0, 12.5],
				"cubes": [
					{"origin": [2.1348, 16.20363, 16.5], "size": [0, 2, 1], "uv": [36, 36]}
				]
			},
			{
				"name": "bone174",
				"parent": "hair",
				"pivot": [-5, 18, 13],
				"rotation": [90, 82.5, 90]
			},
			{
				"name": "bone175",
				"parent": "bone174",
				"pivot": [-9, 14, 8.5],
				"rotation": [0, 0, 10],
				"cubes": [
					{"origin": [2.41535, 15.71487, 16.5], "size": [0, 3, 1], "uv": [4, 62]}
				]
			},
			{
				"name": "bone176",
				"parent": "bone174",
				"pivot": [2.98006, 13.04558, 17],
				"rotation": [0, 0, 2.5],
				"cubes": [
					{"origin": [2.5113, 10.68685, 16.5], "size": [0, 3, 1], "uv": [4, 59]}
				]
			},
			{
				"name": "bone177",
				"parent": "bone174",
				"pivot": [3.501, 16.5, 17],
				"rotation": [0, 0, 12.5],
				"cubes": [
					{"origin": [3.03625, 16.56182, 16.5], "size": [0, 2, 1], "uv": [42, 36]}
				]
			},
			{
				"name": "bone170",
				"parent": "hair",
				"pivot": [-4, 18, 13],
				"rotation": [90, 80, 90]
			},
			{
				"name": "bone171",
				"parent": "bone170",
				"pivot": [-8, 14, 8.5],
				"rotation": [0, 0, 10],
				"cubes": [
					{"origin": [3.3168, 16.07305, 16.5], "size": [0, 3, 1], "uv": [56, 63]}
				]
			},
			{
				"name": "bone172",
				"parent": "bone170",
				"pivot": [3.98006, 13.04558, 17],
				"rotation": [0, 0, 2.5],
				"cubes": [
					{"origin": [3.46035, 11.05484, 16.5], "size": [0, 3, 1], "uv": [30, 62]}
				]
			},
			{
				"name": "bone173",
				"parent": "bone170",
				"pivot": [4.501, 16.5, 17],
				"rotation": [0, 0, 12.5],
				"cubes": [
					{"origin": [3.92217, 16.91536, 16.5], "size": [0, 2, 1], "uv": [0, 43]}
				]
			},
			{
				"name": "bone166",
				"parent": "hair",
				"pivot": [-3, 18, 13],
				"rotation": [90, 80, 90]
			},
			{
				"name": "bone167",
				"parent": "bone166",
				"pivot": [-7, 14, 8.5],
				"rotation": [0, 0, 10],
				"cubes": [
					{"origin": [4.3168, 16.07305, 16.5], "size": [0, 3, 1], "uv": [64, 15]}
				]
			},
			{
				"name": "bone168",
				"parent": "bone166",
				"pivot": [4.98006, 13.04558, 17],
				"rotation": [0, 0, 2.5],
				"cubes": [
					{"origin": [4.46035, 11.05484, 16.5], "size": [0, 3, 1], "uv": [64, 12]}
				]
			},
			{
				"name": "bone169",
				"parent": "bone166",
				"pivot": [5.501, 16.5, 17],
				"rotation": [0, 0, 12.5],
				"cubes": [
					{"origin": [4.92217, 16.91536, 16.5], "size": [0, 2, 1], "uv": [6, 43]}
				]
			},
			{
				"name": "bone144",
				"parent": "hair",
				"pivot": [0, 18, 0]
			},
			{
				"name": "bone139",
				"parent": "bone144",
				"pivot": [1.05, 13.75, -5.2],
				"rotation": [0, 0, 7.5],
				"cubes": [
					{"origin": [1.9423, 12.86747, -5.3], "size": [0, 2, 1], "uv": [54, 66]}
				]
			},
			{
				"name": "bone140",
				"parent": "bone144",
				"pivot": [1.25, 11.75, -5.2],
				"rotation": [0, 0, -12.5],
				"cubes": [
					{"origin": [2.02433, 10.61173, -5.3], "size": [0, 2, 1], "uv": [52, 66]}
				]
			},
			{
				"name": "bone69",
				"parent": "bone144",
				"pivot": [2.55, 16.25, -4.65],
				"rotation": [-15, 0, 30],
				"cubes": [
					{"origin": [2.17656, 15.07394, -5.00858], "size": [1, 3, 1], "uv": [36, 30]},
					{"origin": [2.17656, 14.77394, -5.00858], "size": [1, 1, 1], "uv": [114, 0], "inflate": 0.1}
				]
			},
			{
				"name": "ribbon",
				"parent": "hair",
				"pivot": [-4, 13, 8]
			},
			{
				"name": "bone192",
				"parent": "ribbon",
				"pivot": [-4.2, 13, 8],
				"rotation": [0, 0, 17.5],
				"cubes": [
					{"origin": [-5.10463, 13.03007, -5], "size": [1, 1, 0.2], "uv": [3, 12], "inflate": -0.1}
				]
			},
			{
				"name": "bone193",
				"parent": "ribbon",
				"pivot": [-3.8, 13, 8],
				"rotation": [0, 0, -17.5],
				"cubes": [
					{"origin": [-3.89537, 13.03007, -5], "size": [1, 1, 0.2], "uv": [0, 0], "inflate": -0.1}
				]
			},
			{
				"name": "bone194",
				"parent": "ribbon",
				"pivot": [-4.32474, 14.28842, -5.3],
				"rotation": [0, 0, -17.5],
				"cubes": [
					{"origin": [-4.92011, 13.81849, -5.8], "size": [1, 1, 1], "uv": [50, 6], "inflate": -0.1}
				]
			},
			{
				"name": "bone195",
				"parent": "ribbon",
				"pivot": [-3.67526, 14.28842, -5.3],
				"rotation": [0, 0, 17.5],
				"cubes": [
					{"origin": [-4.07989, 13.81849, -5.8], "size": [1, 1, 1], "uv": [4, 50], "inflate": -0.1}
				]
			},
			{
				"name": "armRight",
				"pivot": [0, 17.5, 0],
				"rotation": [0, 0, 25],
				"cubes": [
					{"origin": [-5.81262, 7.65476, -2.5], "size": [5, 2, 5], "uv": [36, 30], "mirror": true},
					{"origin": [-3.83047, 7.12369, -1], "size": [2, 10, 2], "uv": [92, 38]},
					{"origin": [-5.31262, 8.65476, -2], "size": [4, 8, 4], "uv": [78, 48]}
				]
			},
			{
				"name": "armRightPositioningBone",
				"parent": "armRight",
				"pivot": [-2.8, 7.5, 0]
			},
			{
				"name": "armLeft",
				"pivot": [0, 17.5, 0],
				"rotation": [0, 0, -25],
				"cubes": [
					{"origin": [1.31262, 8.65476, -2], "size": [4, 8, 4], "uv": [78, 0]},
					{"origin": [1.83047, 7.12369, -1], "size": [2, 10, 2], "uv": [92, 10]},
					{"origin": [0.81262, 7.65476, -2.5], "size": [5, 2, 5], "uv": [36, 30]}
				]
			},
			{
				"name": "armLeftPositioningBone",
				"parent": "armLeft",
				"pivot": [2.8, 7.5, 0]
			},
			{
				"name": "body",
				"pivot": [0, 10.5, 0],
				"cubes": [
					{"origin": [-3, 8.999, -3], "size": [6, 9, 6], "uv": [0, 67]}
				]
			},
			{
				"name": "ribbon2",
				"parent": "body",
				"pivot": [0, -0.2, 0]
			},
			{
				"name": "bone46",
				"parent": "ribbon2",
				"pivot": [0, -0.2, 0],
				"cubes": [
					{"origin": [-0.5, 15.35, -3.6], "size": [1, 1, 1], "uv": [114, 18], "inflate": -0.25}
				]
			},
			{
				"name": "bone57",
				"parent": "ribbon2",
				"pivot": [-0.44, 15.36363, -3.05],
				"rotation": [0, 0, 27.5],
				"cubes": [
					{"origin": [-0.94, 14.36363, -3.55], "size": [1.2, 2, 0.8], "uv": [116, 19], "inflate": -0.3}
				]
			},
			{
				"name": "bone132",
				"parent": "ribbon2",
				"pivot": [0.3513, 15.31746, -3.05],
				"rotation": [0, 0, -27.5],
				"cubes": [
					{"origin": [-0.2487, 14.31746, -3.55], "size": [1.2, 2, 0.8], "uv": [116, 19], "inflate": -0.3, "mirror": true}
				]
			},
			{
				"name": "bone134",
				"parent": "ribbon2",
				"pivot": [2.42196, 15.25658, -4],
				"rotation": [0, 0, 52.5],
				"cubes": [
					{"origin": [0.03063, 13.64689, -3.35], "size": [0.8, 2.5, 0.7], "uv": [117, 19], "inflate": -0.3, "mirror": true}
				]
			},
			{
				"name": "bone135",
				"parent": "ribbon2",
				"pivot": [-2.42196, 15.25658, -3.9],
				"rotation": [0, 0, -52.5],
				"cubes": [
					{"origin": [-0.83063, 13.64689, -3.35], "size": [0.8, 2.5, 0.7], "uv": [117, 19], "inflate": -0.3}
				]
			},
			{
				"name": "bone133",
				"parent": "ribbon2",
				"pivot": [1.48755, 13.20166, -3.05],
				"rotation": [0, 0, -12.5],
				"cubes": [
					{"origin": [0.16403, 12.73985, -3.4501], "size": [1, 3.5, 0.7], "uv": [116, 18], "inflate": -0.3, "mirror": true}
				]
			},
			{
				"name": "bone136",
				"parent": "ribbon2",
				"pivot": [-1.48755, 13.20166, -3.05],
				"rotation": [0, 0, 12.5],
				"cubes": [
					{"origin": [-1.16403, 12.73985, -3.4501], "size": [1, 3.5, 0.7], "uv": [114, 18], "inflate": -0.3}
				]
			},
			{
				"name": "bone137",
				"parent": "body",
				"pivot": [0, 10.5, 0]
			},
			{
				"name": "v2",
				"parent": "bone137",
				"pivot": [1, 17.2, -3],
				"rotation": [-10, -5, -62.5],
				"cubes": [
					{"origin": [-0.33591, 16.8098, -2.98952], "size": [2, 1, 0], "uv": [126, 46], "mirror": true}
				]
			},
			{
				"name": "v",
				"parent": "bone137",
				"pivot": [-1, 17.2, -3],
				"rotation": [-10, 5, 62.5],
				"cubes": [
					{"origin": [-1.66409, 16.8098, -2.98952], "size": [2, 1, 0], "uv": [126, 46]}
				]
			},
			{
				"name": "legLeft",
				"pivot": [1.8, 9, 0],
				"cubes": [
					{"origin": [0.049, 0, -1.5], "size": [3, 9, 3], "uv": [0, 30]}
				]
			},
			{
				"name": "legRight",
				"pivot": [-1.9, 9, 0],
				"cubes": [
					{"origin": [-3.049, 0, -1.5], "size": [3, 9, 3], "uv": [0, 0]}
				]
			},
			{
				"name": "sittingRotationSkirt",
				"pivot": [0, 10, 0]
			},
			{
				"name": "dress2",
				"parent": "sittingRotationSkirt",
				"pivot": [0, -0.5, 0]
			},
			{
				"name": "bone116",
				"parent": "dress2",
				"pivot": [0, -0.5, 0]
			},
			{
				"name": "bone117",
				"parent": "bone116",
				"pivot": [0, -0.5, 4.97051],
				"rotation": [10, 0, 0],
				"cubes": [
					{"origin": [-3, 0.15782, 4.97051], "size": [6, 11, 0], "uv": [60, 84]}
				]
			},
			{
				"name": "bone118",
				"parent": "bone117",
				"pivot": [-3, -0.84218, 4.97051],
				"rotation": [0, 0, 9.85108],
				"cubes": [
					{"origin": [-5, 0.15782, 4.96951], "size": [2, 11, 0], "uv": [28, 96]}
				]
			},
			{
				"name": "bone119",
				"parent": "bone117",
				"pivot": [3, -0.84218, 4.97051],
				"rotation": [0, 0, -9.85108],
				"cubes": [
					{"origin": [3, 0.15782, 4.97151], "size": [2, 11, 0], "uv": [24, 96]}
				]
			},
			{
				"name": "bone120",
				"parent": "dress2",
				"pivot": [0, -0.5, 0],
				"rotation": [0, -90, 0]
			},
			{
				"name": "bone121",
				"parent": "bone120",
				"pivot": [0, -0.5, 4.97051],
				"rotation": [10, 0, 0],
				"cubes": [
					{"origin": [-3, 0.15782, 4.97051], "size": [6, 11, 0], "uv": [48, 84]}
				]
			},
			{
				"name": "bone122",
				"parent": "bone121",
				"pivot": [-3, -0.84218, 4.97051],
				"rotation": [0, 0, 9.85108],
				"cubes": [
					{"origin": [-5, 0.15782, 4.96951], "size": [2, 11, 0], "uv": [68, 95]}
				]
			},
			{
				"name": "bone123",
				"parent": "bone121",
				"pivot": [3, -0.84218, 4.97051],
				"rotation": [0, 0, -9.85108],
				"cubes": [
					{"origin": [3, 0.15782, 4.97151], "size": [2, 11, 0], "uv": [64, 95]}
				]
			},
			{
				"name": "bone124",
				"parent": "dress2",
				"pivot": [0, -0.5, 0],
				"rotation": [0, -180, 0]
			},
			{
				"name": "bone125",
				"parent": "bone124",
				"pivot": [0, -0.5, 4.97051],
				"rotation": [10, 0, 0],
				"cubes": [
					{"origin": [-3, 0.15782, 4.97051], "size": [6, 11, 0], "uv": [12, 82]}
				]
			},
			{
				"name": "bone126",
				"parent": "bone125",
				"pivot": [-3, -0.84218, 4.97051],
				"rotation": [0, 0, 9.85108],
				"cubes": [
					{"origin": [-5, 0.15782, 4.96951], "size": [2, 11, 0], "uv": [60, 95]}
				]
			},
			{
				"name": "bone127",
				"parent": "bone125",
				"pivot": [3, -0.84218, 4.97051],
				"rotation": [0, 0, -9.85108],
				"cubes": [
					{"origin": [3, 0.15782, 4.97151], "size": [2, 11, 0], "uv": [56, 95]}
				]
			},
			{
				"name": "bone128",
				"parent": "dress2",
				"pivot": [0, -0.5, 0],
				"rotation": [0, -270, 0]
			},
			{
				"name": "bone129",
				"parent": "bone128",
				"pivot": [0, -0.5, 4.97051],
				"rotation": [10, 0, 0],
				"cubes": [
					{"origin": [-3, 0.15782, 4.97051], "size": [6, 11, 0], "uv": [0, 82]}
				]
			},
			{
				"name": "bone130",
				"parent": "bone129",
				"pivot": [-3, -0.84218, 4.97051],
				"rotation": [0, 0, 9.85108],
				"cubes": [
					{"origin": [-5, 0.15782, 4.96951], "size": [2, 11, 0], "uv": [52, 95]}
				]
			},
			{
				"name": "bone131",
				"parent": "bone129",
				"pivot": [3, -0.84218, 4.97051],
				"rotation": [0, 0, -9.85108],
				"cubes": [
					{"origin": [3, 0.15782, 4.97151], "size": [2, 11, 0], "uv": [48, 95]}
				]
			},
			{
				"name": "dress",
				"parent": "sittingRotationSkirt",
				"pivot": [0, 0, 0]
			},
			{
				"name": "bone2",
				"parent": "dress",
				"pivot": [0, 0, 0]
			},
			{
				"name": "bone3",
				"parent": "bone2",
				"pivot": [0, 0, 4.97051],
				"rotation": [10, 0, 0],
				"cubes": [
					{"origin": [-3, 0.65782, 4.97051], "size": [6, 11, 0], "uv": [86, 27]}
				]
			},
			{
				"name": "bone4",
				"parent": "bone3",
				"pivot": [-3, -0.34218, 4.97051],
				"rotation": [0, 0, 9.85108],
				"cubes": [
					{"origin": [-5, 0.65782, 4.96951], "size": [2, 11, 0], "uv": [96, 50]}
				]
			},
			{
				"name": "bone5",
				"parent": "bone3",
				"pivot": [3, -0.34218, 4.97051],
				"rotation": [0, 0, -9.85108],
				"cubes": [
					{"origin": [3, 0.65782, 4.97151], "size": [2, 11, 0], "uv": [96, 50]}
				]
			},
			{
				"name": "bone6",
				"parent": "dress",
				"pivot": [0, 0, 0],
				"rotation": [0, -90, 0]
			},
			{
				"name": "bone7",
				"parent": "bone6",
				"pivot": [0, 0, 4.97051],
				"rotation": [10, 0, 0],
				"cubes": [
					{"origin": [-3, 0.65782, 4.97051], "size": [6, 11, 0], "uv": [86, 27]}
				]
			},
			{
				"name": "bone8",
				"parent": "bone7",
				"pivot": [-3, -0.34218, 4.97051],
				"rotation": [0, 0, 9.85108],
				"cubes": [
					{"origin": [-5, 0.65782, 4.96951], "size": [2, 11, 0], "uv": [96, 50]}
				]
			},
			{
				"name": "bone9",
				"parent": "bone7",
				"pivot": [3, -0.34218, 4.97051],
				"rotation": [0, 0, -9.85108],
				"cubes": [
					{"origin": [3, 0.65782, 4.97151], "size": [2, 11, 0], "uv": [96, 50]}
				]
			},
			{
				"name": "bone10",
				"parent": "dress",
				"pivot": [0, 0, 0],
				"rotation": [0, -180, 0]
			},
			{
				"name": "bone11",
				"parent": "bone10",
				"pivot": [0, 0, 4.97051],
				"rotation": [10, 0, 0],
				"cubes": [
					{"origin": [-3, 0.65782, 4.97051], "size": [6, 11, 0], "uv": [86, 27]}
				]
			},
			{
				"name": "bone12",
				"parent": "bone11",
				"pivot": [-3, -0.34218, 4.97051],
				"rotation": [0, 0, 9.85108],
				"cubes": [
					{"origin": [-5, 0.65782, 4.96951], "size": [2, 11, 0], "uv": [96, 50]}
				]
			},
			{
				"name": "bone13",
				"parent": "bone11",
				"pivot": [3, -0.34218, 4.97051],
				"rotation": [0, 0, -9.85108],
				"cubes": [
					{"origin": [3, 0.65782, 4.97151], "size": [2, 11, 0], "uv": [96, 50]}
				]
			},
			{
				"name": "bone14",
				"parent": "dress",
				"pivot": [0, 0, 0],
				"rotation": [0, -270, 0]
			},
			{
				"name": "bone15",
				"parent": "bone14",
				"pivot": [0, 0, 4.97051],
				"rotation": [10, 0, 0],
				"cubes": [
					{"origin": [-3, 0.65782, 4.97051], "size": [6, 11, 0], "uv": [86, 27]}
				]
			},
			{
				"name": "bone16",
				"parent": "bone15",
				"pivot": [-3, -0.34218, 4.97051],
				"rotation": [0, 0, 9.85108],
				"cubes": [
					{"origin": [-5, 0.65782, 4.96951], "size": [2, 11, 0], "uv": [96, 50]}
				]
			},
			{
				"name": "bone17",
				"parent": "bone15",
				"pivot": [3, -0.34218, 4.97051],
				"rotation": [0, 0, -9.85108],
				"cubes": [
					{"origin": [3, 0.65782, 4.97151], "size": [2, 11, 0], "uv": [96, 50]}
				]
			},
			{
				"name": "brooch2",
				"pivot": [1.9, 13.65, -2.85],
				"rotation": [90, 0, 0]
			},
			{
				"name": "bone229",
				"parent": "brooch2",
				"pivot": [1.9, 13.65, -2.85],
				"cubes": [
					{"origin": [1.2, 13.65, -2.35], "size": [1.4, 1, 1], "uv": [122, 5], "inflate": -0.4},
					{"origin": [1.4, 13.75, -2.35], "size": [1, 1, 1], "uv": [115, 13], "inflate": -0.4}
				]
			},
			{
				"name": "bone281",
				"parent": "brooch2",
				"pivot": [1.9, 13.65, -2.85],
				"rotation": [0, 30, 0],
				"cubes": [
					{"origin": [1.2, 13.65, -2.35], "size": [1.4, 1, 1], "uv": [122, 5], "inflate": -0.4}
				]
			},
			{
				"name": "bone282",
				"parent": "brooch2",
				"pivot": [1.9, 13.65, -2.85],
				"rotation": [0, 60, 0],
				"cubes": [
					{"origin": [1.2, 13.65, -2.35], "size": [1.4, 1, 1], "uv": [122, 5], "inflate": -0.4},
					{"origin": [1.4, 13.75, -2.35], "size": [1, 1, 1], "uv": [115, 13], "inflate": -0.4}
				]
			},
			{
				"name": "bone283",
				"parent": "brooch2",
				"pivot": [1.9, 13.65, -2.85],
				"rotation": [0, 90, 0],
				"cubes": [
					{"origin": [1.2, 13.65, -2.35], "size": [1.4, 1, 1], "uv": [122, 5], "inflate": -0.4}
				]
			},
			{
				"name": "bone284",
				"parent": "brooch2",
				"pivot": [2, 13.65, -2.67679],
				"rotation": [0, 120, 0],
				"cubes": [
					{"origin": [1.5, 13.65, -2.17679], "size": [1.2, 1, 1], "uv": [122, 5], "inflate": -0.4}
				]
			},
			{
				"name": "bone285",
				"parent": "brooch2",
				"pivot": [1.9, 13.65, -2.85],
				"rotation": [0, -120, 0],
				"cubes": [
					{"origin": [1.4, 13.65, -2.35], "size": [1.2, 1, 1], "uv": [122, 5], "inflate": -0.4}
				]
			},
			{
				"name": "bone286",
				"parent": "brooch2",
				"pivot": [1.9, 13.65, -2.85],
				"rotation": [0, -90, 0],
				"cubes": [
					{"origin": [1.2, 13.65, -2.35], "size": [1.4, 1, 1], "uv": [122, 5], "inflate": -0.4}
				]
			},
			{
				"name": "bone287",
				"parent": "brooch2",
				"pivot": [1.9, 13.65, -2.85],
				"rotation": [0, -60, 0],
				"cubes": [
					{"origin": [1.2, 13.65, -2.35], "size": [1.4, 1, 1], "uv": [122, 5], "inflate": -0.4},
					{"origin": [1.4, 13.75, -2.35], "size": [1, 1, 1], "uv": [115, 13], "inflate": -0.4}
				]
			},
			{
				"name": "bone288",
				"parent": "brooch2",
				"pivot": [1.9, 13.65, -2.85],
				"rotation": [0, -30, 0],
				"cubes": [
					{"origin": [1.2, 13.65, -2.35], "size": [1.4, 1, 1], "uv": [122, 5], "inflate": -0.4}
				]
			},
			{
				"name": "bone289",
				"parent": "brooch2",
				"pivot": [1.9, 13.65, -2.85]
			},
			{
				"name": "bone290",
				"parent": "bone289",
				"pivot": [1.9, 13.65, -2.85],
				"cubes": [
					{"origin": [0.7, 13.65, -2.85], "size": [2.4, 1, 1], "uv": [115, 5], "inflate": -0.4}
				]
			},
			{
				"name": "bone291",
				"parent": "bone289",
				"pivot": [1.9, 13.65, -2.85],
				"rotation": [0, 60, 0],
				"cubes": [
					{"origin": [0.7, 13.65, -2.85], "size": [2.4, 1, 1], "uv": [115, 5], "inflate": -0.4}
				]
			},
			{
				"name": "bone292",
				"parent": "bone289",
				"pivot": [1.9, 13.65, -2.85],
				"rotation": [0, 120, 0],
				"cubes": [
					{"origin": [0.7, 13.65, -2.85], "size": [2.5, 1, 1], "uv": [115, 5], "inflate": -0.4}
				]
			},
			{
				"name": "bone293",
				"parent": "bone289",
				"pivot": [1.9, 13.65, -2.85],
				"rotation": [0, 180, 0],
				"cubes": [
					{"origin": [0.7, 13.65, -2.85], "size": [2.4, 1, 1], "uv": [115, 5], "inflate": -0.4}
				]
			},
			{
				"name": "bone294",
				"parent": "bone289",
				"pivot": [1.9, 13.65, -2.85],
				"rotation": [0, -120, 0],
				"cubes": [
					{"origin": [0.6, 13.65, -2.85], "size": [2.5, 1, 1], "uv": [115, 5], "inflate": -0.4}
				]
			},
			{
				"name": "bone295",
				"parent": "bone289",
				"pivot": [1.9, 13.65, -2.85],
				"rotation": [0, -60, 0],
				"cubes": [
					{"origin": [0.7, 13.65, -2.85], "size": [2.4, 1, 1], "uv": [115, 5], "inflate": -0.4}
				]
			},
			{
				"name": "bone296",
				"parent": "brooch2",
				"pivot": [1.9, 13.65, -2.85]
			},
			{
				"name": "bone297",
				"parent": "bone296",
				"pivot": [2, 13.65, -3.75],
				"rotation": [0, -90, 0],
				"cubes": [
					{"origin": [1.7, 13.7, -3.25], "size": [1.1, 0.9, 0.9], "uv": [115, 20], "inflate": -0.4}
				]
			},
			{
				"name": "bone298",
				"parent": "bone296",
				"pivot": [1.05, 14.15, -3.65],
				"rotation": [45, -90, 0],
				"cubes": [
					{"origin": [0.45, 13.65, -4.15], "size": [1, 1, 1], "uv": [114, 23], "inflate": -0.4}
				]
			},
			{
				"name": "bone299",
				"parent": "bone296",
				"pivot": [2.75, 14.15, -3.65],
				"rotation": [45, 90, 0],
				"cubes": [
					{"origin": [2.35, 13.65, -4.15], "size": [1, 1, 1], "uv": [114, 23], "inflate": -0.4}
				]
			},
			{
				"name": "bone300",
				"parent": "bone296",
				"pivot": [1.9, 14.15, -4.1],
				"rotation": [45, 90, 0],
				"cubes": [
					{"origin": [1.5, 13.65, -4.6], "size": [1, 1, 1], "uv": [114, 23], "inflate": -0.4}
				]
			},
			{
				"name": "bone301",
				"parent": "bone296",
				"pivot": [2, 13.65, -3.75],
				"rotation": [0, -90, 0],
				"cubes": [
					{"origin": [1.25, 13.7, -4.1], "size": [1.1, 0.9, 0.9], "uv": [115, 20], "inflate": -0.4}
				]
			},
			{
				"name": "bone302",
				"parent": "bone296",
				"pivot": [1.8, 13.65, -3.75],
				"rotation": [0, 90, 0],
				"cubes": [
					{"origin": [1, 13.7, -3.25], "size": [1.1, 0.9, 0.9], "uv": [115, 20], "inflate": -0.4}
				]
			}
		]
	}
}