{
	"format_version": "1.10.0",
	"geometry.model": {
		"texturewidth": 256,
		"textureheight": 256,
		"visible_bounds_width": 3,
		"visible_bounds_height": 3,
		"visible_bounds_offset": [0, 0, 0],
		"bones": [
			{
				"name": "head",
				"pivot": [0, 18, 0],
				"cubes": [
					{"origin": [-4, 18, -4], "size": [8, 8, 8], "uv": [0, 44]},
					{"origin": [-3.99902, 18.00017, -4], "size": [8, 8, 8], "uv": [40, 40], "inflate": 0.5}
				]
			},
			{
				"name": "ahoge",
				"parent": "head",
				"pivot": [0, 26, 0],
				"rotation": [0, -60, 0],
				"cubes": [
					{"origin": [-3, 26, 0], "size": [6, 6, 0], "uv": [56, 34]}
				]
			},
			{
				"name": "blink",
				"parent": "head",
				"pivot": [0, 18, 0],
				"cubes": [
					{"origin": [-4, 18, -4.001], "size": [8, 8, 0], "uv": [24, 44]}
				]
			},
			{
				"name": "hair",
				"parent": "head",
				"pivot": [0, 18, 0]
			},
			{
				"name": "bone143",
				"parent": "hair",
				"pivot": [0, 18, 0]
			},
			{
				"name": "bone142",
				"parent": "bone143",
				"pivot": [-4, 14, -4.5],
				"rotation": [0, 0, 10],
				"cubes": [
					{"origin": [-5.10017, 15.36, -4.5], "size": [0, 2, 1], "uv": [30, 66]}
				]
			},
			{
				"name": "bone145",
				"parent": "bone143",
				"pivot": [-4, 11, -4.5],
				"cubes": [
					{"origin": [-4.84828, 13.53056, -4.5], "size": [0, 2, 1], "uv": [28, 66]}
				]
			},
			{
				"name": "bone149",
				"parent": "hair",
				"pivot": [-7, 18, 0],
				"rotation": [-90, -82.5, 90]
			},
			{
				"name": "bone150",
				"parent": "bone149",
				"pivot": [-11, 14, -4.5],
				"rotation": [0, 0, 10],
				"cubes": [
					{"origin": [-11.89574, 14.80379, -4.5], "size": [0, 2, 1], "uv": [56, 59]}
				]
			},
			{
				"name": "bone151",
				"parent": "bone149",
				"pivot": [-11, 11, -4.5],
				"cubes": [
					{"origin": [-11.74354, 12.94729, -4.5], "size": [0, 2, 1], "uv": [30, 59]}
				]
			},
			{
				"name": "bone146",
				"parent": "hair",
				"pivot": [0, 18, -5],
				"rotation": [0, -90, 0]
			},
			{
				"name": "bone147",
				"parent": "bone146",
				"pivot": [-4, 14, -9.5],
				"rotation": [0, 0, 10],
				"cubes": [
					{"origin": [-0.17513, 16.22824, -1.5], "size": [0, 2, 1], "uv": [26, 66]}
				]
			},
			{
				"name": "bone148",
				"parent": "bone146",
				"pivot": [-4, 11, -9.5],
				"cubes": [
					{"origin": [0.1537, 12.53038, -1.5], "size": [0, 3, 1], "uv": [2, 69]}
				]
			},
			{
				"name": "bone152",
				"parent": "hair",
				"pivot": [0, 18, 13],
				"rotation": [0, 90, 0]
			},
			{
				"name": "bone153",
				"parent": "bone152",
				"pivot": [-4, 14, 8.5],
				"rotation": [0, 0, 10],
				"cubes": [
					{"origin": [7.70333, 16.61743, 16.5], "size": [0, 3, 1], "uv": [0, 69]}
				]
			},
			{
				"name": "bone154",
				"parent": "bone152",
				"pivot": [-4, 11, 8.5],
				"cubes": [
					{"origin": [7.98006, 11.54558, 16.5], "size": [0, 3, 1], "uv": [68, 43]}
				]
			},
			{
				"name": "bone186",
				"parent": "hair",
				"pivot": [-8, 18, 13],
				"rotation": [0, 90, 0]
			},
			{
				"name": "bone187",
				"parent": "bone186",
				"pivot": [-12, 14, 8.5],
				"rotation": [0, 0, 10],
				"cubes": [
					{"origin": [-0.29667, 16.61743, 16.5], "size": [0, 3, 1], "uv": [0, 29]}
				]
			},
			{
				"name": "bone188",
				"parent": "bone186",
				"pivot": [-12, 11, 8.5],
				"cubes": [
					{"origin": [-0.01994, 11.54558, 16.5], "size": [0, 3, 1], "uv": [12, 8]}
				]
			},
			{
				"name": "bone159",
				"parent": "hair",
				"pivot": [0, 18.1, 13],
				"rotation": [172.5, 0, 180]
			},
			{
				"name": "bone160",
				"parent": "bone159",
				"pivot": [-4, 14.1, 8.5],
				"rotation": [0, 0, 10],
				"cubes": [
					{"origin": [-5.29357, 15.55683, 21.49252], "size": [0, 3, 1], "uv": [68, 36]}
				]
			},
			{
				"name": "bone161",
				"parent": "bone159",
				"pivot": [-4, 11.1, 8.5],
				"cubes": [
					{"origin": [-5.02093, 12.7595, 21.49252], "size": [0, 3, 1], "uv": [68, 33]}
				]
			},
			{
				"name": "bone189",
				"parent": "hair",
				"pivot": [-11, 18, -12],
				"rotation": [7.5, 0, 0]
			},
			{
				"name": "bone190",
				"parent": "bone189",
				"pivot": [-15, 14, -16.5],
				"rotation": [0, 0, 10],
				"cubes": [
					{"origin": [-4.91026, 14.25098, 3.30563], "size": [0, 3, 1], "uv": [12, 5]}
				]
			},
			{
				"name": "bone191",
				"parent": "bone189",
				"pivot": [-15, 11, -16.5],
				"cubes": [
					{"origin": [-5.01994, 9.49527, 3.30563], "size": [0, 3, 1], "uv": [12, 2]}
				]
			},
			{
				"name": "bone155",
				"parent": "hair",
				"pivot": [-1, 18, 13],
				"rotation": [0, 90, 0]
			},
			{
				"name": "bone156",
				"parent": "bone155",
				"pivot": [-5, 14, 8.5],
				"rotation": [0, 0, 10],
				"cubes": [
					{"origin": [6.61609, 14.61933, 16.5], "size": [0, 3, 1], "uv": [68, 40]}
				]
			},
			{
				"name": "bone157",
				"parent": "bone155",
				"pivot": [6.98006, 13.04558, 17],
				"rotation": [0, 0, 2.5],
				"cubes": [
					{"origin": [6.56733, 10.57449, 16.5], "size": [0, 2, 1], "uv": [28, 59]}
				]
			},
			{
				"name": "bone158",
				"parent": "bone155",
				"pivot": [7.501, 16.5, 17],
				"rotation": [0, 0, 12.5],
				"cubes": [
					{"origin": [7.28458, 15.47608, 16.5], "size": [0, 2, 1], "uv": [26, 59]}
				]
			},
			{
				"name": "bone162",
				"parent": "hair",
				"pivot": [-2, 18, 13],
				"rotation": [90, 87.5, 90]
			},
			{
				"name": "bone163",
				"parent": "bone162",
				"pivot": [-6, 14, 8.5],
				"rotation": [0, 0, 10],
				"cubes": [
					{"origin": [5.56514, 14.98732, 16.5], "size": [0, 3, 1], "uv": [68, 19]}
				]
			},
			{
				"name": "bone164",
				"parent": "bone162",
				"pivot": [5.98006, 13.04558, 17],
				"rotation": [0, 0, 2.5],
				"cubes": [
					{"origin": [5.56484, 9.94598, 16.5], "size": [0, 3, 1], "uv": [4, 66]}
				]
			},
			{
				"name": "bone165",
				"parent": "bone162",
				"pivot": [6.501, 16.5, 17],
				"rotation": [0, 0, 12.5],
				"cubes": [
					{"origin": [6.21763, 15.84149, 16.5], "size": [0, 2, 1], "uv": [51, 32]}
				]
			},
			{
				"name": "bone182",
				"parent": "hair",
				"pivot": [-7, 18, 13],
				"rotation": [0, 90, 0]
			},
			{
				"name": "bone183",
				"parent": "bone182",
				"pivot": [-11, 14, 8.5],
				"rotation": [0, 0, 10],
				"cubes": [
					{"origin": [0.61609, 14.61933, 16.5], "size": [0, 3, 1], "uv": [9, 29]}
				]
			},
			{
				"name": "bone184",
				"parent": "bone182",
				"pivot": [0.98006, 13.04558, 17],
				"rotation": [0, 0, 2.5],
				"cubes": [
					{"origin": [0.56733, 10.57449, 16.5], "size": [0, 2, 1], "uv": [12, 11]}
				]
			},
			{
				"name": "bone185",
				"parent": "bone182",
				"pivot": [1.501, 16.5, 17],
				"rotation": [0, 0, 12.5],
				"cubes": [
					{"origin": [1.28458, 15.47608, 16.5], "size": [0, 2, 1], "uv": [0, 0]}
				]
			},
			{
				"name": "bone178",
				"parent": "hair",
				"pivot": [-6, 18, 13],
				"rotation": [90, 85, 90]
			},
			{
				"name": "bone179",
				"parent": "bone178",
				"pivot": [-10, 14, 8.5],
				"rotation": [0, 0, 10],
				"cubes": [
					{"origin": [1.49818, 15.35273, 16.5], "size": [0, 3, 1], "uv": [56, 56]}
				]
			},
			{
				"name": "bone180",
				"parent": "bone178",
				"pivot": [1.98006, 13.04558, 17],
				"rotation": [0, 0, 2.5],
				"cubes": [
					{"origin": [1.54616, 10.317, 16.5], "size": [0, 3, 1], "uv": [51, 29]}
				]
			},
			{
				"name": "bone181",
				"parent": "bone178",
				"pivot": [2.501, 16.5, 17],
				"rotation": [0, 0, 12.5],
				"cubes": [
					{"origin": [2.1348, 16.20363, 16.5], "size": [0, 2, 1], "uv": [36, 36]}
				]
			},
			{
				"name": "bone174",
				"parent": "hair",
				"pivot": [-5, 18, 13],
				"rotation": [90, 82.5, 90]
			},
			{
				"name": "bone175",
				"parent": "bone174",
				"pivot": [-9, 14, 8.5],
				"rotation": [0, 0, 10],
				"cubes": [
					{"origin": [2.41535, 15.71487, 16.5], "size": [0, 3, 1], "uv": [4, 62]}
				]
			},
			{
				"name": "bone176",
				"parent": "bone174",
				"pivot": [2.98006, 13.04558, 17],
				"rotation": [0, 0, 2.5],
				"cubes": [
					{"origin": [2.5113, 10.68685, 16.5], "size": [0, 3, 1], "uv": [4, 59]}
				]
			},
			{
				"name": "bone177",
				"parent": "bone174",
				"pivot": [3.501, 16.5, 17],
				"rotation": [0, 0, 12.5],
				"cubes": [
					{"origin": [3.03625, 16.56182, 16.5], "size": [0, 2, 1], "uv": [42, 36]}
				]
			},
			{
				"name": "bone170",
				"parent": "hair",
				"pivot": [-4, 18, 13],
				"rotation": [90, 80, 90]
			},
			{
				"name": "bone171",
				"parent": "bone170",
				"pivot": [-8, 14, 8.5],
				"rotation": [0, 0, 10],
				"cubes": [
					{"origin": [3.3168, 16.07305, 16.5], "size": [0, 3, 1], "uv": [56, 63]}
				]
			},
			{
				"name": "bone172",
				"parent": "bone170",
				"pivot": [3.98006, 13.04558, 17],
				"rotation": [0, 0, 2.5],
				"cubes": [
					{"origin": [3.46035, 11.05484, 16.5], "size": [0, 3, 1], "uv": [30, 62]}
				]
			},
			{
				"name": "bone173",
				"parent": "bone170",
				"pivot": [4.501, 16.5, 17],
				"rotation": [0, 0, 12.5],
				"cubes": [
					{"origin": [3.92217, 16.91536, 16.5], "size": [0, 2, 1], "uv": [0, 43]}
				]
			},
			{
				"name": "bone166",
				"parent": "hair",
				"pivot": [-3, 18, 13],
				"rotation": [90, 80, 90]
			},
			{
				"name": "bone167",
				"parent": "bone166",
				"pivot": [-7, 14, 8.5],
				"rotation": [0, 0, 10],
				"cubes": [
					{"origin": [4.3168, 16.07305, 16.5], "size": [0, 3, 1], "uv": [64, 15]}
				]
			},
			{
				"name": "bone168",
				"parent": "bone166",
				"pivot": [4.98006, 13.04558, 17],
				"rotation": [0, 0, 2.5],
				"cubes": [
					{"origin": [4.46035, 11.05484, 16.5], "size": [0, 3, 1], "uv": [64, 12]}
				]
			},
			{
				"name": "bone169",
				"parent": "bone166",
				"pivot": [5.501, 16.5, 17],
				"rotation": [0, 0, 12.5],
				"cubes": [
					{"origin": [4.92217, 16.91536, 16.5], "size": [0, 2, 1], "uv": [6, 43]}
				]
			},
			{
				"name": "bone144",
				"parent": "hair",
				"pivot": [0, 18, 0]
			},
			{
				"name": "bone139",
				"parent": "bone144",
				"pivot": [1.05, 13.75, -5.2],
				"rotation": [0, 0, 7.5],
				"cubes": [
					{"origin": [1.9423, 12.86747, -5.3], "size": [0, 2, 1], "uv": [54, 66]}
				]
			},
			{
				"name": "bone140",
				"parent": "bone144",
				"pivot": [1.25, 11.75, -5.2],
				"rotation": [0, 0, -12.5],
				"cubes": [
					{"origin": [2.02433, 10.61173, -5.3], "size": [0, 2, 1], "uv": [52, 66]}
				]
			},
			{
				"name": "bone69",
				"parent": "bone144",
				"pivot": [2.55, 16.25, -4.65],
				"rotation": [-15, 0, 30],
				"cubes": [
					{"origin": [2.17656, 15.07394, -5.00858], "size": [1, 3, 1], "uv": [36, 30]},
					{"origin": [2.17656, 14.77394, -5.00858], "size": [1, 1, 1], "uv": [114, 0], "inflate": 0.1}
				]
			},
			{
				"name": "ribbon",
				"parent": "hair",
				"pivot": [-4, 13, 8]
			},
			{
				"name": "bone192",
				"parent": "ribbon",
				"pivot": [-4.2, 13, 8],
				"rotation": [0, 0, 17.5],
				"cubes": [
					{"origin": [-5.10463, 13.03007, -5], "size": [1, 1, 0.2], "uv": [3, 12], "inflate": -0.1}
				]
			},
			{
				"name": "bone193",
				"parent": "ribbon",
				"pivot": [-3.8, 13, 8],
				"rotation": [0, 0, -17.5],
				"cubes": [
					{"origin": [-3.89537, 13.03007, -5], "size": [1, 1, 0.2], "uv": [0, 0], "inflate": -0.1}
				]
			},
			{
				"name": "bone194",
				"parent": "ribbon",
				"pivot": [-4.32474, 14.28842, -5.3],
				"rotation": [0, 0, -17.5],
				"cubes": [
					{"origin": [-4.92011, 13.81849, -5.8], "size": [1, 1, 1], "uv": [50, 6], "inflate": -0.1}
				]
			},
			{
				"name": "bone195",
				"parent": "ribbon",
				"pivot": [-3.67526, 14.28842, -5.3],
				"rotation": [0, 0, 17.5],
				"cubes": [
					{"origin": [-4.07989, 13.81849, -5.8], "size": [1, 1, 1], "uv": [4, 50], "inflate": -0.1}
				]
			},
			{
				"name": "helmet",
				"parent": "head",
				"pivot": [0, 0, 0]
			},
			{
				"name": "runicHat2",
				"parent": "helmet",
				"pivot": [0, 25.5, 0],
				"rotation": [-180, 0, -180]
			},
			{
				"name": "bottom10",
				"parent": "runicHat2",
				"pivot": [6, 25.5, 6]
			},
			{
				"name": "bottom11",
				"parent": "bottom10",
				"pivot": [0, 26, 1.75],
				"cubes": [
					{"origin": [-5, 25.5, -11.75], "size": [10, 1, 6], "uv": [75, 123]},
					{"origin": [-5, 25, -11.75], "size": [10, 0.5, 1], "uv": [75, 116]}
				]
			},
			{
				"name": "bottom12",
				"parent": "bottom10",
				"pivot": [0, 26, 1.75],
				"rotation": [0, -45, 0],
				"cubes": [
					{"origin": [-6.23744, 25.51, -11.23744], "size": [10, 1, 6], "uv": [75, 123]},
					{"origin": [-6.23744, 25, -11.23744], "size": [10, 0.5, 1], "uv": [75, 116]}
				]
			},
			{
				"name": "bottom13",
				"parent": "bottom10",
				"pivot": [0, 26, 1.75],
				"rotation": [0, -90, 0],
				"cubes": [
					{"origin": [-6.75, 25.5, -10], "size": [10, 1, 6], "uv": [75, 123]},
					{"origin": [-6.75, 25, -10], "size": [10, 0.5, 1], "uv": [75, 116]}
				]
			},
			{
				"name": "bottom14",
				"parent": "bottom10",
				"pivot": [0, 26, 1.75],
				"rotation": [0, -135, 0],
				"cubes": [
					{"origin": [-6.23744, 25.51, -8.76256], "size": [8, 1, 6], "uv": [76, 130]},
					{"origin": [0.76256, 25, -8.76256], "size": [1, 0.5, 6], "uv": [79, 113]},
					{"origin": [-6.23744, 25, -8.76256], "size": [8, 0.5, 1], "uv": [77, 117]}
				]
			},
			{
				"name": "bottom15",
				"parent": "bottom10",
				"pivot": [0, 26, 1.75],
				"rotation": [0, -180, 0],
				"cubes": [
					{"origin": [-3, 25.5, -8.25], "size": [8, 1, 6], "uv": [75, 130]},
					{"origin": [-3, 25, -8.25], "size": [1, 0.5, 6], "uv": [78, 113]},
					{"origin": [-3, 25, -8.25], "size": [8, 0.5, 1], "uv": [76, 116]}
				]
			},
			{
				"name": "bottom16",
				"parent": "bottom10",
				"pivot": [0, 26, 1.75],
				"rotation": [0, 135, 0],
				"cubes": [
					{"origin": [-3.76256, 25.51, -8.76256], "size": [10, 1, 6], "uv": [75, 123]},
					{"origin": [-3.76256, 25, -8.76256], "size": [10, 0.5, 1], "uv": [75, 115]}
				]
			},
			{
				"name": "bottom17",
				"parent": "bottom10",
				"pivot": [0, 26, 1.75],
				"rotation": [0, 90, 0],
				"cubes": [
					{"origin": [-3.25, 25.5, -10], "size": [10, 1, 6], "uv": [75, 123]},
					{"origin": [-3.25, 25, -10], "size": [10, 0.5, 1], "uv": [75, 115]}
				]
			},
			{
				"name": "bottom18",
				"parent": "bottom10",
				"pivot": [0, 26, 1.75],
				"rotation": [0, 45, 0],
				"cubes": [
					{"origin": [-3.76256, 25.51, -11.23744], "size": [10, 1, 6], "uv": [75, 123]},
					{"origin": [-3.76256, 25, -11.23744], "size": [10, 0.5, 1], "uv": [75, 116]}
				]
			},
			{
				"name": "L8",
				"parent": "runicHat2",
				"pivot": [4, 25.5, 5.5],
				"cubes": [
					{"origin": [-6, 25.5, -6], "size": [12, 2, 12], "uv": [2, 112]}
				]
			},
			{
				"name": "L9",
				"parent": "runicHat2",
				"pivot": [4, 25.5, 5.5],
				"cubes": [
					{"origin": [-4, 25.5, -4], "size": [8, 5, 8], "uv": [102, 112]}
				]
			},
			{
				"name": "L10",
				"parent": "runicHat2",
				"pivot": [0, 30.5, -0.5],
				"rotation": [15, 0, 0],
				"cubes": [
					{"origin": [-3.5, 28.52588, -4.09659], "size": [7, 4, 7], "uv": [38, 112]}
				]
			},
			{
				"name": "L11",
				"parent": "runicHat2",
				"pivot": [0.5, 32.31568, -1.3311],
				"rotation": [42.5, 0, 0],
				"cubes": [
					{"origin": [-3, 30.06568, -4.5811], "size": [6, 4, 6], "uv": [34, 126]}
				]
			},
			{
				"name": "L12",
				"parent": "runicHat2",
				"pivot": [1.5, 34.52751, -3.35787],
				"rotation": [67.5, 0, 0],
				"cubes": [
					{"origin": [-2, 32.52751, -6.85787], "size": [4, 3, 4], "uv": [58, 123]}
				]
			},
			{
				"name": "L13",
				"parent": "runicHat2",
				"pivot": [2.5, 35.37214, -4.09041],
				"rotation": [67.5, 0, 0],
				"cubes": [
					{"origin": [-1, 33.37214, -7.59041], "size": [2, 4, 2], "uv": [16, 120]}
				]
			},
			{
				"name": "L14",
				"parent": "runicHat2",
				"pivot": [3, 36.6974, -8.30582],
				"rotation": [85, 0, 0],
				"cubes": [
					{"origin": [-0.5, 34.6974, -11.80582], "size": [1, 2, 1], "uv": [6, 131]}
				]
			},
			{
				"name": "bone197",
				"parent": "runicHat2",
				"pivot": [0, 28.25, 0],
				"rotation": [2.5, 0, 0]
			},
			{
				"name": "bone200",
				"parent": "bone197",
				"pivot": [0, 27.75, 0],
				"cubes": [
					{"origin": [-1.5, 27.75, 5.0981], "size": [3, 1, 0.5], "uv": [119, 10]}
				]
			},
			{
				"name": "bone201",
				"parent": "bone197",
				"pivot": [0, 27.75, 0],
				"rotation": [0, -30, 0],
				"cubes": [
					{"origin": [-1.5, 27.75, 5.0981], "size": [3, 1, 0.5], "uv": [119, 10]}
				]
			},
			{
				"name": "bone202",
				"parent": "bone197",
				"pivot": [0, 27.75, 0],
				"rotation": [0, -60, 0],
				"cubes": [
					{"origin": [-1.5, 27.75, 5.0981], "size": [3, 1, 0.5], "uv": [119, 10]}
				]
			},
			{
				"name": "bone53",
				"parent": "bone197",
				"pivot": [0, 27.75, 0],
				"rotation": [0, -90, 0],
				"cubes": [
					{"origin": [-1.5, 27.75, 5.0981], "size": [3, 1, 0.5], "uv": [119, 10]}
				]
			},
			{
				"name": "bone78",
				"parent": "bone197",
				"pivot": [0, 27.75, 0],
				"rotation": [0, -120, 0],
				"cubes": [
					{"origin": [-1.5, 27.75, 5.0981], "size": [3, 1, 0.5], "uv": [119, 10]}
				]
			},
			{
				"name": "bone83",
				"parent": "bone197",
				"pivot": [0, 27.75, 0],
				"rotation": [0, -150, 0],
				"cubes": [
					{"origin": [-1.5, 27.75, 5.0981], "size": [3, 1, 0.5], "uv": [119, 10]}
				]
			},
			{
				"name": "bone84",
				"parent": "bone197",
				"pivot": [0, 27.75, 0],
				"rotation": [0, -180, 0],
				"cubes": [
					{"origin": [-1.5, 27.75, 5.0981], "size": [3, 1, 0.5], "uv": [119, 10]}
				]
			},
			{
				"name": "bone85",
				"parent": "bone197",
				"pivot": [0, 27.75, 0],
				"rotation": [0, -210, 0],
				"cubes": [
					{"origin": [-1.5, 27.75, 5.0981], "size": [3, 1, 0.5], "uv": [119, 10]}
				]
			},
			{
				"name": "bone86",
				"parent": "bone197",
				"pivot": [0, 27.75, 0],
				"rotation": [0, -240, 0],
				"cubes": [
					{"origin": [-1.5, 27.75, 5.0981], "size": [3, 1, 0.5], "uv": [119, 10]}
				]
			},
			{
				"name": "bone87",
				"parent": "bone197",
				"pivot": [0, 27.75, 0],
				"rotation": [0, -270, 0],
				"cubes": [
					{"origin": [-1.5, 27.75, 5.0981], "size": [3, 1, 0.5], "uv": [119, 10]}
				]
			},
			{
				"name": "bone88",
				"parent": "bone197",
				"pivot": [0, 27.75, 0],
				"rotation": [0, -300, 0],
				"cubes": [
					{"origin": [-1.5, 27.75, 5.0981], "size": [3, 1, 0.5], "uv": [119, 10]}
				]
			},
			{
				"name": "bone89",
				"parent": "bone197",
				"pivot": [0, 27.75, 0],
				"rotation": [0, -330, 0],
				"cubes": [
					{"origin": [-1.5, 27.75, 5.0981], "size": [3, 1, 0.5], "uv": [119, 10]}
				]
			},
			{
				"name": "bone90",
				"parent": "runicHat2",
				"pivot": [0, 31, -0.5],
				"rotation": [30.5, 0, 0]
			},
			{
				"name": "bone91",
				"parent": "bone90",
				"pivot": [0, 30.5, -0.5],
				"cubes": [
					{"origin": [-1, 30.5, 4.02734], "size": [2, 1, 0.5], "uv": [115, 10]}
				]
			},
			{
				"name": "bone92",
				"parent": "bone90",
				"pivot": [0, 30.5, -0.5],
				"rotation": [0, -22.5, 0],
				"cubes": [
					{"origin": [-1, 30.5, 4.02734], "size": [2, 1, 0.5], "uv": [115, 10]}
				]
			},
			{
				"name": "bone93",
				"parent": "bone90",
				"pivot": [0, 30.5, -0.5],
				"rotation": [0, -45, 0],
				"cubes": [
					{"origin": [-1, 30.5, 4.02734], "size": [2, 1, 0.5], "uv": [115, 10]}
				]
			},
			{
				"name": "bone94",
				"parent": "bone90",
				"pivot": [0, 30.5, -0.5],
				"rotation": [0, -67.5, 0],
				"cubes": [
					{"origin": [-1, 30.5, 4.02734], "size": [2, 1, 0.5], "uv": [115, 10]}
				]
			},
			{
				"name": "bone138",
				"parent": "bone90",
				"pivot": [0, 30.5, -0.5],
				"rotation": [0, -90, 0],
				"cubes": [
					{"origin": [-1, 30.5, 4.02734], "size": [2, 1, 0.5], "uv": [115, 10]}
				]
			},
			{
				"name": "bone141",
				"parent": "bone90",
				"pivot": [0, 30.5, -0.5],
				"rotation": [0, -112.5, 0],
				"cubes": [
					{"origin": [-1, 30.5, 4.02734], "size": [2, 1, 0.5], "uv": [115, 10]}
				]
			},
			{
				"name": "bone219",
				"parent": "bone90",
				"pivot": [0, 30.5, -0.5],
				"rotation": [0, -135, 0],
				"cubes": [
					{"origin": [-1, 30.5, 4.02734], "size": [2, 1, 0.5], "uv": [115, 10]}
				]
			},
			{
				"name": "bone220",
				"parent": "bone90",
				"pivot": [0, 30.5, -0.5],
				"rotation": [0, -157.5, 0],
				"cubes": [
					{"origin": [-1, 30.5, 4.02734], "size": [2, 1, 0.5], "uv": [115, 10]}
				]
			},
			{
				"name": "bone221",
				"parent": "bone90",
				"pivot": [0, 30.5, -0.5],
				"rotation": [0, -180, 0],
				"cubes": [
					{"origin": [-1, 30.5, 4.02734], "size": [2, 1, 0.5], "uv": [115, 10]}
				]
			},
			{
				"name": "bone222",
				"parent": "bone90",
				"pivot": [0, 30.5, -0.5],
				"rotation": [0, -202.5, 0],
				"cubes": [
					{"origin": [-1, 30.5, 4.02734], "size": [2, 1, 0.5], "uv": [115, 10]}
				]
			},
			{
				"name": "bone223",
				"parent": "bone90",
				"pivot": [0, 30.5, -0.5],
				"rotation": [0, -225, 0],
				"cubes": [
					{"origin": [-1, 30.5, 4.02734], "size": [2, 1, 0.5], "uv": [115, 10]}
				]
			},
			{
				"name": "bone224",
				"parent": "bone90",
				"pivot": [0, 30.5, -0.5],
				"rotation": [0, -247.5, 0],
				"cubes": [
					{"origin": [-1, 30.5, 4.02734], "size": [2, 1, 0.5], "uv": [115, 10]}
				]
			},
			{
				"name": "bone225",
				"parent": "bone90",
				"pivot": [0, 30.5, -0.5],
				"rotation": [0, -270, 0],
				"cubes": [
					{"origin": [-1, 30.5, 4.02734], "size": [2, 1, 0.5], "uv": [115, 10]}
				]
			},
			{
				"name": "bone226",
				"parent": "bone90",
				"pivot": [0, 30.5, -0.5],
				"rotation": [0, -292.5, 0],
				"cubes": [
					{"origin": [-1, 30.5, 4.02734], "size": [2, 1, 0.5], "uv": [115, 10]}
				]
			},
			{
				"name": "bone227",
				"parent": "bone90",
				"pivot": [0, 30.5, -0.5],
				"rotation": [0, -315, 0],
				"cubes": [
					{"origin": [-1, 30.5, 4.02734], "size": [2, 1, 0.5], "uv": [115, 10]}
				]
			},
			{
				"name": "bone228",
				"parent": "bone90",
				"pivot": [0, 30.5, -0.5],
				"rotation": [0, -337.5, 0],
				"cubes": [
					{"origin": [-1, 30.5, 4.02734], "size": [2, 1, 0.5], "uv": [115, 10]}
				]
			},
			{
				"name": "bone196",
				"parent": "runicHat2",
				"pivot": [0, 33.2, -8.5],
				"rotation": [-175, -25, 180]
			},
			{
				"name": "bone198",
				"parent": "bone196",
				"pivot": [-3, 32, -4],
				"rotation": [17.5, -10, 0]
			},
			{
				"name": "bone199",
				"parent": "bone198",
				"pivot": [0, 0, -17],
				"cubes": [
					{"origin": [-3.81534, 31.13723, -10.83797], "size": [6, 6, 5], "uv": [132, 3], "inflate": -2.5}
				]
			},
			{
				"name": "bone254",
				"parent": "bone198",
				"pivot": [0, -1.4, -17],
				"cubes": [
					{"origin": [-3.81534, 29.73723, -10.83797], "size": [6, 6, 5], "uv": [132, 3], "inflate": -2.5}
				]
			},
			{
				"name": "bone253",
				"parent": "bone198",
				"pivot": [-3, 31.3, -4.5],
				"rotation": [0, -90, 0],
				"cubes": [
					{"origin": [-9.83797, 30.43723, -9.18466], "size": [6, 6, 5], "uv": [132, 3], "inflate": -2.5}
				]
			},
			{
				"name": "bone255",
				"parent": "bone198",
				"pivot": [-0.9, 32.3, -8.4],
				"rotation": [-17.5, -70, 10],
				"cubes": [
					{"origin": [-3.83797, 29.03723, -10.98466], "size": [6, 6, 5], "uv": [132, 3], "inflate": -2.5}
				]
			},
			{
				"name": "bone256",
				"parent": "bone196",
				"pivot": [-0.1, 29.7, -7.8],
				"rotation": [-84.26445, 22.69599, 16.92974]
			},
			{
				"name": "bone259",
				"parent": "bone256",
				"pivot": [-0.1, 29.7, -7.8]
			},
			{
				"name": "bone257",
				"parent": "bone259",
				"pivot": [-0.1, 29.7, -7.8],
				"cubes": [
					{"origin": [0.575, 29.7, -8.175], "size": [0.25, 0.25, 0.75], "uv": [143, 38]}
				]
			},
			{
				"name": "bone258",
				"parent": "bone259",
				"pivot": [0.4, 29.825, -7.8],
				"rotation": [0, 90, 0],
				"cubes": [
					{"origin": [0.275, 29.7, -8.275], "size": [0.25, 0.25, 0.75], "uv": [144, 31]}
				]
			},
			{
				"name": "bone278",
				"parent": "bone256",
				"pivot": [-0.1, 29.7, -7.8],
				"rotation": [0, 45, 0]
			},
			{
				"name": "bone279",
				"parent": "bone278",
				"pivot": [-0.1, 29.7, -7.8],
				"cubes": [
					{"origin": [0.575, 29.7, -8.175], "size": [0.25, 0.25, 0.75], "uv": [143, 38]}
				]
			},
			{
				"name": "bone280",
				"parent": "bone278",
				"pivot": [0.4, 29.825, -7.8],
				"rotation": [0, 90, 0],
				"cubes": [
					{"origin": [0.275, 29.7, -8.275], "size": [0.25, 0.25, 0.75], "uv": [144, 31]}
				]
			},
			{
				"name": "bone275",
				"parent": "bone256",
				"pivot": [-0.1, 29.7, -7.8],
				"rotation": [0, 90, 0]
			},
			{
				"name": "bone276",
				"parent": "bone275",
				"pivot": [-0.1, 29.7, -7.8],
				"cubes": [
					{"origin": [0.575, 29.7, -8.175], "size": [0.25, 0.25, 0.75], "uv": [143, 38]}
				]
			},
			{
				"name": "bone277",
				"parent": "bone275",
				"pivot": [0.4, 29.825, -7.8],
				"rotation": [0, 90, 0],
				"cubes": [
					{"origin": [0.275, 29.7, -8.275], "size": [0.25, 0.25, 0.75], "uv": [144, 31]}
				]
			},
			{
				"name": "bone272",
				"parent": "bone256",
				"pivot": [-0.1, 29.7, -7.8],
				"rotation": [0, 135, 0]
			},
			{
				"name": "bone273",
				"parent": "bone272",
				"pivot": [-0.1, 29.7, -7.8],
				"cubes": [
					{"origin": [0.575, 29.7, -8.175], "size": [0.25, 0.25, 0.75], "uv": [143, 38]}
				]
			},
			{
				"name": "bone274",
				"parent": "bone272",
				"pivot": [0.4, 29.825, -7.8],
				"rotation": [0, 90, 0],
				"cubes": [
					{"origin": [0.275, 29.7, -8.275], "size": [0.25, 0.25, 0.75], "uv": [144, 31]}
				]
			},
			{
				"name": "bone269",
				"parent": "bone256",
				"pivot": [-0.1, 29.7, -7.8],
				"rotation": [0, 180, 0]
			},
			{
				"name": "bone270",
				"parent": "bone269",
				"pivot": [-0.1, 29.7, -7.8],
				"cubes": [
					{"origin": [0.575, 29.7, -8.175], "size": [0.25, 0.25, 0.75], "uv": [143, 38]}
				]
			},
			{
				"name": "bone271",
				"parent": "bone269",
				"pivot": [0.4, 29.825, -7.8],
				"rotation": [0, 90, 0],
				"cubes": [
					{"origin": [0.275, 29.7, -8.275], "size": [0.25, 0.25, 0.75], "uv": [144, 31]}
				]
			},
			{
				"name": "bone266",
				"parent": "bone256",
				"pivot": [-0.1, 29.7, -7.8],
				"rotation": [0, -135, 0]
			},
			{
				"name": "bone267",
				"parent": "bone266",
				"pivot": [-0.1, 29.7, -7.8],
				"cubes": [
					{"origin": [0.575, 29.7, -8.175], "size": [0.25, 0.25, 0.75], "uv": [143, 38]}
				]
			},
			{
				"name": "bone268",
				"parent": "bone266",
				"pivot": [0.4, 29.825, -7.8],
				"rotation": [0, 90, 0],
				"cubes": [
					{"origin": [0.275, 29.7, -8.275], "size": [0.25, 0.25, 0.75], "uv": [144, 31]}
				]
			},
			{
				"name": "bone263",
				"parent": "bone256",
				"pivot": [-0.1, 29.7, -7.8],
				"rotation": [0, -90, 0]
			},
			{
				"name": "bone264",
				"parent": "bone263",
				"pivot": [-0.1, 29.7, -7.8],
				"cubes": [
					{"origin": [0.575, 29.7, -8.175], "size": [0.25, 0.25, 0.75], "uv": [143, 38]}
				]
			},
			{
				"name": "bone265",
				"parent": "bone263",
				"pivot": [0.4, 29.825, -7.8],
				"rotation": [0, 90, 0],
				"cubes": [
					{"origin": [0.275, 29.7, -8.275], "size": [0.25, 0.25, 0.75], "uv": [144, 31]}
				]
			},
			{
				"name": "bone260",
				"parent": "bone256",
				"pivot": [-0.1, 29.7, -7.8],
				"rotation": [0, -45, 0]
			},
			{
				"name": "bone261",
				"parent": "bone260",
				"pivot": [-0.1, 29.7, -7.8],
				"cubes": [
					{"origin": [0.575, 29.7, -8.175], "size": [0.25, 0.25, 0.75], "uv": [143, 38]}
				]
			},
			{
				"name": "bone262",
				"parent": "bone260",
				"pivot": [0.4, 29.825, -7.8],
				"rotation": [0, 90, 0],
				"cubes": [
					{"origin": [0.275, 29.7, -8.275], "size": [0.25, 0.25, 0.75], "uv": [144, 31]}
				]
			},
			{
				"name": "armRight",
				"pivot": [0, 17.5, 0],
				"rotation": [0, 0, 25],
				"cubes": [
					{"origin": [-5.81262, 7.65476, -2.5], "size": [5, 2, 5], "uv": [36, 30], "mirror": true},
					{"origin": [-3.83047, 7.12369, -1], "size": [2, 10, 2], "uv": [92, 38]},
					{"origin": [-5.31262, 8.65476, -2], "size": [4, 8, 4], "uv": [78, 48]}
				]
			},
			{
				"name": "armRightPositioningBone",
				"parent": "armRight",
				"pivot": [-2.8, 7.5, 0]
			},
			{
				"name": "armLeft",
				"pivot": [0, 17.5, 0],
				"rotation": [0, 0, -25],
				"cubes": [
					{"origin": [1.31262, 8.65476, -2], "size": [4, 8, 4], "uv": [78, 0]},
					{"origin": [1.83047, 7.12369, -1], "size": [2, 10, 2], "uv": [92, 10]},
					{"origin": [0.81262, 7.65476, -2.5], "size": [5, 2, 5], "uv": [36, 30]}
				]
			},
			{
				"name": "armLeftPositioningBone",
				"parent": "armLeft",
				"pivot": [2.8, 7.5, 0]
			},
			{
				"name": "body",
				"pivot": [0, 10.5, 0],
				"cubes": [
					{"origin": [-3, 8.999, -3], "size": [6, 9, 6], "uv": [0, 67]}
				]
			},
			{
				"name": "ribbon2",
				"parent": "body",
				"pivot": [0, -0.2, 0]
			},
			{
				"name": "bone46",
				"parent": "ribbon2",
				"pivot": [0, -0.2, 0],
				"cubes": [
					{"origin": [-0.5, 15.35, -3.6], "size": [1, 1, 1], "uv": [114, 18], "inflate": -0.25}
				]
			},
			{
				"name": "bone57",
				"parent": "ribbon2",
				"pivot": [-0.44, 15.36363, -3.05],
				"rotation": [0, 0, 27.5],
				"cubes": [
					{"origin": [-0.94, 14.36363, -3.55], "size": [1.2, 2, 0.8], "uv": [116, 19], "inflate": -0.3}
				]
			},
			{
				"name": "bone132",
				"parent": "ribbon2",
				"pivot": [0.3513, 15.31746, -3.05],
				"rotation": [0, 0, -27.5],
				"cubes": [
					{"origin": [-0.2487, 14.31746, -3.55], "size": [1.2, 2, 0.8], "uv": [116, 19], "inflate": -0.3, "mirror": true}
				]
			},
			{
				"name": "bone134",
				"parent": "ribbon2",
				"pivot": [2.42196, 15.25658, -4],
				"rotation": [0, 0, 52.5],
				"cubes": [
					{"origin": [0.03063, 13.64689, -3.35], "size": [0.8, 2.5, 0.7], "uv": [117, 19], "inflate": -0.3, "mirror": true}
				]
			},
			{
				"name": "bone135",
				"parent": "ribbon2",
				"pivot": [-2.42196, 15.25658, -3.9],
				"rotation": [0, 0, -52.5],
				"cubes": [
					{"origin": [-0.83063, 13.64689, -3.35], "size": [0.8, 2.5, 0.7], "uv": [117, 19], "inflate": -0.3}
				]
			},
			{
				"name": "bone133",
				"parent": "ribbon2",
				"pivot": [1.48755, 13.20166, -3.05],
				"rotation": [0, 0, -12.5],
				"cubes": [
					{"origin": [0.16403, 12.73985, -3.4501], "size": [1, 3.5, 0.7], "uv": [116, 18], "inflate": -0.3, "mirror": true}
				]
			},
			{
				"name": "bone136",
				"parent": "ribbon2",
				"pivot": [-1.48755, 13.20166, -3.05],
				"rotation": [0, 0, 12.5],
				"cubes": [
					{"origin": [-1.16403, 12.73985, -3.4501], "size": [1, 3.5, 0.7], "uv": [114, 18], "inflate": -0.3}
				]
			},
			{
				"name": "bone137",
				"parent": "body",
				"pivot": [0, 10.5, 0]
			},
			{
				"name": "v2",
				"parent": "bone137",
				"pivot": [1, 17.2, -3],
				"rotation": [-10, -5, -62.5],
				"cubes": [
					{"origin": [-0.33591, 16.8098, -2.98952], "size": [2, 1, 0], "uv": [126, 46], "mirror": true}
				]
			},
			{
				"name": "v",
				"parent": "bone137",
				"pivot": [-1, 17.2, -3],
				"rotation": [-10, 5, 62.5],
				"cubes": [
					{"origin": [-1.66409, 16.8098, -2.98952], "size": [2, 1, 0], "uv": [126, 46]}
				]
			},
			{
				"name": "legLeft",
				"pivot": [1.8, 9, 0],
				"cubes": [
					{"origin": [0.049, 0, -1.5], "size": [3, 9, 3], "uv": [0, 30]}
				]
			},
			{
				"name": "legRight",
				"pivot": [-1.9, 9, 0],
				"cubes": [
					{"origin": [-3.049, 0, -1.5], "size": [3, 9, 3], "uv": [0, 0]}
				]
			},
			{
				"name": "chestPlate",
				"pivot": [0, 0, 0]
			},
			{
				"name": "cape4",
				"parent": "chestPlate",
				"pivot": [0, 0, 0]
			},
			{
				"name": "cape2",
				"parent": "cape4",
				"pivot": [0, 22.5, 0]
			},
			{
				"name": "bone54",
				"parent": "cape2",
				"pivot": [0, 22.5, 0],
				"rotation": [0, 225, 0]
			},
			{
				"name": "bone55",
				"parent": "bone54",
				"pivot": [0, 22.5, -2.86506],
				"rotation": [55, 0, 0]
			},
			{
				"name": "bone56",
				"parent": "bone55",
				"pivot": [-1, 23.22219, -2.86506],
				"rotation": [0, 0, -21.16749],
				"cubes": [
					{"origin": [-2, 21.22219, -7.16586], "size": [2, 3, 0], "uv": [64, 20]},
					{"origin": [-0.5, 21.22219, -7.31586], "size": [0.5, 3, 0.5], "uv": [126, 20]},
					{"origin": [-2, 23.82219, -7.31586], "size": [2, 0.5, 0.5], "uv": [124, 21]}
				]
			},
			{
				"name": "bone75",
				"parent": "cape2",
				"pivot": [0, 22.5, 0],
				"rotation": [0, -225, 0]
			},
			{
				"name": "bone76",
				"parent": "bone75",
				"pivot": [0, 22.5, 2.86506],
				"rotation": [-55, 0, 0]
			},
			{
				"name": "bone77",
				"parent": "bone76",
				"pivot": [-1, 22.86841, 7.57344],
				"rotation": [0, -32.5, -21.16749],
				"cubes": [
					{"origin": [-2, 21.36841, 7.57344], "size": [2, 3, 0], "uv": [64, 20]},
					{"origin": [-0.5, 21.36841, 7.32344], "size": [0.5, 3, 0.5], "uv": [126, 20]},
					{"origin": [-2, 23.86841, 7.32344], "size": [2, 0.5, 0.5], "uv": [124, 21]}
				]
			},
			{
				"name": "bone79",
				"parent": "cape2",
				"pivot": [0, 22.5, 0],
				"rotation": [0, -270, 0]
			},
			{
				"name": "bone58",
				"parent": "bone79",
				"pivot": [0, 22.5, 2.86506],
				"rotation": [-55, 0, 0],
				"cubes": [
					{"origin": [0.84818, 20.69083, 6.9147], "size": [2, 3, 0], "uv": [64, 20]},
					{"origin": [-2.90118, 20.70754, 6.92123], "size": [2, 3, 0], "uv": [60, 20]},
					{"origin": [-3.00118, 23.20754, 6.67123], "size": [2, 0.5, 0.5], "uv": [124, 21]},
					{"origin": [-1.00118, 23.20754, 6.67123], "size": [2, 0.5, 0.5], "uv": [124, 21]},
					{"origin": [0.99882, 23.20754, 6.67123], "size": [2, 0.5, 0.5], "uv": [124, 21]},
					{"origin": [-1, 20.72219, 6.91686], "size": [2, 3, 0], "uv": [64, 20]}
				]
			},
			{
				"name": "cape3",
				"parent": "cape4",
				"pivot": [0, 22.5, 0]
			},
			{
				"name": "bone59",
				"parent": "cape3",
				"pivot": [0, 22.5, 0],
				"rotation": [0, -225, 0]
			},
			{
				"name": "bone60",
				"parent": "bone59",
				"pivot": [0, 22.5, -2.86506],
				"rotation": [55, 0, 0]
			},
			{
				"name": "bone61",
				"parent": "bone60",
				"pivot": [1, 23.22219, -2.86506],
				"rotation": [0, 0, 21.16749],
				"cubes": [
					{"origin": [0, 21.22219, -7.16586], "size": [2, 3, 0], "uv": [64, 20]},
					{"origin": [0, 21.22219, -7.31586], "size": [0.5, 3, 0.5], "uv": [126, 20]},
					{"origin": [0, 23.82219, -7.31586], "size": [2, 0.5, 0.5], "uv": [124, 21]}
				]
			},
			{
				"name": "bone62",
				"parent": "bone60",
				"pivot": [-1, 23.22219, -2.86506],
				"rotation": [0, 0, -21.16749]
			},
			{
				"name": "bone63",
				"parent": "cape3",
				"pivot": [0, 22.5, 0],
				"rotation": [0, 225, 0]
			},
			{
				"name": "bone64",
				"parent": "bone63",
				"pivot": [0, 22.5, 2.86506],
				"rotation": [-55, 0, 0]
			},
			{
				"name": "bone65",
				"parent": "bone64",
				"pivot": [1, 22.86841, 7.57344],
				"rotation": [0, 32.5, 21.16749],
				"cubes": [
					{"origin": [0, 21.36841, 7.57344], "size": [2, 3, 0], "uv": [64, 20]},
					{"origin": [0, 21.36841, 7.32344], "size": [0.5, 3, 0.5], "uv": [126, 20]},
					{"origin": [0, 23.86841, 7.32344], "size": [2, 0.5, 0.5], "uv": [124, 21]}
				]
			},
			{
				"name": "bone66",
				"parent": "bone64",
				"pivot": [-1, 23.22219, 2.86506],
				"rotation": [0, 0, -21.16749]
			},
			{
				"name": "bone67",
				"parent": "cape3",
				"pivot": [0, 22.5, 0],
				"rotation": [0, 270, 0]
			},
			{
				"name": "bone68",
				"parent": "bone67",
				"pivot": [0, 22.5, 2.86506],
				"rotation": [-55, 0, 0],
				"cubes": [
					{"origin": [-2.84818, 20.69083, 6.9147], "size": [2, 3, 0], "uv": [64, 20]},
					{"origin": [-1, 20.72219, 6.91686], "size": [2, 3, 0], "uv": [64, 20]},
					{"origin": [0.90118, 20.70754, 6.92123], "size": [2, 3, 0], "uv": [64, 20]},
					{"origin": [1.00118, 23.20754, 6.67123], "size": [2, 0.5, 0.5], "uv": [124, 21]},
					{"origin": [-0.99882, 23.20754, 6.67123], "size": [2, 0.5, 0.5], "uv": [124, 21]},
					{"origin": [-2.99882, 23.20754, 6.67123], "size": [2, 0.5, 0.5], "uv": [124, 21]}
				]
			},
			{
				"name": "cape",
				"parent": "cape4",
				"pivot": [-5, 14, 0]
			},
			{
				"name": "bone18",
				"parent": "cape",
				"pivot": [-5, 12.5, 0],
				"rotation": [0, 0, 30]
			},
			{
				"name": "bone19",
				"parent": "bone18",
				"pivot": [-5, 12.5, 0]
			},
			{
				"name": "bone20",
				"parent": "bone19",
				"pivot": [-5, 12.5, 4.47051],
				"rotation": [10, 0, 0],
				"cubes": [
					{"origin": [-7.5, 12.15782, 4.47051], "size": [5, 6, 0], "uv": [94, 0]},
					{"origin": [-7.5, 12.15782, 4.22051], "size": [5, 0.5, 0.5], "uv": [126, 20]}
				]
			},
			{
				"name": "bone21",
				"parent": "bone20",
				"pivot": [-7.5, 12.15782, 4.47051],
				"rotation": [0, 0, 9.85108],
				"cubes": [
					{"origin": [-9.5, 12.15782, 4.46951], "size": [2, 6, 0], "uv": [60, 13]},
					{"origin": [-9.5, 12.15782, 4.21951], "size": [2, 0.5, 0.5], "uv": [126, 20]}
				]
			},
			{
				"name": "bone22",
				"parent": "bone20",
				"pivot": [-2.5, 12.15782, 4.47051],
				"rotation": [0, 0, -9.85108]
			},
			{
				"name": "bone23",
				"parent": "bone18",
				"pivot": [-5, 12.5, 0],
				"rotation": [0, -90, 0]
			},
			{
				"name": "bone24",
				"parent": "bone23",
				"pivot": [-5, 12.5, 4.47051],
				"rotation": [10, 0, 0]
			},
			{
				"name": "bone25",
				"parent": "bone24",
				"pivot": [-7.5, 12.15782, 4.47051],
				"rotation": [0, 0, 9.85108],
				"cubes": [
					{"origin": [-9.5, 12.15782, 4.46951], "size": [4, 6, 0], "uv": [70, 0]},
					{"origin": [-9.75, 12.15782, 4.21951], "size": [4, 0.5, 0.5], "uv": [126, 20]},
					{"origin": [-6, 12.15782, 4.21951], "size": [0.5, 4, 0.5], "uv": [126, 20]}
				]
			},
			{
				"name": "bone26",
				"parent": "bone24",
				"pivot": [-2.5, 12.15782, 4.47051],
				"rotation": [0, 0, -9.85108],
				"cubes": [
					{"origin": [-4.5, 12.15782, 4.47151], "size": [4, 6, 0], "uv": [70, 0]},
					{"origin": [-4.25, 12.15782, 4.22151], "size": [4, 0.5, 0.5], "uv": [125, 22]},
					{"origin": [-4.5, 12.15782, 4.22151], "size": [0.5, 4, 0.5], "uv": [126, 20]}
				]
			},
			{
				"name": "bone27",
				"parent": "bone18",
				"pivot": [-5, 12.5, 0],
				"rotation": [0, -180, 0]
			},
			{
				"name": "bone28",
				"parent": "bone27",
				"pivot": [-5, 12.5, 4.47051],
				"rotation": [10, 0, 0],
				"cubes": [
					{"origin": [-7.5, 12.15782, 4.47051], "size": [5, 6, 0], "uv": [88, 78]},
					{"origin": [-7.5, 12.15782, 4.22051], "size": [5, 0.5, 0.5], "uv": [124, 22]},
					{"origin": [-7.52261, 12.20696, 4.245], "size": [0.5, 2.5, 0.5], "uv": [126, 20]},
					{"origin": [-5.5, 17.65782, 4.22051], "size": [2, 0.5, 0.5], "uv": [124, 21]}
				]
			},
			{
				"name": "bone29",
				"parent": "bone28",
				"pivot": [-7.5, 12.15782, 4.47051],
				"rotation": [0, 0, 9.85108]
			},
			{
				"name": "bone30",
				"parent": "bone28",
				"pivot": [-2.5, 12.15782, 4.47051],
				"rotation": [0, 0, -9.85108],
				"cubes": [
					{"origin": [-2.5, 12.15782, 4.47151], "size": [2, 6, 0], "uv": [60, 13]},
					{"origin": [-2.5, 12.15782, 4.22151], "size": [2, 0.5, 0.5], "uv": [126, 20]}
				]
			},
			{
				"name": "bone31",
				"parent": "bone18",
				"pivot": [-5, 12.5, 0],
				"rotation": [0, -270, 0]
			},
			{
				"name": "bone32",
				"parent": "bone31",
				"pivot": [-5, 12.5, 4.47051],
				"rotation": [10, 0, 0]
			},
			{
				"name": "bone33",
				"parent": "bone32",
				"pivot": [-7.5, 12.15782, 4.47051],
				"rotation": [0, 0, 9.85108]
			},
			{
				"name": "bone34",
				"parent": "bone32",
				"pivot": [-2.5, 12.15782, 4.47051],
				"rotation": [0, 0, -9.85108]
			},
			{
				"name": "bone35",
				"parent": "cape",
				"pivot": [5, 12.5, 0],
				"rotation": [0, 0, -30]
			},
			{
				"name": "bone36",
				"parent": "bone35",
				"pivot": [5, 12.5, 0]
			},
			{
				"name": "bone37",
				"parent": "bone36",
				"pivot": [5, 12.5, 4.47051],
				"rotation": [10, 0, 0],
				"cubes": [
					{"origin": [2.5, 12.15782, 4.47051], "size": [5, 6, 0], "uv": [94, 0], "mirror": true},
					{"origin": [2.5, 12.15782, 4.22051], "size": [5, 0.5, 0.5], "uv": [126, 20]}
				]
			},
			{
				"name": "bone38",
				"parent": "bone37",
				"pivot": [7.5, 12.15782, 4.47051],
				"rotation": [0, 0, -9.85108],
				"cubes": [
					{"origin": [7.5, 12.15782, 4.46951], "size": [2, 6, 0], "uv": [60, 13]},
					{"origin": [7.5, 12.15782, 4.21951], "size": [2, 0.5, 0.5], "uv": [126, 20]}
				]
			},
			{
				"name": "bone39",
				"parent": "bone37",
				"pivot": [2.5, 12.15782, 4.47051],
				"rotation": [0, 0, 9.85108]
			},
			{
				"name": "bone40",
				"parent": "bone35",
				"pivot": [5, 12.5, 0],
				"rotation": [0, 90, 0]
			},
			{
				"name": "bone41",
				"parent": "bone40",
				"pivot": [5, 12.5, 4.47051],
				"rotation": [10, 0, 0]
			},
			{
				"name": "bone42",
				"parent": "bone41",
				"pivot": [7.5, 12.15782, 4.47051],
				"rotation": [0, 0, -9.85108],
				"cubes": [
					{"origin": [5.5, 12.15782, 4.46951], "size": [4, 6, 0], "uv": [70, 0]},
					{"origin": [5.75, 12.15782, 4.21951], "size": [4, 0.5, 0.5], "uv": [126, 20]},
					{"origin": [5.5, 12.15782, 4.21951], "size": [0.5, 4, 0.5], "uv": [126, 20]}
				]
			},
			{
				"name": "bone43",
				"parent": "bone41",
				"pivot": [2.5, 12.15782, 4.47051],
				"rotation": [0, 0, 9.85108],
				"cubes": [
					{"origin": [0.46683, 12.19277, 4.47151], "size": [4, 6, 0], "uv": [70, 0]},
					{"origin": [3.96683, 12.19277, 4.22151], "size": [0.5, 4, 0.5], "uv": [129, 20]},
					{"origin": [0.21683, 12.19277, 4.22151], "size": [4, 0.5, 0.5], "uv": [127, 23]}
				]
			},
			{
				"name": "bone44",
				"parent": "bone35",
				"pivot": [5, 12.5, 0],
				"rotation": [0, 180, 0]
			},
			{
				"name": "bone45",
				"parent": "bone44",
				"pivot": [5, 12.5, 4.47051],
				"rotation": [10, 0, 0],
				"cubes": [
					{"origin": [2.5, 12.15782, 4.47051], "size": [5, 6, 0], "uv": [88, 78], "mirror": true},
					{"origin": [2.5, 12.15782, 4.22051], "size": [5, 0.5, 0.5], "uv": [126, 20]},
					{"origin": [7.02261, 12.45696, 4.245], "size": [0.5, 2.25, 0.5], "uv": [126, 20]},
					{"origin": [3.5, 17.65782, 4.22051], "size": [2, 0.5, 0.5], "uv": [124, 21]}
				]
			},
			{
				"name": "bone47",
				"parent": "bone45",
				"pivot": [2.5, 12.15782, 4.47051],
				"rotation": [0, 0, 9.85108],
				"cubes": [
					{"origin": [0.5, 12.15782, 4.47151], "size": [2, 6, 0], "uv": [60, 13], "mirror": true},
					{"origin": [0.5, 12.15782, 4.22151], "size": [2, 0.5, 0.5], "uv": [126, 20]}
				]
			},
			{
				"name": "bone48",
				"parent": "bone35",
				"pivot": [5, 12.5, 0],
				"rotation": [0, 270, 0]
			},
			{
				"name": "bone49",
				"parent": "bone48",
				"pivot": [5, 12.5, 4.47051],
				"rotation": [10, 0, 0]
			},
			{
				"name": "bone50",
				"parent": "bone49",
				"pivot": [7.5, 12.15782, 4.47051],
				"rotation": [0, 0, -9.85108]
			},
			{
				"name": "bone51",
				"parent": "bone49",
				"pivot": [2.5, 12.15782, 4.47051],
				"rotation": [0, 0, 9.85108]
			},
			{
				"name": "bone52",
				"parent": "cape",
				"pivot": [0, 14.30693, 3.77737],
				"rotation": [10, 0, 0],
				"cubes": [
					{"origin": [-3.5, 10.30744, 3.8374], "size": [7, 7, 0], "uv": [80, 71]},
					{"origin": [-3, 10.80744, 3.6874], "size": [6, 0.5, 0.5], "uv": [126, 20]}
				]
			},
			{
				"name": "bone",
				"parent": "cape4",
				"pivot": [3, 13.98167, -1.08469],
				"rotation": [-9, 5, 0],
				"cubes": [
					{"origin": [2.1, 10.48167, -3.98469], "size": [2, 7, 6], "uv": [64, 71]},
					{"origin": [1.99499, 12.6446, -4.28831], "size": [0.5, 4, 0.5], "uv": [126, 20]}
				]
			},
			{
				"name": "bone115",
				"parent": "cape4",
				"pivot": [-3, 13.98167, -1.08469],
				"rotation": [-9, -5, 0],
				"cubes": [
					{"origin": [-4.1, 10.48167, -3.98469], "size": [2, 7, 6], "uv": [64, 71], "mirror": true},
					{"origin": [-2.49499, 12.6446, -4.28831], "size": [0.5, 4, 0.5], "uv": [126, 20]}
				]
			},
			{
				"name": "GEM3",
				"parent": "chestPlate",
				"pivot": [0, -4, 0]
			},
			{
				"name": "gem2",
				"parent": "GEM3",
				"pivot": [-18.75, 12.15, 12.75],
				"rotation": [0, 0, 15]
			},
			{
				"name": "bone103",
				"parent": "gem2",
				"pivot": [-9.37, 16.05, 2.42],
				"rotation": [-15, 0, -15],
				"cubes": [
					{"origin": [-10.76289, 14.40481, 3.56931], "size": [2, 3, 2], "uv": [104, 0], "inflate": -0.8}
				]
			},
			{
				"name": "bone104",
				"parent": "gem2",
				"pivot": [-9.37, 14.05, 2.42],
				"rotation": [-15, 90, -15],
				"cubes": [
					{"origin": [-12.18171, 13.81131, 1.35433], "size": [2, 3, 2], "uv": [88, 103], "inflate": -0.8}
				]
			},
			{
				"name": "bone105",
				"parent": "gem2",
				"pivot": [-9.37, 14.05, 2.42],
				"rotation": [-15, 180, -15],
				"cubes": [
					{"origin": [-10.40623, 13.31012, -0.51614], "size": [2, 3, 2], "uv": [80, 103], "inflate": -0.8}
				]
			},
			{
				"name": "bone106",
				"parent": "gem2",
				"pivot": [-9.37, 14.05, 2.42],
				"rotation": [-15, -90, -15],
				"cubes": [
					{"origin": [-8.46977, 13.76964, 1.19884], "size": [2, 3, 2], "uv": [72, 103], "inflate": -0.8}
				]
			},
			{
				"name": "gem",
				"parent": "GEM3",
				"pivot": [-18.75, 14, 12.75],
				"rotation": [0, 0, -15]
			},
			{
				"name": "bone99",
				"parent": "gem",
				"pivot": [-9.37, 10.1, 2.42],
				"rotation": [15, 0, 15],
				"cubes": [
					{"origin": [-10.76289, 9.37448, 3.73793], "size": [2, 3, 2], "uv": [62, 106], "inflate": -0.8}
				]
			},
			{
				"name": "bone102",
				"parent": "gem",
				"pivot": [-9.37, 12.1, 2.42],
				"rotation": [15, 90, 15],
				"cubes": [
					{"origin": [-12.18171, 9.96798, 1.52295], "size": [2, 3, 2], "uv": [98, 105], "inflate": -0.8}
				]
			},
			{
				"name": "bone101",
				"parent": "gem",
				"pivot": [-9.37, 12.1, 2.42],
				"rotation": [15, 180, 15],
				"cubes": [
					{"origin": [-10.40623, 10.46918, -0.34752], "size": [2, 3, 2], "uv": [46, 106], "inflate": -0.8}
				]
			},
			{
				"name": "bone100",
				"parent": "gem",
				"pivot": [-9.37, 12.1, 2.42],
				"rotation": [15, -90, 15],
				"cubes": [
					{"origin": [-8.46977, 10.00965, 1.36746], "size": [2, 3, 2], "uv": [54, 106], "inflate": -0.8}
				]
			},
			{
				"name": "GEM4",
				"parent": "chestPlate",
				"pivot": [0, -4, 0]
			},
			{
				"name": "gem5",
				"parent": "GEM4",
				"pivot": [-18.75, 12.15, 12.75],
				"rotation": [0, 0, 15]
			},
			{
				"name": "bone107",
				"parent": "gem5",
				"pivot": [-9.37, 16.05, 2.42],
				"rotation": [-15, 0, -15],
				"cubes": [
					{"origin": [-10.67284, 12.19017, -4.69089], "size": [2, 3, 2], "uv": [102, 72], "inflate": -0.8}
				]
			},
			{
				"name": "bone108",
				"parent": "gem5",
				"pivot": [-9.37, 14.05, 2.42],
				"rotation": [-15, 90, -15],
				"cubes": [
					{"origin": [-3.62977, 13.83338, 1.44165], "size": [2, 3, 2], "uv": [102, 21], "inflate": -0.8}
				]
			},
			{
				"name": "bone109",
				"parent": "gem5",
				"pivot": [-9.37, 14.05, 2.42],
				"rotation": [-15, 180, -15],
				"cubes": [
					{"origin": [-10.49628, 15.52228, 7.74473], "size": [2, 3, 2], "uv": [100, 93], "inflate": -0.8}
				]
			},
			{
				"name": "bone110",
				"parent": "gem5",
				"pivot": [-9.37, 14.05, 2.42],
				"rotation": [-15, -90, -15],
				"cubes": [
					{"origin": [-17.02171, 13.7451, 1.11219], "size": [2, 3, 2], "uv": [100, 88], "inflate": -0.8}
				]
			},
			{
				"name": "gem6",
				"parent": "GEM4",
				"pivot": [-18.75, 14, 12.75],
				"rotation": [0, 0, -15]
			},
			{
				"name": "bone111",
				"parent": "gem6",
				"pivot": [-9.37, 10.1, 2.42],
				"rotation": [15, 0, 15],
				"cubes": [
					{"origin": [-10.67284, 11.58664, -4.52294], "size": [2, 3, 2], "uv": [100, 83], "inflate": -0.8}
				]
			},
			{
				"name": "bone112",
				"parent": "gem6",
				"pivot": [-9.37, 12.1, 2.42],
				"rotation": [15, 90, 15],
				"cubes": [
					{"origin": [-3.62977, 9.94344, 1.6096], "size": [2, 3, 2], "uv": [100, 67], "inflate": -0.8}
				]
			},
			{
				"name": "bone113",
				"parent": "gem6",
				"pivot": [-9.37, 12.1, 2.42],
				"rotation": [15, 180, 15],
				"cubes": [
					{"origin": [-10.49628, 8.25453, 7.91268], "size": [2, 3, 2], "uv": [100, 62], "inflate": -0.8}
				]
			},
			{
				"name": "bone114",
				"parent": "gem6",
				"pivot": [-9.37, 12.1, 2.42],
				"rotation": [15, -90, 15],
				"cubes": [
					{"origin": [-17.02171, 10.03172, 1.28014], "size": [2, 3, 2], "uv": [100, 57], "inflate": -0.8}
				]
			},
			{
				"name": "GEM7",
				"parent": "chestPlate",
				"pivot": [0, -4, 0]
			},
			{
				"name": "gem8",
				"parent": "GEM7",
				"pivot": [-18.75, 12.15, 12.75],
				"rotation": [0, 0, 15]
			},
			{
				"name": "bone203",
				"parent": "gem8",
				"pivot": [-9.37, 16.05, 2.42],
				"rotation": [-15, 0, -15],
				"cubes": [
					{"origin": [7.07716, 12.19017, -4.69089], "size": [2, 3, 2], "uv": [100, 52], "inflate": -0.8}
				]
			},
			{
				"name": "bone204",
				"parent": "gem8",
				"pivot": [-9.37, 14.05, 2.42],
				"rotation": [-15, 90, -15],
				"cubes": [
					{"origin": [-3.62977, 18.42741, 18.58683], "size": [2, 3, 2], "uv": [100, 47], "inflate": -0.8}
				]
			},
			{
				"name": "bone205",
				"parent": "gem8",
				"pivot": [-9.37, 14.05, 2.42],
				"rotation": [-15, 180, -15],
				"cubes": [
					{"origin": [-28.24628, 15.52228, 7.74473], "size": [2, 3, 2], "uv": [100, 42], "inflate": -0.8}
				]
			},
			{
				"name": "bone206",
				"parent": "gem8",
				"pivot": [-9.37, 14.05, 2.42],
				"rotation": [-15, -90, -15],
				"cubes": [
					{"origin": [-17.02171, 9.15106, -16.033], "size": [2, 3, 2], "uv": [100, 37], "inflate": -0.8}
				]
			},
			{
				"name": "gem9",
				"parent": "GEM7",
				"pivot": [-18.75, 14, 12.75],
				"rotation": [0, 0, -15]
			},
			{
				"name": "bone207",
				"parent": "gem9",
				"pivot": [-9.37, 10.1, 2.42],
				"rotation": [15, 0, 15],
				"cubes": [
					{"origin": [7.07716, 11.58664, -4.52294], "size": [2, 3, 2], "uv": [100, 16], "inflate": -0.8}
				]
			},
			{
				"name": "bone208",
				"parent": "gem9",
				"pivot": [-9.37, 12.1, 2.42],
				"rotation": [15, 90, 15],
				"cubes": [
					{"origin": [-3.62977, 5.3494, 18.75479], "size": [2, 3, 2], "uv": [100, 11], "inflate": -0.8}
				]
			},
			{
				"name": "bone209",
				"parent": "gem9",
				"pivot": [-9.37, 12.1, 2.42],
				"rotation": [15, 180, 15],
				"cubes": [
					{"origin": [-28.24628, 8.25453, 7.91268], "size": [2, 3, 2], "uv": [100, 100], "inflate": -0.8}
				]
			},
			{
				"name": "bone210",
				"parent": "gem9",
				"pivot": [-9.37, 12.1, 2.42],
				"rotation": [15, -90, 15],
				"cubes": [
					{"origin": [-17.02171, 14.62575, -15.86504], "size": [2, 3, 2], "uv": [98, 78], "inflate": -0.8}
				]
			},
			{
				"name": "GEM10",
				"parent": "chestPlate",
				"pivot": [0, -4, 8.5]
			},
			{
				"name": "gem11",
				"parent": "GEM10",
				"pivot": [-18.75, 12.15, 21.25],
				"rotation": [0, 0, 15]
			},
			{
				"name": "bone211",
				"parent": "gem11",
				"pivot": [-9.37, 16.05, 10.92],
				"rotation": [-15, 0, -15],
				"cubes": [
					{"origin": [7.07716, 12.19017, 3.80911], "size": [2, 3, 2], "uv": [98, 32], "inflate": -0.8}
				]
			},
			{
				"name": "bone212",
				"parent": "gem11",
				"pivot": [-9.37, 14.05, 10.92],
				"rotation": [-15, 90, -15],
				"cubes": [
					{"origin": [-3.62977, 18.42741, 27.08683], "size": [2, 3, 2], "uv": [98, 27], "inflate": -0.8}
				]
			},
			{
				"name": "bone213",
				"parent": "gem11",
				"pivot": [-9.37, 14.05, 10.92],
				"rotation": [-15, 180, -15],
				"cubes": [
					{"origin": [-28.24628, 15.52228, 16.24473], "size": [2, 3, 2], "uv": [98, 6], "inflate": -0.8}
				]
			},
			{
				"name": "bone214",
				"parent": "gem11",
				"pivot": [-9.37, 14.05, 10.92],
				"rotation": [-15, -90, -15],
				"cubes": [
					{"origin": [-17.02171, 9.15106, -7.533], "size": [2, 3, 2], "uv": [88, 98], "inflate": -0.8}
				]
			},
			{
				"name": "gem12",
				"parent": "GEM10",
				"pivot": [-18.75, 14, 21.25],
				"rotation": [0, 0, -15]
			},
			{
				"name": "bone215",
				"parent": "gem12",
				"pivot": [-9.37, 10.1, 10.92],
				"rotation": [15, 0, 15],
				"cubes": [
					{"origin": [7.07716, 11.58664, 3.97706], "size": [2, 3, 2], "uv": [80, 98], "inflate": -0.8}
				]
			},
			{
				"name": "bone216",
				"parent": "gem12",
				"pivot": [-9.37, 12.1, 10.92],
				"rotation": [15, 90, 15],
				"cubes": [
					{"origin": [-3.62977, 5.3494, 27.25479], "size": [2, 3, 2], "uv": [72, 98], "inflate": -0.8}
				]
			},
			{
				"name": "bone217",
				"parent": "gem12",
				"pivot": [-9.37, 12.1, 10.92],
				"rotation": [15, 180, 15],
				"cubes": [
					{"origin": [-28.24628, 8.25453, 16.41268], "size": [2, 3, 2], "uv": [94, 22], "inflate": -0.8}
				]
			},
			{
				"name": "bone218",
				"parent": "gem12",
				"pivot": [-9.37, 12.1, 10.92],
				"rotation": [15, -90, 15],
				"cubes": [
					{"origin": [-17.02171, 14.62575, -7.36504], "size": [2, 3, 2], "uv": [36, 37], "inflate": -0.8}
				]
			},
			{
				"name": "brooch",
				"parent": "chestPlate",
				"pivot": [3.5, 13.85, -3.95],
				"rotation": [80, 0, 0]
			},
			{
				"name": "bone230",
				"parent": "brooch",
				"pivot": [3.5, 13.85, -3.95],
				"cubes": [
					{"origin": [2.8, 13.85, -3.45], "size": [1.4, 1, 1], "uv": [122, 5], "inflate": -0.4},
					{"origin": [3, 13.95, -3.45], "size": [1, 1, 1], "uv": [115, 13], "inflate": -0.4}
				]
			},
			{
				"name": "bone231",
				"parent": "brooch",
				"pivot": [3.5, 13.85, -3.95],
				"rotation": [0, 30, 0],
				"cubes": [
					{"origin": [2.8, 13.85, -3.45], "size": [1.4, 1, 1], "uv": [122, 5], "inflate": -0.4}
				]
			},
			{
				"name": "bone232",
				"parent": "brooch",
				"pivot": [3.5, 13.85, -3.95],
				"rotation": [0, 60, 0],
				"cubes": [
					{"origin": [2.8, 13.85, -3.45], "size": [1.4, 1, 1], "uv": [122, 5], "inflate": -0.4},
					{"origin": [3, 13.95, -3.45], "size": [1, 1, 1], "uv": [115, 13], "inflate": -0.4}
				]
			},
			{
				"name": "bone233",
				"parent": "brooch",
				"pivot": [3.5, 13.85, -3.95],
				"rotation": [0, 90, 0],
				"cubes": [
					{"origin": [2.8, 13.85, -3.45], "size": [1.4, 1, 1], "uv": [122, 5], "inflate": -0.4}
				]
			},
			{
				"name": "bone234",
				"parent": "brooch",
				"pivot": [3.6, 13.85, -3.77679],
				"rotation": [0, 120, 0],
				"cubes": [
					{"origin": [3.1, 13.85, -3.27679], "size": [1.2, 1, 1], "uv": [122, 5], "inflate": -0.4}
				]
			},
			{
				"name": "bone235",
				"parent": "brooch",
				"pivot": [3.5, 13.85, -3.95],
				"rotation": [0, -120, 0],
				"cubes": [
					{"origin": [3, 13.85, -3.45], "size": [1.2, 1, 1], "uv": [122, 5], "inflate": -0.4}
				]
			},
			{
				"name": "bone236",
				"parent": "brooch",
				"pivot": [3.5, 13.85, -3.95],
				"rotation": [0, -90, 0],
				"cubes": [
					{"origin": [2.8, 13.85, -3.45], "size": [1.4, 1, 1], "uv": [122, 5], "inflate": -0.4}
				]
			},
			{
				"name": "bone237",
				"parent": "brooch",
				"pivot": [3.5, 13.85, -3.95],
				"rotation": [0, -60, 0],
				"cubes": [
					{"origin": [2.8, 13.85, -3.45], "size": [1.4, 1, 1], "uv": [122, 5], "inflate": -0.4},
					{"origin": [3, 13.95, -3.45], "size": [1, 1, 1], "uv": [115, 13], "inflate": -0.4}
				]
			},
			{
				"name": "bone238",
				"parent": "brooch",
				"pivot": [3.5, 13.85, -3.95],
				"rotation": [0, -30, 0],
				"cubes": [
					{"origin": [2.8, 13.85, -3.45], "size": [1.4, 1, 1], "uv": [122, 5], "inflate": -0.4}
				]
			},
			{
				"name": "bone239",
				"parent": "brooch",
				"pivot": [3.5, 13.85, -3.95]
			},
			{
				"name": "bone240",
				"parent": "bone239",
				"pivot": [3.5, 13.85, -3.95],
				"cubes": [
					{"origin": [2.3, 13.85, -3.95], "size": [2.4, 1, 1], "uv": [115, 5], "inflate": -0.4}
				]
			},
			{
				"name": "bone241",
				"parent": "bone239",
				"pivot": [3.5, 13.85, -3.95],
				"rotation": [0, 60, 0],
				"cubes": [
					{"origin": [2.3, 13.85, -3.95], "size": [2.4, 1, 1], "uv": [115, 5], "inflate": -0.4}
				]
			},
			{
				"name": "bone242",
				"parent": "bone239",
				"pivot": [3.5, 13.85, -3.95],
				"rotation": [0, 120, 0],
				"cubes": [
					{"origin": [2.3, 13.85, -3.95], "size": [2.5, 1, 1], "uv": [115, 5], "inflate": -0.4}
				]
			},
			{
				"name": "bone243",
				"parent": "bone239",
				"pivot": [3.5, 13.85, -3.95],
				"rotation": [0, 180, 0],
				"cubes": [
					{"origin": [2.3, 13.85, -3.95], "size": [2.4, 1, 1], "uv": [115, 5], "inflate": -0.4}
				]
			},
			{
				"name": "bone244",
				"parent": "bone239",
				"pivot": [3.5, 13.85, -3.95],
				"rotation": [0, -120, 0],
				"cubes": [
					{"origin": [2.2, 13.85, -3.95], "size": [2.5, 1, 1], "uv": [115, 5], "inflate": -0.4}
				]
			},
			{
				"name": "bone245",
				"parent": "bone239",
				"pivot": [3.5, 13.85, -3.95],
				"rotation": [0, -60, 0],
				"cubes": [
					{"origin": [2.3, 13.85, -3.95], "size": [2.4, 1, 1], "uv": [115, 5], "inflate": -0.4}
				]
			},
			{
				"name": "bone246",
				"parent": "brooch",
				"pivot": [3.5, 13.85, -3.95]
			},
			{
				"name": "bone247",
				"parent": "bone246",
				"pivot": [3.6, 13.85, -4.85],
				"rotation": [0, -90, 0],
				"cubes": [
					{"origin": [3.3, 13.9, -4.35], "size": [1.1, 0.9, 0.9], "uv": [115, 20], "inflate": -0.4}
				]
			},
			{
				"name": "bone248",
				"parent": "bone246",
				"pivot": [2.65, 14.35, -4.75],
				"rotation": [45, -90, 0],
				"cubes": [
					{"origin": [2.05, 13.85, -5.25], "size": [1, 1, 1], "uv": [114, 23], "inflate": -0.4}
				]
			},
			{
				"name": "bone249",
				"parent": "bone246",
				"pivot": [4.35, 14.35, -4.75],
				"rotation": [45, 90, 0],
				"cubes": [
					{"origin": [3.95, 13.85, -5.25], "size": [1, 1, 1], "uv": [114, 23], "inflate": -0.4}
				]
			},
			{
				"name": "bone250",
				"parent": "bone246",
				"pivot": [3.5, 14.35, -5.2],
				"rotation": [45, 90, 0],
				"cubes": [
					{"origin": [3.1, 13.85, -5.7], "size": [1, 1, 1], "uv": [114, 23], "inflate": -0.4}
				]
			},
			{
				"name": "bone251",
				"parent": "bone246",
				"pivot": [3.6, 13.85, -4.85],
				"rotation": [0, -90, 0],
				"cubes": [
					{"origin": [2.85, 13.9, -5.2], "size": [1.1, 0.9, 0.9], "uv": [115, 20], "inflate": -0.4}
				]
			},
			{
				"name": "bone252",
				"parent": "bone246",
				"pivot": [3.4, 13.85, -4.85],
				"rotation": [0, 90, 0],
				"cubes": [
					{"origin": [2.6, 13.9, -4.35], "size": [1.1, 0.9, 0.9], "uv": [115, 20], "inflate": -0.4}
				]
			},
			{
				"name": "leggings",
				"pivot": [0, 0, 0]
			},
			{
				"name": "cape5",
				"parent": "leggings",
				"pivot": [0, 0, -0.5]
			},
			{
				"name": "bone70",
				"parent": "cape5",
				"pivot": [0, 0, -0.5]
			},
			{
				"name": "bone71",
				"parent": "bone70",
				"pivot": [0, 0, 3.48561],
				"rotation": [12, 0, 0],
				"cubes": [
					{"origin": [-2, -0.23951, 6.40327], "size": [4, 16, 0], "uv": [40, 80]},
					{"origin": [-2, -0.23951, 6.15327], "size": [4, 0.5, 0.5], "uv": [126, 20]}
				]
			},
			{
				"name": "bone72",
				"parent": "bone71",
				"pivot": [-2, -0.23951, 3.48561],
				"rotation": [0, 0, 6.8781],
				"cubes": [
					{"origin": [-4, -0.23951, 6.40227], "size": [2, 16, 0], "uv": [42, 80]},
					{"origin": [-4, -0.23951, 6.15227], "size": [2, 0.5, 0.5], "uv": [126, 20]}
				]
			},
			{
				"name": "bone73",
				"parent": "bone71",
				"pivot": [2, -0.23951, 3.48561],
				"rotation": [0, 0, -6.8781],
				"cubes": [
					{"origin": [2, -0.23951, 6.40427], "size": [2, 16, 0], "uv": [42, 80]},
					{"origin": [2, -0.23951, 6.15427], "size": [2, 0.5, 0.5], "uv": [126, 20]}
				]
			},
			{
				"name": "bone74",
				"parent": "cape5",
				"pivot": [0, 0, -0.5],
				"rotation": [0, -60, 0]
			},
			{
				"name": "bone80",
				"parent": "bone74",
				"pivot": [0, 0, 3.48561],
				"rotation": [12, 0, 0],
				"cubes": [
					{"origin": [-2, -0.23951, 6.40327], "size": [4, 16, 0], "uv": [40, 80]},
					{"origin": [-1.9, -0.23951, 6.15327], "size": [4, 0.5, 0.5], "uv": [126, 20]}
				]
			},
			{
				"name": "bone81",
				"parent": "bone80",
				"pivot": [-2, -0.23951, 3.48561],
				"rotation": [0, 0, 6.8781],
				"cubes": [
					{"origin": [-4, -0.23951, 6.40227], "size": [2, 16, 0], "uv": [42, 80]},
					{"origin": [-3.9, -0.23951, 6.15227], "size": [2, 0.5, 0.5], "uv": [126, 20]},
					{"origin": [-4, -0.23951, 6.15227], "size": [0.5, 16, 0.5], "uv": [126, 20]}
				]
			},
			{
				"name": "bone82",
				"parent": "bone80",
				"pivot": [2, -0.23951, 3.48561],
				"rotation": [0, 0, -6.8781],
				"cubes": [
					{"origin": [2, -0.23951, 6.40427], "size": [2, 16, 0], "uv": [42, 80]},
					{"origin": [2.1, -0.23951, 6.15427], "size": [2, 0.5, 0.5], "uv": [126, 20]}
				]
			},
			{
				"name": "bone95",
				"parent": "cape5",
				"pivot": [0, 0, -0.5],
				"rotation": [0, -300, 0]
			},
			{
				"name": "bone96",
				"parent": "bone95",
				"pivot": [0, 0, 3.48561],
				"rotation": [12, 0, 0],
				"cubes": [
					{"origin": [-2, -0.23951, 6.40327], "size": [4, 16, 0], "uv": [40, 80]},
					{"origin": [-2.1, -0.23951, 6.15327], "size": [4, 0.5, 0.5], "uv": [126, 20]}
				]
			},
			{
				"name": "bone97",
				"parent": "bone96",
				"pivot": [-2, -0.23951, 3.48561],
				"rotation": [0, 0, 6.8781],
				"cubes": [
					{"origin": [-4, -0.23951, 6.40227], "size": [2, 16, 0], "uv": [42, 80]},
					{"origin": [-4.1, -0.23951, 6.15227], "size": [2, 0.5, 0.5], "uv": [126, 20]}
				]
			},
			{
				"name": "bone98",
				"parent": "bone96",
				"pivot": [2, -0.23951, 3.48561],
				"rotation": [0, 0, -6.8781],
				"cubes": [
					{"origin": [2, -0.23951, 6.40427], "size": [2, 16, 0], "uv": [42, 80]},
					{"origin": [1.9, -0.23951, 6.15427], "size": [2, 0.5, 0.5], "uv": [126, 20]},
					{"origin": [3.5, -0.23951, 6.15427], "size": [0.5, 16, 0.5], "uv": [126, 20]}
				]
			},
			{
				"name": "sittingRotationSkirt",
				"pivot": [0, 10, 0]
			},
			{
				"name": "dress2",
				"parent": "sittingRotationSkirt",
				"pivot": [0, -0.5, 0]
			},
			{
				"name": "bone116",
				"parent": "dress2",
				"pivot": [0, -0.5, 0]
			},
			{
				"name": "bone117",
				"parent": "bone116",
				"pivot": [0, -0.5, 4.97051],
				"rotation": [10, 0, 0],
				"cubes": [
					{"origin": [-3, 0.15782, 4.97051], "size": [6, 11, 0], "uv": [60, 84]}
				]
			},
			{
				"name": "bone118",
				"parent": "bone117",
				"pivot": [-3, -0.84218, 4.97051],
				"rotation": [0, 0, 9.85108],
				"cubes": [
					{"origin": [-5, 0.15782, 4.96951], "size": [2, 11, 0], "uv": [28, 96]}
				]
			},
			{
				"name": "bone119",
				"parent": "bone117",
				"pivot": [3, -0.84218, 4.97051],
				"rotation": [0, 0, -9.85108],
				"cubes": [
					{"origin": [3, 0.15782, 4.97151], "size": [2, 11, 0], "uv": [24, 96]}
				]
			},
			{
				"name": "bone120",
				"parent": "dress2",
				"pivot": [0, -0.5, 0],
				"rotation": [0, -90, 0]
			},
			{
				"name": "bone121",
				"parent": "bone120",
				"pivot": [0, -0.5, 4.97051],
				"rotation": [10, 0, 0],
				"cubes": [
					{"origin": [-3, 0.15782, 4.97051], "size": [6, 11, 0], "uv": [48, 84]}
				]
			},
			{
				"name": "bone122",
				"parent": "bone121",
				"pivot": [-3, -0.84218, 4.97051],
				"rotation": [0, 0, 9.85108],
				"cubes": [
					{"origin": [-5, 0.15782, 4.96951], "size": [2, 11, 0], "uv": [68, 95]}
				]
			},
			{
				"name": "bone123",
				"parent": "bone121",
				"pivot": [3, -0.84218, 4.97051],
				"rotation": [0, 0, -9.85108],
				"cubes": [
					{"origin": [3, 0.15782, 4.97151], "size": [2, 11, 0], "uv": [64, 95]}
				]
			},
			{
				"name": "bone124",
				"parent": "dress2",
				"pivot": [0, -0.5, 0],
				"rotation": [0, -180, 0]
			},
			{
				"name": "bone125",
				"parent": "bone124",
				"pivot": [0, -0.5, 4.97051],
				"rotation": [10, 0, 0],
				"cubes": [
					{"origin": [-3, 0.15782, 4.97051], "size": [6, 11, 0], "uv": [12, 82]}
				]
			},
			{
				"name": "bone126",
				"parent": "bone125",
				"pivot": [-3, -0.84218, 4.97051],
				"rotation": [0, 0, 9.85108],
				"cubes": [
					{"origin": [-5, 0.15782, 4.96951], "size": [2, 11, 0], "uv": [60, 95]}
				]
			},
			{
				"name": "bone127",
				"parent": "bone125",
				"pivot": [3, -0.84218, 4.97051],
				"rotation": [0, 0, -9.85108],
				"cubes": [
					{"origin": [3, 0.15782, 4.97151], "size": [2, 11, 0], "uv": [56, 95]}
				]
			},
			{
				"name": "bone128",
				"parent": "dress2",
				"pivot": [0, -0.5, 0],
				"rotation": [0, -270, 0]
			},
			{
				"name": "bone129",
				"parent": "bone128",
				"pivot": [0, -0.5, 4.97051],
				"rotation": [10, 0, 0],
				"cubes": [
					{"origin": [-3, 0.15782, 4.97051], "size": [6, 11, 0], "uv": [0, 82]}
				]
			},
			{
				"name": "bone130",
				"parent": "bone129",
				"pivot": [-3, -0.84218, 4.97051],
				"rotation": [0, 0, 9.85108],
				"cubes": [
					{"origin": [-5, 0.15782, 4.96951], "size": [2, 11, 0], "uv": [52, 95]}
				]
			},
			{
				"name": "bone131",
				"parent": "bone129",
				"pivot": [3, -0.84218, 4.97051],
				"rotation": [0, 0, -9.85108],
				"cubes": [
					{"origin": [3, 0.15782, 4.97151], "size": [2, 11, 0], "uv": [48, 95]}
				]
			},
			{
				"name": "dress",
				"parent": "sittingRotationSkirt",
				"pivot": [0, 0, 0]
			},
			{
				"name": "bone2",
				"parent": "dress",
				"pivot": [0, 0, 0]
			},
			{
				"name": "bone3",
				"parent": "bone2",
				"pivot": [0, 0, 4.97051],
				"rotation": [10, 0, 0],
				"cubes": [
					{"origin": [-3, 0.65782, 4.97051], "size": [6, 11, 0], "uv": [86, 27]}
				]
			},
			{
				"name": "bone4",
				"parent": "bone3",
				"pivot": [-3, -0.34218, 4.97051],
				"rotation": [0, 0, 9.85108],
				"cubes": [
					{"origin": [-5, 0.65782, 4.96951], "size": [2, 11, 0], "uv": [96, 50]}
				]
			},
			{
				"name": "bone5",
				"parent": "bone3",
				"pivot": [3, -0.34218, 4.97051],
				"rotation": [0, 0, -9.85108],
				"cubes": [
					{"origin": [3, 0.65782, 4.97151], "size": [2, 11, 0], "uv": [96, 50]}
				]
			},
			{
				"name": "bone6",
				"parent": "dress",
				"pivot": [0, 0, 0],
				"rotation": [0, -90, 0]
			},
			{
				"name": "bone7",
				"parent": "bone6",
				"pivot": [0, 0, 4.97051],
				"rotation": [10, 0, 0],
				"cubes": [
					{"origin": [-3, 0.65782, 4.97051], "size": [6, 11, 0], "uv": [86, 27]}
				]
			},
			{
				"name": "bone8",
				"parent": "bone7",
				"pivot": [-3, -0.34218, 4.97051],
				"rotation": [0, 0, 9.85108],
				"cubes": [
					{"origin": [-5, 0.65782, 4.96951], "size": [2, 11, 0], "uv": [96, 50]}
				]
			},
			{
				"name": "bone9",
				"parent": "bone7",
				"pivot": [3, -0.34218, 4.97051],
				"rotation": [0, 0, -9.85108],
				"cubes": [
					{"origin": [3, 0.65782, 4.97151], "size": [2, 11, 0], "uv": [96, 50]}
				]
			},
			{
				"name": "bone10",
				"parent": "dress",
				"pivot": [0, 0, 0],
				"rotation": [0, -180, 0]
			},
			{
				"name": "bone11",
				"parent": "bone10",
				"pivot": [0, 0, 4.97051],
				"rotation": [10, 0, 0],
				"cubes": [
					{"origin": [-3, 0.65782, 4.97051], "size": [6, 11, 0], "uv": [86, 27]}
				]
			},
			{
				"name": "bone12",
				"parent": "bone11",
				"pivot": [-3, -0.34218, 4.97051],
				"rotation": [0, 0, 9.85108],
				"cubes": [
					{"origin": [-5, 0.65782, 4.96951], "size": [2, 11, 0], "uv": [96, 50]}
				]
			},
			{
				"name": "bone13",
				"parent": "bone11",
				"pivot": [3, -0.34218, 4.97051],
				"rotation": [0, 0, -9.85108],
				"cubes": [
					{"origin": [3, 0.65782, 4.97151], "size": [2, 11, 0], "uv": [96, 50]}
				]
			},
			{
				"name": "bone14",
				"parent": "dress",
				"pivot": [0, 0, 0],
				"rotation": [0, -270, 0]
			},
			{
				"name": "bone15",
				"parent": "bone14",
				"pivot": [0, 0, 4.97051],
				"rotation": [10, 0, 0],
				"cubes": [
					{"origin": [-3, 0.65782, 4.97051], "size": [6, 11, 0], "uv": [86, 27]}
				]
			},
			{
				"name": "bone16",
				"parent": "bone15",
				"pivot": [-3, -0.34218, 4.97051],
				"rotation": [0, 0, 9.85108],
				"cubes": [
					{"origin": [-5, 0.65782, 4.96951], "size": [2, 11, 0], "uv": [96, 50]}
				]
			},
			{
				"name": "bone17",
				"parent": "bone15",
				"pivot": [3, -0.34218, 4.97051],
				"rotation": [0, 0, -9.85108],
				"cubes": [
					{"origin": [3, 0.65782, 4.97151], "size": [2, 11, 0], "uv": [96, 50]}
				]
			},
			{
				"name": "_chestPlate",
				"pivot": [0, 0, 0]
			},
			{
				"name": "brooch2",
				"parent": "_chestPlate",
				"pivot": [1.9, 13.65, -2.85],
				"rotation": [90, 0, 0]
			},
			{
				"name": "bone229",
				"parent": "brooch2",
				"pivot": [1.9, 13.65, -2.85],
				"cubes": [
					{"origin": [1.2, 13.65, -2.35], "size": [1.4, 1, 1], "uv": [122, 5], "inflate": -0.4},
					{"origin": [1.4, 13.75, -2.35], "size": [1, 1, 1], "uv": [115, 13], "inflate": -0.4}
				]
			},
			{
				"name": "bone281",
				"parent": "brooch2",
				"pivot": [1.9, 13.65, -2.85],
				"rotation": [0, 30, 0],
				"cubes": [
					{"origin": [1.2, 13.65, -2.35], "size": [1.4, 1, 1], "uv": [122, 5], "inflate": -0.4}
				]
			},
			{
				"name": "bone282",
				"parent": "brooch2",
				"pivot": [1.9, 13.65, -2.85],
				"rotation": [0, 60, 0],
				"cubes": [
					{"origin": [1.2, 13.65, -2.35], "size": [1.4, 1, 1], "uv": [122, 5], "inflate": -0.4},
					{"origin": [1.4, 13.75, -2.35], "size": [1, 1, 1], "uv": [115, 13], "inflate": -0.4}
				]
			},
			{
				"name": "bone283",
				"parent": "brooch2",
				"pivot": [1.9, 13.65, -2.85],
				"rotation": [0, 90, 0],
				"cubes": [
					{"origin": [1.2, 13.65, -2.35], "size": [1.4, 1, 1], "uv": [122, 5], "inflate": -0.4}
				]
			},
			{
				"name": "bone284",
				"parent": "brooch2",
				"pivot": [2, 13.65, -2.67679],
				"rotation": [0, 120, 0],
				"cubes": [
					{"origin": [1.5, 13.65, -2.17679], "size": [1.2, 1, 1], "uv": [122, 5], "inflate": -0.4}
				]
			},
			{
				"name": "bone285",
				"parent": "brooch2",
				"pivot": [1.9, 13.65, -2.85],
				"rotation": [0, -120, 0],
				"cubes": [
					{"origin": [1.4, 13.65, -2.35], "size": [1.2, 1, 1], "uv": [122, 5], "inflate": -0.4}
				]
			},
			{
				"name": "bone286",
				"parent": "brooch2",
				"pivot": [1.9, 13.65, -2.85],
				"rotation": [0, -90, 0],
				"cubes": [
					{"origin": [1.2, 13.65, -2.35], "size": [1.4, 1, 1], "uv": [122, 5], "inflate": -0.4}
				]
			},
			{
				"name": "bone287",
				"parent": "brooch2",
				"pivot": [1.9, 13.65, -2.85],
				"rotation": [0, -60, 0],
				"cubes": [
					{"origin": [1.2, 13.65, -2.35], "size": [1.4, 1, 1], "uv": [122, 5], "inflate": -0.4},
					{"origin": [1.4, 13.75, -2.35], "size": [1, 1, 1], "uv": [115, 13], "inflate": -0.4}
				]
			},
			{
				"name": "bone288",
				"parent": "brooch2",
				"pivot": [1.9, 13.65, -2.85],
				"rotation": [0, -30, 0],
				"cubes": [
					{"origin": [1.2, 13.65, -2.35], "size": [1.4, 1, 1], "uv": [122, 5], "inflate": -0.4}
				]
			},
			{
				"name": "bone289",
				"parent": "brooch2",
				"pivot": [1.9, 13.65, -2.85]
			},
			{
				"name": "bone290",
				"parent": "bone289",
				"pivot": [1.9, 13.65, -2.85],
				"cubes": [
					{"origin": [0.7, 13.65, -2.85], "size": [2.4, 1, 1], "uv": [115, 5], "inflate": -0.4}
				]
			},
			{
				"name": "bone291",
				"parent": "bone289",
				"pivot": [1.9, 13.65, -2.85],
				"rotation": [0, 60, 0],
				"cubes": [
					{"origin": [0.7, 13.65, -2.85], "size": [2.4, 1, 1], "uv": [115, 5], "inflate": -0.4}
				]
			},
			{
				"name": "bone292",
				"parent": "bone289",
				"pivot": [1.9, 13.65, -2.85],
				"rotation": [0, 120, 0],
				"cubes": [
					{"origin": [0.7, 13.65, -2.85], "size": [2.5, 1, 1], "uv": [115, 5], "inflate": -0.4}
				]
			},
			{
				"name": "bone293",
				"parent": "bone289",
				"pivot": [1.9, 13.65, -2.85],
				"rotation": [0, 180, 0],
				"cubes": [
					{"origin": [0.7, 13.65, -2.85], "size": [2.4, 1, 1], "uv": [115, 5], "inflate": -0.4}
				]
			},
			{
				"name": "bone294",
				"parent": "bone289",
				"pivot": [1.9, 13.65, -2.85],
				"rotation": [0, -120, 0],
				"cubes": [
					{"origin": [0.6, 13.65, -2.85], "size": [2.5, 1, 1], "uv": [115, 5], "inflate": -0.4}
				]
			},
			{
				"name": "bone295",
				"parent": "bone289",
				"pivot": [1.9, 13.65, -2.85],
				"rotation": [0, -60, 0],
				"cubes": [
					{"origin": [0.7, 13.65, -2.85], "size": [2.4, 1, 1], "uv": [115, 5], "inflate": -0.4}
				]
			},
			{
				"name": "bone296",
				"parent": "brooch2",
				"pivot": [1.9, 13.65, -2.85]
			},
			{
				"name": "bone297",
				"parent": "bone296",
				"pivot": [2, 13.65, -3.75],
				"rotation": [0, -90, 0],
				"cubes": [
					{"origin": [1.7, 13.7, -3.25], "size": [1.1, 0.9, 0.9], "uv": [115, 20], "inflate": -0.4}
				]
			},
			{
				"name": "bone298",
				"parent": "bone296",
				"pivot": [1.05, 14.15, -3.65],
				"rotation": [45, -90, 0],
				"cubes": [
					{"origin": [0.45, 13.65, -4.15], "size": [1, 1, 1], "uv": [114, 23], "inflate": -0.4}
				]
			},
			{
				"name": "bone299",
				"parent": "bone296",
				"pivot": [2.75, 14.15, -3.65],
				"rotation": [45, 90, 0],
				"cubes": [
					{"origin": [2.35, 13.65, -4.15], "size": [1, 1, 1], "uv": [114, 23], "inflate": -0.4}
				]
			},
			{
				"name": "bone300",
				"parent": "bone296",
				"pivot": [1.9, 14.15, -4.1],
				"rotation": [45, 90, 0],
				"cubes": [
					{"origin": [1.5, 13.65, -4.6], "size": [1, 1, 1], "uv": [114, 23], "inflate": -0.4}
				]
			},
			{
				"name": "bone301",
				"parent": "bone296",
				"pivot": [2, 13.65, -3.75],
				"rotation": [0, -90, 0],
				"cubes": [
					{"origin": [1.25, 13.7, -4.1], "size": [1.1, 0.9, 0.9], "uv": [115, 20], "inflate": -0.4}
				]
			},
			{
				"name": "bone302",
				"parent": "bone296",
				"pivot": [1.8, 13.65, -3.75],
				"rotation": [0, 90, 0],
				"cubes": [
					{"origin": [1, 13.7, -3.25], "size": [1.1, 0.9, 0.9], "uv": [115, 20], "inflate": -0.4}
				]
			}
		]
	}
}