{
	"format_version": "1.10.0",
	"geometry.model": {
		"texturewidth": 128,
		"textureheight": 128,
		"visible_bounds_width": 3,
		"visible_bounds_height": 3,
		"visible_bounds_offset": [0, 0, 0],
		"bones": [
			{
				"name": "head",
				"pivot": [0, 18, 0],
				"cubes": [
					{"origin": [-4, 18, -4], "size": [8, 8, 8], "uv": [0, 16]},
					{"origin": [-3.99902, 18.00017, -4], "size": [8, 8, 8], "uv": [0, 0], "inflate": 0.5}
				]
			},
			{
				"name": "ahoge",
				"parent": "head",
				"pivot": [0, 26, 0],
				"rotation": [0, -52.5, 0],
				"cubes": [
					{"origin": [-3, 26, 0], "size": [6, 6, 0], "uv": [6, 59]}
				]
			},
			{
				"name": "blink",
				"parent": "head",
				"pivot": [0, 18, 0],
				"cubes": [
					{"origin": [-4, 18, -4.001], "size": [8, 8, 0], "uv": [32, 8]}
				]
			},
			{
				"name": "hair",
				"parent": "head",
				"pivot": [0, 18, 0]
			},
			{
				"name": "bone143",
				"parent": "hair",
				"pivot": [0, 18, 1]
			},
			{
				"name": "bone142",
				"parent": "bone143",
				"pivot": [-4, 14, -3.5],
				"rotation": [0, 0, 22.5],
				"cubes": [
					{"origin": [-5.86475, 15.26974, -3.5], "size": [0, 2, 1], "uv": [84, 0]}
				]
			},
			{
				"name": "bone214",
				"parent": "bone143",
				"pivot": [-4, 14, -3.5],
				"rotation": [0, 0, 22.5],
				"cubes": [
					{"origin": [-5.09846, 11.42236, -3.5], "size": [0, 2, 1], "uv": [84, 4]}
				]
			},
			{
				"name": "bone145",
				"parent": "bone143",
				"pivot": [-4, 11, -3.5],
				"cubes": [
					{"origin": [-5.2359, 13.8867, -3.5], "size": [0, 2, 1], "uv": [84, 1]}
				]
			},
			{
				"name": "bone236",
				"parent": "hair",
				"pivot": [0, 18, 1]
			},
			{
				"name": "bone237",
				"parent": "bone236",
				"pivot": [4, 14, -3.5],
				"rotation": [0, 0, -10],
				"cubes": [
					{"origin": [5.10017, 15.36, -3.5], "size": [0, 2, 1], "uv": [84, 0]}
				]
			},
			{
				"name": "bone238",
				"parent": "bone236",
				"pivot": [4, 11, -3.5],
				"rotation": [0, 0, -17.5],
				"cubes": [
					{"origin": [6.17039, 13.06591, -3.5], "size": [0, 2, 1], "uv": [84, 2]}
				]
			},
			{
				"name": "bone149",
				"parent": "hair",
				"pivot": [-7, 18, 0],
				"rotation": [-90, -82.5, 90]
			},
			{
				"name": "bone150",
				"parent": "bone149",
				"pivot": [-11, 14, -4.5],
				"rotation": [0, 0, 10]
			},
			{
				"name": "bone151",
				"parent": "bone149",
				"pivot": [-11, 11, -4.5]
			},
			{
				"name": "bone35",
				"parent": "hair",
				"pivot": [7, 18, 0],
				"rotation": [-90, 82.5, -90]
			},
			{
				"name": "bone231",
				"parent": "bone35",
				"pivot": [11, 14, -4.5],
				"rotation": [0, 0, -10]
			},
			{
				"name": "bone232",
				"parent": "bone35",
				"pivot": [11, 11, -4.5]
			},
			{
				"name": "bone146",
				"parent": "hair",
				"pivot": [0, 18, -5],
				"rotation": [0, -90, 0]
			},
			{
				"name": "bone147",
				"parent": "bone146",
				"pivot": [-4, 14, -9.5],
				"rotation": [0, 0, 10]
			},
			{
				"name": "bone148",
				"parent": "bone146",
				"pivot": [-4, 11, -9.5]
			},
			{
				"name": "bone233",
				"parent": "hair",
				"pivot": [0, 18, -5],
				"rotation": [0, 90, 0]
			},
			{
				"name": "bone234",
				"parent": "bone233",
				"pivot": [4, 14, -9.5],
				"rotation": [0, 0, -10]
			},
			{
				"name": "bone235",
				"parent": "bone233",
				"pivot": [4, 11, -9.5]
			},
			{
				"name": "bone152",
				"parent": "hair",
				"pivot": [0, 18, 13],
				"rotation": [0, 90, 0]
			},
			{
				"name": "bone153",
				"parent": "bone152",
				"pivot": [-4, 14, 8.5],
				"rotation": [0, 0, 10],
				"cubes": [
					{"origin": [7.70333, 16.61743, 16.5], "size": [0, 3, 1], "uv": [84, 0]}
				]
			},
			{
				"name": "bone154",
				"parent": "bone152",
				"pivot": [-4, 11, 8.5],
				"cubes": [
					{"origin": [7.98006, 11.54558, 16.5], "size": [0, 3, 1], "uv": [84, 3]}
				]
			},
			{
				"name": "bone186",
				"parent": "hair",
				"pivot": [-8, 18, 13],
				"rotation": [0, 90, 0]
			},
			{
				"name": "bone187",
				"parent": "bone186",
				"pivot": [-12, 14, 8.5],
				"rotation": [0, 0, 10],
				"cubes": [
					{"origin": [-0.29667, 16.61743, 16.5], "size": [0, 3, 1], "uv": [84, 0]}
				]
			},
			{
				"name": "bone188",
				"parent": "bone186",
				"pivot": [-12, 11, 8.5],
				"cubes": [
					{"origin": [-0.01994, 11.54558, 16.5], "size": [0, 3, 1], "uv": [84, 3]}
				]
			},
			{
				"name": "bone159",
				"parent": "hair",
				"pivot": [0, 18.1, 13],
				"rotation": [172.5, 0, 180]
			},
			{
				"name": "bone160",
				"parent": "bone159",
				"pivot": [-4, 14.1, 8.5],
				"rotation": [0, 0, 10],
				"cubes": [
					{"origin": [-5.29357, 15.55683, 21.49252], "size": [0, 3, 1], "uv": [86, 0]}
				]
			},
			{
				"name": "bone161",
				"parent": "bone159",
				"pivot": [-5.02093, 14.2595, 21.99252],
				"rotation": [0, 0, 15],
				"cubes": [
					{"origin": [-5.40812, 12.70822, 21.49252], "size": [0, 3, 1], "uv": [86, 2]}
				]
			},
			{
				"name": "bone189",
				"parent": "hair",
				"pivot": [-11, 18, -12],
				"rotation": [7.5, 0, 0]
			},
			{
				"name": "bone190",
				"parent": "bone189",
				"pivot": [-15, 14, -16.5],
				"rotation": [0, 0, 10],
				"cubes": [
					{"origin": [-4.91026, 14.25098, 3.30563], "size": [0, 3, 1], "uv": [86, 0]}
				]
			},
			{
				"name": "bone191",
				"parent": "bone189",
				"pivot": [-5.01994, 10.99527, 3.80563],
				"rotation": [0, 0, 15],
				"cubes": [
					{"origin": [-5.40814, 9.4439, 3.30563], "size": [0, 3, 1], "uv": [86, 2]}
				]
			},
			{
				"name": "bone155",
				"parent": "hair",
				"pivot": [-1, 18, 13],
				"rotation": [0, 90, 0]
			},
			{
				"name": "bone156",
				"parent": "bone155",
				"pivot": [-5, 14, 8.5],
				"rotation": [0, 0, 10],
				"cubes": [
					{"origin": [6.61609, 14.61933, 16.5], "size": [0, 3, 1], "uv": [86, 2]}
				]
			},
			{
				"name": "bone157",
				"parent": "bone155",
				"pivot": [6.98006, 13.04558, 17],
				"rotation": [0, 0, 2.5],
				"cubes": [
					{"origin": [6.56733, 10.57449, 16.5], "size": [0, 2, 1], "uv": [86, 6]}
				]
			},
			{
				"name": "bone158",
				"parent": "bone155",
				"pivot": [7.501, 16.5, 17],
				"rotation": [0, 0, 12.5],
				"cubes": [
					{"origin": [7.28458, 15.47608, 16.5], "size": [0, 2, 1], "uv": [86, 0]}
				]
			},
			{
				"name": "bone162",
				"parent": "hair",
				"pivot": [-2, 18, 13],
				"rotation": [90, 87.5, 90]
			},
			{
				"name": "bone163",
				"parent": "bone162",
				"pivot": [-6, 14, 8.5],
				"rotation": [0, 0, 10],
				"cubes": [
					{"origin": [5.56514, 14.98732, 16.5], "size": [0, 3, 1], "uv": [84, 2]}
				]
			},
			{
				"name": "bone164",
				"parent": "bone162",
				"pivot": [5.98006, 13.04558, 17],
				"rotation": [0, 0, 2.5],
				"cubes": [
					{"origin": [5.56484, 9.94598, 16.5], "size": [0, 3, 1], "uv": [84, 5]}
				]
			},
			{
				"name": "bone165",
				"parent": "bone162",
				"pivot": [6.501, 16.5, 17],
				"rotation": [0, 0, 12.5],
				"cubes": [
					{"origin": [6.21763, 15.84149, 16.5], "size": [0, 2, 1], "uv": [84, 0]}
				]
			},
			{
				"name": "bone182",
				"parent": "hair",
				"pivot": [-7, 18, 13],
				"rotation": [0, 90, 0]
			},
			{
				"name": "bone183",
				"parent": "bone182",
				"pivot": [-11, 14, 8.5],
				"rotation": [0, 0, 10],
				"cubes": [
					{"origin": [0.61609, 14.61933, 16.5], "size": [0, 3, 1], "uv": [86, 2]}
				]
			},
			{
				"name": "bone184",
				"parent": "bone182",
				"pivot": [0.98006, 13.04558, 17],
				"rotation": [0, 0, 2.5],
				"cubes": [
					{"origin": [0.56733, 10.57449, 16.5], "size": [0, 2, 1], "uv": [86, 6]}
				]
			},
			{
				"name": "bone185",
				"parent": "bone182",
				"pivot": [1.501, 16.5, 17],
				"rotation": [0, 0, 12.5],
				"cubes": [
					{"origin": [1.28458, 15.47608, 16.5], "size": [0, 2, 1], "uv": [86, 0]}
				]
			},
			{
				"name": "bone178",
				"parent": "hair",
				"pivot": [-6, 18, 13],
				"rotation": [90, 85, 90]
			},
			{
				"name": "bone179",
				"parent": "bone178",
				"pivot": [-10, 14, 8.5],
				"rotation": [0, 0, 10],
				"cubes": [
					{"origin": [1.49818, 15.35273, 16.5], "size": [0, 3, 1], "uv": [84, 2]}
				]
			},
			{
				"name": "bone180",
				"parent": "bone178",
				"pivot": [1.98006, 13.04558, 17],
				"rotation": [0, 0, 2.5],
				"cubes": [
					{"origin": [1.54616, 10.317, 16.5], "size": [0, 3, 1], "uv": [84, 5]}
				]
			},
			{
				"name": "bone181",
				"parent": "bone178",
				"pivot": [2.501, 16.5, 17],
				"rotation": [0, 0, 12.5],
				"cubes": [
					{"origin": [2.1348, 16.20363, 16.5], "size": [0, 2, 1], "uv": [84, 0]}
				]
			},
			{
				"name": "bone174",
				"parent": "hair",
				"pivot": [-5, 18, 13],
				"rotation": [90, 82.5, 90]
			},
			{
				"name": "bone175",
				"parent": "bone174",
				"pivot": [-9, 14, 8.5],
				"rotation": [0, 0, 10],
				"cubes": [
					{"origin": [2.41535, 15.71487, 16.5], "size": [0, 3, 1], "uv": [86, 2]}
				]
			},
			{
				"name": "bone176",
				"parent": "bone174",
				"pivot": [2.98006, 13.04558, 17],
				"rotation": [0, 0, 2.5],
				"cubes": [
					{"origin": [2.5113, 10.68685, 16.5], "size": [0, 3, 1], "uv": [86, 5]}
				]
			},
			{
				"name": "bone177",
				"parent": "bone174",
				"pivot": [3.501, 16.5, 17],
				"rotation": [0, 0, 12.5],
				"cubes": [
					{"origin": [3.03625, 16.56182, 16.5], "size": [0, 2, 1], "uv": [86, 0]}
				]
			},
			{
				"name": "bone170",
				"parent": "hair",
				"pivot": [-4, 18, 13],
				"rotation": [90, 80, 90]
			},
			{
				"name": "bone171",
				"parent": "bone170",
				"pivot": [-8, 14, 8.5],
				"rotation": [0, 0, 10],
				"cubes": [
					{"origin": [3.3168, 16.07305, 16.5], "size": [0, 3, 1], "uv": [84, 2]}
				]
			},
			{
				"name": "bone172",
				"parent": "bone170",
				"pivot": [3.98006, 13.04558, 17],
				"rotation": [0, 0, 2.5],
				"cubes": [
					{"origin": [3.46035, 11.05484, 16.5], "size": [0, 3, 1], "uv": [84, 5]}
				]
			},
			{
				"name": "bone173",
				"parent": "bone170",
				"pivot": [4.501, 16.5, 17],
				"rotation": [0, 0, 12.5],
				"cubes": [
					{"origin": [3.92217, 16.91536, 16.5], "size": [0, 2, 1], "uv": [84, 0]}
				]
			},
			{
				"name": "bone166",
				"parent": "hair",
				"pivot": [-3, 18, 13],
				"rotation": [90, 80, 90]
			},
			{
				"name": "bone167",
				"parent": "bone166",
				"pivot": [-7, 14, 8.5],
				"rotation": [0, 0, 10],
				"cubes": [
					{"origin": [4.3168, 16.07305, 16.5], "size": [0, 3, 1], "uv": [86, 2]}
				]
			},
			{
				"name": "bone168",
				"parent": "bone166",
				"pivot": [4.98006, 13.04558, 17],
				"rotation": [0, 0, 2.5],
				"cubes": [
					{"origin": [4.46035, 11.05484, 16.5], "size": [0, 3, 1], "uv": [86, 5]}
				]
			},
			{
				"name": "bone169",
				"parent": "bone166",
				"pivot": [5.501, 16.5, 17],
				"rotation": [0, 0, 12.5],
				"cubes": [
					{"origin": [4.92217, 16.91536, 16.5], "size": [0, 2, 1], "uv": [86, 0]}
				]
			},
			{
				"name": "bone144",
				"parent": "hair",
				"pivot": [0, 18, 0]
			},
			{
				"name": "bone139",
				"parent": "bone144",
				"pivot": [1.05, 13.75, -5.2],
				"rotation": [0, 0, 7.5]
			},
			{
				"name": "bone140",
				"parent": "bone144",
				"pivot": [1.25, 11.75, -5.2],
				"rotation": [0, 0, -12.5]
			},
			{
				"name": "bone69",
				"parent": "bone144",
				"pivot": [2.55, 16.25, -4.65],
				"rotation": [-15, 0, 30]
			},
			{
				"name": "bone132",
				"parent": "bone144",
				"pivot": [0, 18, 0]
			},
			{
				"name": "bone133",
				"parent": "bone132",
				"pivot": [1.68126, 15.31548, -5],
				"rotation": [0, 0, 25]
			},
			{
				"name": "bone137",
				"parent": "hair",
				"pivot": [0, 18, 0]
			},
			{
				"name": "bone201",
				"parent": "bone137",
				"pivot": [-3.9794, 17.83633, -4],
				"rotation": [0, 0, 12.5],
				"cubes": [
					{"origin": [-4.4388, 15.63053, -4.5], "size": [1, 2, 1], "uv": [89, 0]}
				]
			},
			{
				"name": "bone202",
				"parent": "bone137",
				"pivot": [-4.41228, 15.88373, -4],
				"rotation": [0, 0, -7.5],
				"cubes": [
					{"origin": [-4.91436, 13.84747, -4.5], "size": [1, 2, 1], "uv": [93, 0]}
				]
			},
			{
				"name": "bone205",
				"parent": "bone137",
				"pivot": [-4.28176, 14.89229, -4],
				"rotation": [0, 0, -32.5],
				"cubes": [
					{"origin": [-5.17474, 13.1653, -4.5], "size": [1, 1, 1], "uv": [97, 0]}
				]
			},
			{
				"name": "bone206",
				"parent": "hair",
				"pivot": [3, 14, 0],
				"rotation": [0, 0, -2.5]
			},
			{
				"name": "bone209",
				"parent": "bone206",
				"pivot": [4.0206, 17.83633, -4],
				"rotation": [0, 0, 12.5],
				"cubes": [
					{"origin": [3.7249, 15.57768, -4.5], "size": [1, 2, 1], "uv": [89, 0]}
				]
			},
			{
				"name": "bone210",
				"parent": "bone206",
				"pivot": [3.58772, 15.88373, -4],
				"rotation": [0, 0, -7.5],
				"cubes": [
					{"origin": [3.22139, 13.74182, -4.5], "size": [1, 2, 1], "uv": [93, 0]}
				]
			},
			{
				"name": "bone213",
				"parent": "bone206",
				"pivot": [3.71824, 14.89229, -4],
				"rotation": [0, 0, -32.5],
				"cubes": [
					{"origin": [2.90365, 13.01217, -4.5], "size": [1, 1, 1], "uv": [97, 0]}
				]
			},
			{
				"name": "armRight",
				"pivot": [0, 17.5, 0],
				"rotation": [0, 0, 25],
				"cubes": [
					{"origin": [-3.83047, 7.12369, -1], "size": [2, 10, 2], "uv": [46, 14]}
				]
			},
			{
				"name": "armRightPositioningBone",
				"parent": "armRight",
				"pivot": [-2.8, 7.5, 0]
			},
			{
				"name": "bone73",
				"parent": "armRight",
				"pivot": [-2.9, 8.3, 0],
				"rotation": [0, 0, 0.5]
			},
			{
				"name": "bone74",
				"parent": "bone73",
				"pivot": [-2.9, 8.3, 0]
			},
			{
				"name": "bone75",
				"parent": "bone74",
				"pivot": [-2.9, 8.3, 1.99458],
				"rotation": [6, 0, 0],
				"cubes": [
					{"origin": [-3.9, 8.19604, 1.99458], "size": [2, 9, 0], "uv": [62, 42]}
				]
			},
			{
				"name": "bone76",
				"parent": "bone75",
				"pivot": [-3.9, 8.19604, 1.99458],
				"rotation": [0, 0, 5.96737],
				"cubes": [
					{"origin": [-4.9, 8.19604, 1.99358], "size": [1, 9, 0], "uv": [66, 0]}
				]
			},
			{
				"name": "bone77",
				"parent": "bone75",
				"pivot": [-1.9, 8.19604, 1.99458],
				"rotation": [0, 0, -5.96737],
				"cubes": [
					{"origin": [-1.9, 8.19604, 1.99558], "size": [1, 9, 0], "uv": [66, 66]}
				]
			},
			{
				"name": "bone78",
				"parent": "bone73",
				"pivot": [-2.9, 8.3, 0],
				"rotation": [0, -90, 0]
			},
			{
				"name": "bone79",
				"parent": "bone78",
				"pivot": [-2.9, 8.3, 1.99458],
				"rotation": [6, 0, 0],
				"cubes": [
					{"origin": [-3.9, 8.19604, 1.99458], "size": [2, 9, 0], "uv": [62, 33]}
				]
			},
			{
				"name": "bone80",
				"parent": "bone79",
				"pivot": [-3.9, 8.19604, 1.99458],
				"rotation": [0, 0, 5.96737],
				"cubes": [
					{"origin": [-4.9, 8.19604, 1.99358], "size": [1, 9, 0], "uv": [58, 66]}
				]
			},
			{
				"name": "bone81",
				"parent": "bone79",
				"pivot": [-1.9, 8.19604, 1.99458],
				"rotation": [0, 0, -5.96737],
				"cubes": [
					{"origin": [-1.9, 8.19604, 1.99558], "size": [1, 9, 0], "uv": [56, 66]}
				]
			},
			{
				"name": "bone82",
				"parent": "bone73",
				"pivot": [-2.9, 8.3, 0],
				"rotation": [0, -180, 0]
			},
			{
				"name": "bone83",
				"parent": "bone82",
				"pivot": [-2.9, 8.3, 1.99458],
				"rotation": [6, 0, 0],
				"cubes": [
					{"origin": [-3.9, 8.19604, 1.99458], "size": [2, 9, 0], "uv": [62, 9]}
				]
			},
			{
				"name": "bone84",
				"parent": "bone83",
				"pivot": [-3.9, 8.19604, 1.99458],
				"rotation": [0, 0, 5.96737],
				"cubes": [
					{"origin": [-4.9, 8.19604, 1.99358], "size": [1, 9, 0], "uv": [54, 66]}
				]
			},
			{
				"name": "bone85",
				"parent": "bone83",
				"pivot": [-1.9, 8.19604, 1.99458],
				"rotation": [0, 0, -5.96737],
				"cubes": [
					{"origin": [-1.9, 8.19604, 1.99558], "size": [1, 9, 0], "uv": [65, 18]}
				]
			},
			{
				"name": "bone86",
				"parent": "bone73",
				"pivot": [-2.9, 8.3, 0],
				"rotation": [0, -270, 0]
			},
			{
				"name": "bone87",
				"parent": "bone86",
				"pivot": [-2.9, 8.3, 1.99458],
				"rotation": [6, 0, 0],
				"cubes": [
					{"origin": [-3.9, 8.19604, 1.99458], "size": [2, 9, 0], "uv": [62, 0]}
				]
			},
			{
				"name": "bone88",
				"parent": "bone87",
				"pivot": [-3.9, 8.19604, 1.99458],
				"rotation": [0, 0, 5.96737],
				"cubes": [
					{"origin": [-4.9, 8.19604, 1.99358], "size": [1, 9, 0], "uv": [16, 65]}
				]
			},
			{
				"name": "bone89",
				"parent": "bone87",
				"pivot": [-1.9, 8.19604, 1.99458],
				"rotation": [0, 0, -5.96737],
				"cubes": [
					{"origin": [-1.9, 8.19604, 1.99558], "size": [1, 9, 0], "uv": [14, 65]}
				]
			},
			{
				"name": "armLeft",
				"pivot": [0, 17.5, 0],
				"rotation": [0, 0, -25],
				"cubes": [
					{"origin": [1.83047, 7.12369, -1], "size": [2, 10, 2], "uv": [46, 14], "mirror": true}
				]
			},
			{
				"name": "armLeftPositioningBone",
				"parent": "armLeft",
				"pivot": [2.8, 7.5, 0]
			},
			{
				"name": "bone90",
				"parent": "armLeft",
				"pivot": [2.9, 8.3, 0],
				"rotation": [0, 0, -0.5]
			},
			{
				"name": "bone91",
				"parent": "bone90",
				"pivot": [2.9, 8.3, 0]
			},
			{
				"name": "bone92",
				"parent": "bone91",
				"pivot": [2.9, 8.3, 1.99458],
				"rotation": [6, 0, 0],
				"cubes": [
					{"origin": [1.9, 8.19604, 1.99458], "size": [2, 9, 0], "uv": [62, 42]}
				]
			},
			{
				"name": "bone93",
				"parent": "bone92",
				"pivot": [3.9, 8.19604, 1.99458],
				"rotation": [0, 0, -5.96737],
				"cubes": [
					{"origin": [3.9, 8.19604, 1.99358], "size": [1, 9, 0], "uv": [66, 0]}
				]
			},
			{
				"name": "bone94",
				"parent": "bone92",
				"pivot": [1.9, 8.19604, 1.99458],
				"rotation": [0, 0, 5.96737],
				"cubes": [
					{"origin": [0.9, 8.19604, 1.99558], "size": [1, 9, 0], "uv": [66, 66]}
				]
			},
			{
				"name": "bone95",
				"parent": "bone90",
				"pivot": [2.9, 8.3, 0],
				"rotation": [0, 90, 0]
			},
			{
				"name": "bone96",
				"parent": "bone95",
				"pivot": [2.9, 8.3, 1.99458],
				"rotation": [6, 0, 0],
				"cubes": [
					{"origin": [1.9, 8.19604, 1.99458], "size": [2, 9, 0], "uv": [62, 33]}
				]
			},
			{
				"name": "bone97",
				"parent": "bone96",
				"pivot": [3.9, 8.19604, 1.99458],
				"rotation": [0, 0, -5.96737],
				"cubes": [
					{"origin": [3.9, 8.19604, 1.99358], "size": [1, 9, 0], "uv": [58, 66]}
				]
			},
			{
				"name": "bone98",
				"parent": "bone96",
				"pivot": [1.9, 8.19604, 1.99458],
				"rotation": [0, 0, 5.96737],
				"cubes": [
					{"origin": [0.9, 8.19604, 1.99558], "size": [1, 9, 0], "uv": [56, 66]}
				]
			},
			{
				"name": "bone99",
				"parent": "bone90",
				"pivot": [2.9, 8.3, 0],
				"rotation": [0, 180, 0]
			},
			{
				"name": "bone100",
				"parent": "bone99",
				"pivot": [2.9, 8.3, 1.99458],
				"rotation": [6, 0, 0],
				"cubes": [
					{"origin": [1.9, 8.19604, 1.99458], "size": [2, 9, 0], "uv": [62, 9]}
				]
			},
			{
				"name": "bone101",
				"parent": "bone100",
				"pivot": [3.9, 8.19604, 1.99458],
				"rotation": [0, 0, -5.96737],
				"cubes": [
					{"origin": [3.9, 8.19604, 1.99358], "size": [1, 9, 0], "uv": [54, 66]}
				]
			},
			{
				"name": "bone102",
				"parent": "bone100",
				"pivot": [1.9, 8.19604, 1.99458],
				"rotation": [0, 0, 5.96737],
				"cubes": [
					{"origin": [0.9, 8.19604, 1.99558], "size": [1, 9, 0], "uv": [65, 18]}
				]
			},
			{
				"name": "bone103",
				"parent": "bone90",
				"pivot": [2.9, 8.3, 0],
				"rotation": [0, 270, 0]
			},
			{
				"name": "bone104",
				"parent": "bone103",
				"pivot": [2.9, 8.3, 1.99458],
				"rotation": [6, 0, 0],
				"cubes": [
					{"origin": [1.9, 8.19604, 1.99458], "size": [2, 9, 0], "uv": [62, 0]}
				]
			},
			{
				"name": "bone105",
				"parent": "bone104",
				"pivot": [3.9, 8.19604, 1.99458],
				"rotation": [0, 0, -5.96737],
				"cubes": [
					{"origin": [3.9, 8.19604, 1.99358], "size": [1, 9, 0], "uv": [16, 65]}
				]
			},
			{
				"name": "bone106",
				"parent": "bone104",
				"pivot": [1.9, 8.19604, 1.99458],
				"rotation": [0, 0, 5.96737],
				"cubes": [
					{"origin": [0.9, 8.19604, 1.99558], "size": [1, 9, 0], "uv": [14, 65]}
				]
			},
			{
				"name": "body",
				"pivot": [0, 10.5, 0],
				"cubes": [
					{"origin": [-3, 8.999, -3], "size": [6, 9, 6], "uv": [0, 32]}
				]
			},
			{
				"name": "buttons",
				"parent": "body",
				"pivot": [2, 0, -8],
				"cubes": [
					{"origin": [0.9, 14, -3.5], "size": [1, 1, 1], "uv": [48, 46], "inflate": -0.2},
					{"origin": [0.9, 15.5, -3.5], "size": [1, 1, 1], "uv": [48, 12], "inflate": -0.2},
					{"origin": [0.9, 12.5, -3.5], "size": [1, 1, 1], "uv": [20, 47], "inflate": -0.2},
					{"origin": [0.9, 11, -3.5], "size": [1, 1, 1], "uv": [44, 6], "inflate": -0.2},
					{"origin": [0.9, 9.5, -3.5], "size": [1, 1, 1], "uv": [44, 4], "inflate": -0.2}
				]
			},
			{
				"name": "v",
				"parent": "body",
				"pivot": [-1, 17.2, -3],
				"rotation": [-10, 5, 62.5],
				"cubes": [
					{"origin": [-1.885, 16.92013, -3.0286], "size": [2, 1, 0], "uv": [74, 0]}
				]
			},
			{
				"name": "v2",
				"parent": "body",
				"pivot": [1, 17.2, -3],
				"rotation": [-10, -5, -62.5],
				"cubes": [
					{"origin": [-0.115, 16.92013, -3.0286], "size": [2, 1, 0], "uv": [74, 0], "mirror": true}
				]
			},
			{
				"name": "ribbon",
				"parent": "body",
				"pivot": [0, 0, 0]
			},
			{
				"name": "bone26",
				"parent": "ribbon",
				"pivot": [0, 0, 0],
				"cubes": [
					{"origin": [-0.5, 15.55, -3.6], "size": [1, 1, 1], "uv": [62, 60], "inflate": -0.25}
				]
			},
			{
				"name": "bone122",
				"parent": "ribbon",
				"pivot": [-0.3513, 15.51746, -3.05],
				"rotation": [0, 0, 22.5],
				"cubes": [
					{"origin": [-0.8513, 14.51746, -3.55], "size": [1, 2, 0.8], "uv": [70, 54], "inflate": -0.3}
				]
			},
			{
				"name": "bone126",
				"parent": "ribbon",
				"pivot": [0.3513, 15.51746, -3.05],
				"rotation": [0, 0, -22.5],
				"cubes": [
					{"origin": [-0.1487, 14.51746, -3.55], "size": [1, 2, 0.8], "uv": [70, 54], "inflate": -0.3, "mirror": true}
				]
			},
			{
				"name": "bone134",
				"parent": "ribbon",
				"pivot": [2.42196, 15.45658, -4],
				"rotation": [0, 0, 52.5],
				"cubes": [
					{"origin": [0.03063, 13.84689, -3.35], "size": [0.8, 2.5, 0.7], "uv": [71, 53], "inflate": -0.3, "mirror": true}
				]
			},
			{
				"name": "bone135",
				"parent": "ribbon",
				"pivot": [-2.42196, 15.45658, -3.9],
				"rotation": [0, 0, -52.5],
				"cubes": [
					{"origin": [-0.83063, 13.84689, -3.35], "size": [0.8, 2.5, 0.7], "uv": [71, 53], "inflate": -0.3}
				]
			},
			{
				"name": "bone127",
				"parent": "ribbon",
				"pivot": [1.48755, 13.40166, -3.05],
				"rotation": [0, 0, -12.5],
				"cubes": [
					{"origin": [0.16403, 12.93985, -3.4501], "size": [1, 3.5, 0.7], "uv": [70, 53], "inflate": -0.3, "mirror": true}
				]
			},
			{
				"name": "bone131",
				"parent": "ribbon",
				"pivot": [-1.48755, 13.40166, -3.05],
				"rotation": [0, 0, 12.5],
				"cubes": [
					{"origin": [-1.16403, 12.93985, -3.4501], "size": [1, 3.5, 0.7], "uv": [70, 53], "inflate": -0.3}
				]
			},
			{
				"name": "legLeft",
				"pivot": [1.8, 9, 0],
				"cubes": [
					{"origin": [0.299, 0, -1.5], "size": [3, 9, 3], "uv": [24, 37], "mirror": true}
				]
			},
			{
				"name": "shoe2",
				"parent": "legLeft",
				"pivot": [-1.7, 9, 0],
				"cubes": [
					{"origin": [-0.7, 0, -2.5], "size": [5, 3, 5], "uv": [24, 0], "inflate": -0.8}
				]
			},
			{
				"name": "legRight",
				"pivot": [-1.9, 9, 0],
				"cubes": [
					{"origin": [-3.299, 0, -1.5], "size": [3, 9, 3], "uv": [24, 37]}
				]
			},
			{
				"name": "shoe",
				"parent": "legRight",
				"pivot": [1.8, 9, 0],
				"cubes": [
					{"origin": [-4.3, 0, -2.5], "size": [5, 3, 5], "uv": [24, 0], "inflate": -0.8, "mirror": true}
				]
			},
			{
				"name": "skirt",
				"pivot": [0, 5.25, 0]
			},
			{
				"name": "bone36",
				"parent": "skirt",
				"pivot": [0, 5.25, 0]
			},
			{
				"name": "bone37",
				"parent": "bone36",
				"pivot": [0, 5.25, 4.17256],
				"rotation": [16, 0, 0]
			},
			{
				"name": "bone38",
				"parent": "bone37",
				"pivot": [0, 5.25, 4.17256],
				"rotation": [0, -26.56505, 0],
				"cubes": [
					{"origin": [-1, 5.25, 3.67256], "size": [2, 4, 1], "uv": [66, 47]}
				]
			},
			{
				"name": "bone39",
				"parent": "skirt",
				"pivot": [0, 5.25, 0],
				"rotation": [0, -30, 0]
			},
			{
				"name": "bone40",
				"parent": "bone39",
				"pivot": [0, 5.25, 4.17256],
				"rotation": [16, 0, 0]
			},
			{
				"name": "bone41",
				"parent": "bone40",
				"pivot": [0, 5.25, 4.17256],
				"rotation": [0, -26.56505, 0],
				"cubes": [
					{"origin": [-1, 5.25, 3.67256], "size": [2, 4, 1], "uv": [66, 47]}
				]
			},
			{
				"name": "bone42",
				"parent": "skirt",
				"pivot": [0, 5.25, 0],
				"rotation": [0, -60, 0]
			},
			{
				"name": "bone43",
				"parent": "bone42",
				"pivot": [0, 5.25, 4.17256],
				"rotation": [16, 0, 0]
			},
			{
				"name": "bone44",
				"parent": "bone43",
				"pivot": [0, 5.25, 4.17256],
				"rotation": [0, -26.56505, 0],
				"cubes": [
					{"origin": [-1, 5.25, 3.67256], "size": [2, 4, 1], "uv": [66, 47]}
				]
			},
			{
				"name": "bone45",
				"parent": "skirt",
				"pivot": [0, 5.25, 0],
				"rotation": [0, -90, 0]
			},
			{
				"name": "bone46",
				"parent": "bone45",
				"pivot": [0, 5.25, 4.17256],
				"rotation": [16, 0, 0]
			},
			{
				"name": "bone47",
				"parent": "bone46",
				"pivot": [0, 5.25, 4.17256],
				"rotation": [0, -26.56505, 0],
				"cubes": [
					{"origin": [-1, 5.25, 3.67256], "size": [2, 4, 1], "uv": [66, 47]}
				]
			},
			{
				"name": "bone48",
				"parent": "skirt",
				"pivot": [0, 5.25, 0],
				"rotation": [0, -120, 0]
			},
			{
				"name": "bone49",
				"parent": "bone48",
				"pivot": [0, 5.25, 4.17256],
				"rotation": [16, 0, 0]
			},
			{
				"name": "bone50",
				"parent": "bone49",
				"pivot": [0, 5.25, 4.17256],
				"rotation": [0, -26.56505, 0],
				"cubes": [
					{"origin": [-1, 5.25, 3.67256], "size": [2, 4, 1], "uv": [66, 47]}
				]
			},
			{
				"name": "bone51",
				"parent": "skirt",
				"pivot": [0, 5.25, 0],
				"rotation": [0, -150, 0]
			},
			{
				"name": "bone52",
				"parent": "bone51",
				"pivot": [0, 5.25, 4.17256],
				"rotation": [16, 0, 0]
			},
			{
				"name": "bone53",
				"parent": "bone52",
				"pivot": [0, 5.25, 4.17256],
				"rotation": [0, -26.56505, 0],
				"cubes": [
					{"origin": [-1, 5.25, 3.67256], "size": [2, 4, 1], "uv": [66, 47]}
				]
			},
			{
				"name": "bone54",
				"parent": "skirt",
				"pivot": [0, 5.25, 0],
				"rotation": [0, -180, 0]
			},
			{
				"name": "bone55",
				"parent": "bone54",
				"pivot": [0, 5.25, 4.17256],
				"rotation": [16, 0, 0]
			},
			{
				"name": "bone56",
				"parent": "bone55",
				"pivot": [0, 5.25, 4.17256],
				"rotation": [0, -26.56505, 0],
				"cubes": [
					{"origin": [-1, 5.25, 3.67256], "size": [2, 4, 1], "uv": [66, 47]}
				]
			},
			{
				"name": "bone57",
				"parent": "skirt",
				"pivot": [0, 5.25, 0],
				"rotation": [0, -210, 0]
			},
			{
				"name": "bone58",
				"parent": "bone57",
				"pivot": [0, 5.25, 4.17256],
				"rotation": [16, 0, 0]
			},
			{
				"name": "bone59",
				"parent": "bone58",
				"pivot": [0, 5.25, 4.17256],
				"rotation": [0, -26.56505, 0],
				"cubes": [
					{"origin": [-1, 5.25, 3.67256], "size": [2, 4, 1], "uv": [66, 47]}
				]
			},
			{
				"name": "bone60",
				"parent": "skirt",
				"pivot": [0, 5.25, 0],
				"rotation": [0, -240, 0]
			},
			{
				"name": "bone61",
				"parent": "bone60",
				"pivot": [0, 5.25, 4.17256],
				"rotation": [16, 0, 0]
			},
			{
				"name": "bone62",
				"parent": "bone61",
				"pivot": [0, 5.25, 4.17256],
				"rotation": [0, -26.56505, 0],
				"cubes": [
					{"origin": [-1, 5.25, 3.67256], "size": [2, 4, 1], "uv": [66, 47]}
				]
			},
			{
				"name": "bone63",
				"parent": "skirt",
				"pivot": [0, 5.25, 0],
				"rotation": [0, -270, 0]
			},
			{
				"name": "bone64",
				"parent": "bone63",
				"pivot": [0, 5.25, 4.17256],
				"rotation": [16, 0, 0]
			},
			{
				"name": "bone65",
				"parent": "bone64",
				"pivot": [0, 5.25, 4.17256],
				"rotation": [0, -26.56505, 0],
				"cubes": [
					{"origin": [-1, 5.25, 3.67256], "size": [2, 4, 1], "uv": [66, 47]}
				]
			},
			{
				"name": "bone66",
				"parent": "skirt",
				"pivot": [0, 5.25, 0],
				"rotation": [0, -300, 0]
			},
			{
				"name": "bone67",
				"parent": "bone66",
				"pivot": [0, 5.25, 4.17256],
				"rotation": [16, 0, 0]
			},
			{
				"name": "bone68",
				"parent": "bone67",
				"pivot": [0, 5.25, 4.17256],
				"rotation": [0, -26.56505, 0],
				"cubes": [
					{"origin": [-1, 5.25, 3.67256], "size": [2, 4, 1], "uv": [66, 47]}
				]
			},
			{
				"name": "bone70",
				"parent": "skirt",
				"pivot": [0, 5.25, 0],
				"rotation": [0, -330, 0]
			},
			{
				"name": "bone71",
				"parent": "bone70",
				"pivot": [0, 5.25, 4.17256],
				"rotation": [16, 0, 0]
			},
			{
				"name": "bone72",
				"parent": "bone71",
				"pivot": [0, 5.25, 4.17256],
				"rotation": [0, -26.56505, 0],
				"cubes": [
					{"origin": [-1, 5.25, 3.67256], "size": [2, 4, 1], "uv": [66, 47]}
				]
			},
			{
				"name": "robe",
				"pivot": [0, 0, 0]
			},
			{
				"name": "bone198",
				"parent": "robe",
				"pivot": [0, -1, 0]
			},
			{
				"name": "bone199",
				"parent": "bone198",
				"pivot": [0, -1, 0]
			},
			{
				"name": "bone200",
				"parent": "bone199",
				"pivot": [0, -1, 2.49627],
				"rotation": [12, 0, 0],
				"cubes": [
					{"origin": [-1.5, -0.58632, 6.02652], "size": [3, 3, 0], "uv": [78, 0]}
				]
			},
			{
				"name": "bone203",
				"parent": "bone198",
				"pivot": [0, -1, 0],
				"rotation": [0, -45, 0]
			},
			{
				"name": "bone204",
				"parent": "bone203",
				"pivot": [0, -1, 2.49627],
				"rotation": [12, 0, 0],
				"cubes": [
					{"origin": [-1.5, 0.41368, 6.02652], "size": [3, 3, 0], "uv": [0, 5]}
				]
			},
			{
				"name": "bone207",
				"parent": "bone198",
				"pivot": [0, -1, 0],
				"rotation": [0, -90, 0]
			},
			{
				"name": "bone208",
				"parent": "bone207",
				"pivot": [0, -1, 2.49627],
				"rotation": [12, 0, 0],
				"cubes": [
					{"origin": [-1.5, 2.41368, 6.02652], "size": [3, 3, 0], "uv": [0, 5]}
				]
			},
			{
				"name": "bone211",
				"parent": "bone198",
				"pivot": [0, -1, 0],
				"rotation": [0, -135, 0]
			},
			{
				"name": "bone212",
				"parent": "bone211",
				"pivot": [0, -1, 2.49627],
				"rotation": [12, 0, 0],
				"cubes": [
					{"origin": [-1.5, 3.41368, 6.22652], "size": [3, 3, 0], "uv": [0, 5]}
				]
			},
			{
				"name": "bone219",
				"parent": "bone198",
				"pivot": [0, -1, 0],
				"rotation": [0, -225, 0]
			},
			{
				"name": "bone220",
				"parent": "bone219",
				"pivot": [0, -1, 2.49627],
				"rotation": [12, 0, 0],
				"cubes": [
					{"origin": [-1.5, 3.41368, 6.22652], "size": [3, 3, 0], "uv": [0, 5]}
				]
			},
			{
				"name": "bone223",
				"parent": "bone198",
				"pivot": [0, -1, 0],
				"rotation": [0, -270, 0]
			},
			{
				"name": "bone224",
				"parent": "bone223",
				"pivot": [0, -1, 2.49627],
				"rotation": [12, 0, 0],
				"cubes": [
					{"origin": [-1.5, 2.41368, 6.02652], "size": [3, 3, 0], "uv": [0, 5]}
				]
			},
			{
				"name": "bone227",
				"parent": "bone198",
				"pivot": [0, -1, 0],
				"rotation": [0, -315, 0]
			},
			{
				"name": "bone228",
				"parent": "bone227",
				"pivot": [0, -1, 2.49627],
				"rotation": [12, 0, 0],
				"cubes": [
					{"origin": [-1.5, 0.41368, 6.02652], "size": [3, 3, 0], "uv": [0, 5]}
				]
			},
			{
				"name": "bone107",
				"parent": "robe",
				"pivot": [0, 1, 0]
			},
			{
				"name": "bone108",
				"parent": "bone107",
				"pivot": [0, 1, 0]
			},
			{
				"name": "bone109",
				"parent": "bone108",
				"pivot": [0, 1, 2.49627],
				"rotation": [12, 0, 0],
				"cubes": [
					{"origin": [-1.5, 0.71805, 5.98494], "size": [3, 12, 0], "uv": [14, 47]}
				]
			},
			{
				"name": "bone110",
				"parent": "bone109",
				"pivot": [-1.5, 0.91368, 2.49627],
				"rotation": [0, 0, 4.95196],
				"cubes": [
					{"origin": [-2.48311, 0.71878, 5.98394], "size": [1, 12, 0], "uv": [60, 36]}
				]
			},
			{
				"name": "bone111",
				"parent": "bone109",
				"pivot": [1.5, 0.91368, 2.49627],
				"rotation": [0, 0, -4.95196],
				"cubes": [
					{"origin": [1.48311, 0.71878, 5.98594], "size": [1, 12, 0], "uv": [60, 36]}
				]
			},
			{
				"name": "bone112",
				"parent": "bone107",
				"pivot": [0, 1, 0],
				"rotation": [0, -45, 0]
			},
			{
				"name": "bone113",
				"parent": "bone112",
				"pivot": [0, 1, 2.49627],
				"rotation": [12, 0, 0],
				"cubes": [
					{"origin": [-1.5, 0.71805, 5.98494], "size": [3, 12, 0], "uv": [48, 48], "mirror": true}
				]
			},
			{
				"name": "bone114",
				"parent": "bone113",
				"pivot": [-1.5, 0.91368, 2.49627],
				"rotation": [0, 0, 4.95196],
				"cubes": [
					{"origin": [-2.48311, 0.71878, 5.98394], "size": [1, 12, 0], "uv": [44, 49]}
				]
			},
			{
				"name": "bone115",
				"parent": "bone113",
				"pivot": [1.5, 0.91368, 2.49627],
				"rotation": [0, 0, -4.95196],
				"cubes": [
					{"origin": [1.48311, 0.71878, 5.98594], "size": [1, 12, 0], "uv": [46, 49]}
				]
			},
			{
				"name": "bone116",
				"parent": "bone107",
				"pivot": [0, 1, 0],
				"rotation": [0, -90, 0]
			},
			{
				"name": "bone117",
				"parent": "bone116",
				"pivot": [0, 1, 2.49627],
				"rotation": [12, 0, 0],
				"cubes": [
					{"origin": [-1.5, 0.71805, 5.98494], "size": [3, 12, 0], "uv": [48, 0]}
				]
			},
			{
				"name": "bone118",
				"parent": "bone117",
				"pivot": [-1.5, 0.91368, 2.49627],
				"rotation": [0, 0, 4.95196],
				"cubes": [
					{"origin": [-2.48311, 0.71878, 5.98394], "size": [1, 12, 0], "uv": [18, 59]}
				]
			},
			{
				"name": "bone119",
				"parent": "bone117",
				"pivot": [1.5, 0.91368, 2.49627],
				"rotation": [0, 0, -4.95196],
				"cubes": [
					{"origin": [1.48311, 0.71878, 5.98594], "size": [1, 12, 0], "uv": [59, 24]}
				]
			},
			{
				"name": "bone120",
				"parent": "bone107",
				"pivot": [0, 1, 0],
				"rotation": [0, -135, 0]
			},
			{
				"name": "bone121",
				"parent": "bone120",
				"pivot": [0, 1, 2.49627],
				"rotation": [12, 0, 0],
				"cubes": [
					{"origin": [-1.5, 0.71805, 5.98494], "size": [3, 12, 0], "uv": [20, 49]}
				]
			},
			{
				"name": "bone123",
				"parent": "bone121",
				"pivot": [1.5, 0.91368, 2.49627],
				"rotation": [0, 0, -4.95196],
				"cubes": [
					{"origin": [1.48311, 0.71878, 5.98594], "size": [1, 12, 0], "uv": [48, 60]}
				]
			},
			{
				"name": "bone124",
				"parent": "bone107",
				"pivot": [0, 1, 0],
				"rotation": [0, -180, 0]
			},
			{
				"name": "bone125",
				"parent": "bone124",
				"pivot": [0, 1, 2.49627],
				"rotation": [12, 0, 0]
			},
			{
				"name": "bone128",
				"parent": "bone107",
				"pivot": [0, 1, 0],
				"rotation": [0, -225, 0]
			},
			{
				"name": "bone129",
				"parent": "bone128",
				"pivot": [0, 1, 2.49627],
				"rotation": [12, 0, 0],
				"cubes": [
					{"origin": [-1.5, 0.71805, 5.98494], "size": [3, 12, 0], "uv": [20, 49]}
				]
			},
			{
				"name": "bone130",
				"parent": "bone129",
				"pivot": [-1.5, 0.91368, 2.49627],
				"rotation": [0, 0, 4.95196],
				"cubes": [
					{"origin": [-2.48311, 0.71878, 5.98394], "size": [1, 12, 0], "uv": [48, 60]}
				]
			},
			{
				"name": "bone138",
				"parent": "bone107",
				"pivot": [0, 1, 0],
				"rotation": [0, -270, 0]
			},
			{
				"name": "bone141",
				"parent": "bone138",
				"pivot": [0, 1, 2.49627],
				"rotation": [12, 0, 0],
				"cubes": [
					{"origin": [-1.5, 0.71805, 5.98494], "size": [3, 12, 0], "uv": [48, 0]}
				]
			},
			{
				"name": "bone192",
				"parent": "bone141",
				"pivot": [-1.5, 0.91368, 2.49627],
				"rotation": [0, 0, 4.95196],
				"cubes": [
					{"origin": [-2.48311, 0.71878, 5.98394], "size": [1, 12, 0], "uv": [59, 24]}
				]
			},
			{
				"name": "bone193",
				"parent": "bone141",
				"pivot": [1.5, 0.91368, 2.49627],
				"rotation": [0, 0, -4.95196],
				"cubes": [
					{"origin": [1.48311, 0.71878, 5.98594], "size": [1, 12, 0], "uv": [18, 59]}
				]
			},
			{
				"name": "bone194",
				"parent": "bone107",
				"pivot": [0, 1, 0],
				"rotation": [0, -315, 0]
			},
			{
				"name": "bone195",
				"parent": "bone194",
				"pivot": [0, 1, 2.49627],
				"rotation": [12, 0, 0],
				"cubes": [
					{"origin": [-1.5, 0.71805, 5.98494], "size": [3, 12, 0], "uv": [48, 48]}
				]
			},
			{
				"name": "bone196",
				"parent": "bone195",
				"pivot": [-1.5, 0.91368, 2.49627],
				"rotation": [0, 0, 4.95196],
				"cubes": [
					{"origin": [-2.48311, 0.71878, 5.98394], "size": [1, 12, 0], "uv": [46, 49]}
				]
			},
			{
				"name": "bone197",
				"parent": "bone195",
				"pivot": [1.5, 0.91368, 2.49627],
				"rotation": [0, 0, -4.95196],
				"cubes": [
					{"origin": [1.48311, 0.71878, 5.98594], "size": [1, 12, 0], "uv": [44, 49]}
				]
			},
			{
				"name": "bone2",
				"parent": "robe",
				"pivot": [0, 1, 0]
			},
			{
				"name": "bone3",
				"parent": "bone2",
				"pivot": [0, 1, 0]
			},
			{
				"name": "bone4",
				"parent": "bone3",
				"pivot": [0, 1, 2.49627],
				"rotation": [12, 0, 0],
				"cubes": [
					{"origin": [-1.5, 0.91368, 6.02652], "size": [3, 12, 0], "uv": [8, 47]}
				]
			},
			{
				"name": "bone5",
				"parent": "bone4",
				"pivot": [-1.5, 0.91368, 2.49627],
				"rotation": [0, 0, 4.95196],
				"cubes": [
					{"origin": [-2.5, 0.91368, 6.02552], "size": [1, 12, 0], "uv": [36, 61]}
				]
			},
			{
				"name": "bone6",
				"parent": "bone4",
				"pivot": [1.5, 0.91368, 2.49627],
				"rotation": [0, 0, -4.95196],
				"cubes": [
					{"origin": [1.5, 0.91368, 6.02752], "size": [1, 12, 0], "uv": [36, 61]}
				]
			},
			{
				"name": "bone7",
				"parent": "bone2",
				"pivot": [0, 1, 0],
				"rotation": [0, -45, 0]
			},
			{
				"name": "bone8",
				"parent": "bone7",
				"pivot": [0, 1, 2.49627],
				"rotation": [12, 0, 0],
				"cubes": [
					{"origin": [-1.5, 0.91368, 6.02652], "size": [3, 12, 0], "uv": [0, 59]}
				]
			},
			{
				"name": "bone9",
				"parent": "bone8",
				"pivot": [-1.5, 0.91368, 2.49627],
				"rotation": [0, 0, 4.95196],
				"cubes": [
					{"origin": [-2.5, 0.91368, 6.02552], "size": [1, 12, 0], "uv": [32, 61]}
				]
			},
			{
				"name": "bone10",
				"parent": "bone8",
				"pivot": [1.5, 0.91368, 2.49627],
				"rotation": [0, 0, -4.95196],
				"cubes": [
					{"origin": [1.5, 0.91368, 6.02752], "size": [1, 12, 0], "uv": [42, 61]}
				]
			},
			{
				"name": "bone11",
				"parent": "bone2",
				"pivot": [0, 1, 0],
				"rotation": [0, -90, 0]
			},
			{
				"name": "bone12",
				"parent": "bone11",
				"pivot": [0, 1, 2.49627],
				"rotation": [12, 0, 0],
				"cubes": [
					{"origin": [-1.5, 0.91368, 6.02652], "size": [3, 12, 0], "uv": [54, 38]}
				]
			},
			{
				"name": "bone13",
				"parent": "bone12",
				"pivot": [-1.5, 0.91368, 2.49627],
				"rotation": [0, 0, 4.95196],
				"cubes": [
					{"origin": [-2.5, 0.91368, 6.02552], "size": [1, 12, 0], "uv": [34, 61]}
				]
			},
			{
				"name": "bone14",
				"parent": "bone12",
				"pivot": [1.5, 0.91368, 2.49627],
				"rotation": [0, 0, -4.95196],
				"cubes": [
					{"origin": [1.5, 0.91368, 6.02752], "size": [1, 12, 0], "uv": [32, 61]}
				]
			},
			{
				"name": "bone15",
				"parent": "bone2",
				"pivot": [0, 1, 0],
				"rotation": [0, -135, 0]
			},
			{
				"name": "bone16",
				"parent": "bone15",
				"pivot": [0, 1, 2.49627],
				"rotation": [12, 0, 0],
				"cubes": [
					{"origin": [-1.5, 0.91368, 6.02652], "size": [3, 12, 0], "uv": [54, 12]}
				]
			},
			{
				"name": "bone17",
				"parent": "bone16",
				"pivot": [-1.5, 0.91368, 2.49627],
				"rotation": [0, 0, 4.95196]
			},
			{
				"name": "bone18",
				"parent": "bone16",
				"pivot": [1.5, 0.91368, 2.49627],
				"rotation": [0, 0, -4.95196],
				"cubes": [
					{"origin": [1.5, 0.91368, 6.02752], "size": [1, 12, 0], "uv": [30, 61]}
				]
			},
			{
				"name": "bone19",
				"parent": "bone2",
				"pivot": [0, 1, 0],
				"rotation": [0, -180, 0]
			},
			{
				"name": "bone20",
				"parent": "bone19",
				"pivot": [0, 1, 2.49627],
				"rotation": [12, 0, 0]
			},
			{
				"name": "bone21",
				"parent": "bone20",
				"pivot": [-1.5, 0.91368, 2.49627],
				"rotation": [0, 0, 4.95196]
			},
			{
				"name": "bone22",
				"parent": "bone20",
				"pivot": [1.5, 0.91368, 2.49627],
				"rotation": [0, 0, -4.95196]
			},
			{
				"name": "bone23",
				"parent": "bone2",
				"pivot": [0, 1, 0],
				"rotation": [0, -225, 0]
			},
			{
				"name": "bone24",
				"parent": "bone23",
				"pivot": [0, 1, 2.49627],
				"rotation": [12, 0, 0],
				"cubes": [
					{"origin": [-1.5, 0.91368, 6.02652], "size": [3, 12, 0], "uv": [54, 12], "mirror": true}
				]
			},
			{
				"name": "bone25",
				"parent": "bone24",
				"pivot": [-1.5, 0.91368, 2.49627],
				"rotation": [0, 0, 4.95196],
				"cubes": [
					{"origin": [-2.5, 0.91368, 6.02552], "size": [1, 12, 0], "uv": [30, 61]}
				]
			},
			{
				"name": "bone27",
				"parent": "bone2",
				"pivot": [0, 1, 0],
				"rotation": [0, -270, 0]
			},
			{
				"name": "bone28",
				"parent": "bone27",
				"pivot": [0, 1, 2.49627],
				"rotation": [12, 0, 0],
				"cubes": [
					{"origin": [-1.5, 0.91368, 6.02652], "size": [3, 12, 0], "uv": [54, 38]}
				]
			},
			{
				"name": "bone29",
				"parent": "bone28",
				"pivot": [-1.5, 0.91368, 2.49627],
				"rotation": [0, 0, 4.95196],
				"cubes": [
					{"origin": [-2.5, 0.91368, 6.02552], "size": [1, 12, 0], "uv": [32, 61]}
				]
			},
			{
				"name": "bone30",
				"parent": "bone28",
				"pivot": [1.5, 0.91368, 2.49627],
				"rotation": [0, 0, -4.95196],
				"cubes": [
					{"origin": [1.5, 0.91368, 6.02752], "size": [1, 12, 0], "uv": [34, 61]}
				]
			},
			{
				"name": "bone31",
				"parent": "bone2",
				"pivot": [0, 1, 0],
				"rotation": [0, -315, 0]
			},
			{
				"name": "bone32",
				"parent": "bone31",
				"pivot": [0, 1, 2.49627],
				"rotation": [12, 0, 0],
				"cubes": [
					{"origin": [-1.5, 0.91368, 6.02652], "size": [3, 12, 0], "uv": [0, 59]}
				]
			},
			{
				"name": "bone33",
				"parent": "bone32",
				"pivot": [-1.5, 0.91368, 2.49627],
				"rotation": [0, 0, 4.95196],
				"cubes": [
					{"origin": [-2.5, 0.91368, 6.02552], "size": [1, 12, 0], "uv": [42, 61]}
				]
			},
			{
				"name": "bone34",
				"parent": "bone32",
				"pivot": [1.5, 0.91368, 2.49627],
				"rotation": [0, 0, -4.95196],
				"cubes": [
					{"origin": [1.5, 0.91368, 6.02752], "size": [1, 12, 0], "uv": [32, 61]}
				]
			},
			{
				"name": "bone",
				"parent": "robe",
				"pivot": [0, 0, 0],
				"cubes": [
					{"origin": [-3.5, 13.25, -3.5], "size": [7, 5, 7], "uv": [25, 25]}
				]
			},
			{
				"name": "bone239",
				"parent": "robe",
				"pivot": [-1.77071, 13.5, -2.52929],
				"rotation": [0, -45, 0],
				"cubes": [
					{"origin": [-2.754, 13.5, -2.5], "size": [1, 4, 1], "uv": [66, 52], "inflate": 0.22}
				]
			},
			{
				"name": "bone240",
				"parent": "robe",
				"pivot": [1.77071, 13.5, -2.52929],
				"rotation": [0, 45, 0],
				"cubes": [
					{"origin": [1.754, 13.5, -2.5], "size": [1, 4, 1], "uv": [39, 16], "inflate": 0.22}
				]
			},
			{
				"name": "bone241",
				"parent": "robe",
				"pivot": [1.77071, 13.5, 2.52929],
				"rotation": [0, -45, 0],
				"cubes": [
					{"origin": [1.754, 13.5, 1.49], "size": [1, 4, 1], "uv": [24, 16], "inflate": 0.22}
				]
			},
			{
				"name": "bone242",
				"parent": "robe",
				"pivot": [-1.77071, 13.5, 2.52929],
				"rotation": [0, 45, 0],
				"cubes": [
					{"origin": [-2.754, 13.5, 1.49], "size": [1, 4, 1], "uv": [24, 0], "inflate": 0.22}
				]
			}
		]
	}
}