{
	"format_version": "1.10.0",
	"geometry.model": {
		"texturewidth": 256,
		"textureheight": 256,
		"visible_bounds_width": 3,
		"visible_bounds_height": 3,
		"visible_bounds_offset": [0, 0, 0],
		"bones": [
			{
				"name": "head",
				"pivot": [0, 18, 0],
				"cubes": [
					{"origin": [-4, 18, -4], "size": [8, 8, 8], "uv": [0, 0]},
					{"origin": [-4, 18, -4], "size": [8, 8, 8], "uv": [0, 16], "inflate": 0.5}
				]
			},
			{
				"name": "blink",
				"parent": "head",
				"pivot": [0, 18, 0],
				"cubes": [
					{"origin": [-4, 18, -4.001], "size": [8, 8, 0], "uv": [132, 11]}
				]
			},
			{
				"name": "runicHat",
				"parent": "head",
				"pivot": [0, 25.5, 0],
				"rotation": [-180, 0, -180]
			},
			{
				"name": "bottom7",
				"parent": "runicHat",
				"pivot": [6, 25.5, 6]
			},
			{
				"name": "bottom",
				"parent": "bottom7",
				"pivot": [0, 26, 1.75],
				"cubes": [
					{"origin": [-5, 25.5, -11.75], "size": [10, 1, 6], "uv": [0, 32]},
					{"origin": [-5, 25, -11.75], "size": [10, 0.5, 1], "uv": [106, 0]}
				]
			},
			{
				"name": "bottom9",
				"parent": "bottom7",
				"pivot": [0, 26, 1.75],
				"rotation": [0, -45, 0],
				"cubes": [
					{"origin": [-6.23744, 25.51, -11.23744], "size": [10, 1, 6], "uv": [0, 32]},
					{"origin": [-6.23744, 25, -11.23744], "size": [10, 0.5, 1], "uv": [106, 0]}
				]
			},
			{
				"name": "bottom8",
				"parent": "bottom7",
				"pivot": [0, 26, 1.75],
				"rotation": [0, -90, 0],
				"cubes": [
					{"origin": [-6.75, 25.5, -10], "size": [10, 1, 6], "uv": [0, 32]},
					{"origin": [-6.75, 25, -10], "size": [10, 0.5, 1], "uv": [106, 0]}
				]
			},
			{
				"name": "bottom6",
				"parent": "bottom7",
				"pivot": [0, 26, 1.75],
				"rotation": [0, -135, 0],
				"cubes": [
					{"origin": [-6.23744, 25.51, -8.76256], "size": [8, 1, 6], "uv": [0, 39], "mirror": true},
					{"origin": [0.76256, 25, -8.76256], "size": [1, 0.5, 6], "uv": [114, 0]},
					{"origin": [-6.23744, 25, -8.76256], "size": [8, 0.5, 1], "uv": [106, 0]}
				]
			},
			{
				"name": "bottom5",
				"parent": "bottom7",
				"pivot": [0, 26, 1.75],
				"rotation": [0, -180, 0],
				"cubes": [
					{"origin": [-3, 25.5, -8.25], "size": [8, 1, 6], "uv": [0, 39]},
					{"origin": [-3, 25, -8.25], "size": [1, 0.5, 6], "uv": [114, 0]},
					{"origin": [-3, 25, -8.25], "size": [8, 0.5, 1], "uv": [109, 0]}
				]
			},
			{
				"name": "bottom4",
				"parent": "bottom7",
				"pivot": [0, 26, 1.75],
				"rotation": [0, 135, 0],
				"cubes": [
					{"origin": [-3.76256, 25.51, -8.76256], "size": [10, 1, 6], "uv": [0, 32]},
					{"origin": [-3.76256, 25, -8.76256], "size": [10, 0.5, 1], "uv": [106, 0]}
				]
			},
			{
				"name": "bottom3",
				"parent": "bottom7",
				"pivot": [0, 26, 1.75],
				"rotation": [0, 90, 0],
				"cubes": [
					{"origin": [-3.25, 25.5, -10], "size": [10, 1, 6], "uv": [0, 32]},
					{"origin": [-3.25, 25, -10], "size": [10, 0.5, 1], "uv": [106, 0]}
				]
			},
			{
				"name": "bottom2",
				"parent": "bottom7",
				"pivot": [0, 26, 1.75],
				"rotation": [0, 45, 0],
				"cubes": [
					{"origin": [-3.76256, 25.51, -11.23744], "size": [10, 1, 6], "uv": [0, 32]},
					{"origin": [-3.76256, 25, -11.23744], "size": [10, 0.5, 1], "uv": [106, 0]}
				]
			},
			{
				"name": "L1",
				"parent": "runicHat",
				"pivot": [4, 25.5, 5.5],
				"cubes": [
					{"origin": [-6, 25.5, -6], "size": [12, 2, 12], "uv": [32, 0]}
				]
			},
			{
				"name": "L2",
				"parent": "runicHat",
				"pivot": [4, 25.5, 5.5],
				"cubes": [
					{"origin": [-4, 25.5, -4], "size": [8, 5, 8], "uv": [132, 0]}
				]
			},
			{
				"name": "L3",
				"parent": "runicHat",
				"pivot": [0, 30.5, -0.5],
				"rotation": [15, 0, 0],
				"cubes": [
					{"origin": [-3.5, 28.52588, -4.09659], "size": [7, 4, 7], "uv": [68, 0]}
				]
			},
			{
				"name": "L4",
				"parent": "runicHat",
				"pivot": [0.5, 32.31568, -1.3311],
				"rotation": [42.5, 0, 0],
				"cubes": [
					{"origin": [-3, 30.06568, -4.5811], "size": [6, 4, 6], "uv": [64, 14]}
				]
			},
			{
				"name": "L5",
				"parent": "runicHat",
				"pivot": [1.5, 34.52751, -3.35787],
				"rotation": [67.5, 0, 0],
				"cubes": [
					{"origin": [-2, 32.52751, -6.85787], "size": [4, 3, 4], "uv": [88, 11]}
				]
			},
			{
				"name": "L6",
				"parent": "runicHat",
				"pivot": [2.5, 35.37214, -4.09041],
				"rotation": [67.5, 0, 0],
				"cubes": [
					{"origin": [-1, 33.37214, -7.59041], "size": [2, 4, 2], "uv": [88, 18]}
				]
			},
			{
				"name": "L7",
				"parent": "runicHat",
				"pivot": [3, 36.6974, -8.30582],
				"rotation": [85, 0, 0],
				"cubes": [
					{"origin": [-0.5, 34.6974, -11.80582], "size": [1, 2, 1], "uv": [36, 19]}
				]
			},
			{
				"name": "bone114",
				"parent": "runicHat",
				"pivot": [0, 28.25, 0],
				"rotation": [2.5, 0, 0]
			},
			{
				"name": "bone115",
				"parent": "bone114",
				"pivot": [0, 27.75, 0],
				"cubes": [
					{"origin": [-1.5, 27.75, 5.0981], "size": [3, 1, 0.5], "uv": [122, 9]}
				]
			},
			{
				"name": "bone116",
				"parent": "bone114",
				"pivot": [0, 27.75, 0],
				"rotation": [0, -30, 0],
				"cubes": [
					{"origin": [-1.5, 27.75, 5.0981], "size": [3, 1, 0.5], "uv": [122, 9]}
				]
			},
			{
				"name": "bone117",
				"parent": "bone114",
				"pivot": [0, 27.75, 0],
				"rotation": [0, -60, 0],
				"cubes": [
					{"origin": [-1.5, 27.75, 5.0981], "size": [3, 1, 0.5], "uv": [122, 9]}
				]
			},
			{
				"name": "bone118",
				"parent": "bone114",
				"pivot": [0, 27.75, 0],
				"rotation": [0, -90, 0],
				"cubes": [
					{"origin": [-1.5, 27.75, 5.0981], "size": [3, 1, 0.5], "uv": [122, 9]}
				]
			},
			{
				"name": "bone119",
				"parent": "bone114",
				"pivot": [0, 27.75, 0],
				"rotation": [0, -120, 0],
				"cubes": [
					{"origin": [-1.5, 27.75, 5.0981], "size": [3, 1, 0.5], "uv": [122, 9]}
				]
			},
			{
				"name": "bone120",
				"parent": "bone114",
				"pivot": [0, 27.75, 0],
				"rotation": [0, -150, 0],
				"cubes": [
					{"origin": [-1.5, 27.75, 5.0981], "size": [3, 1, 0.5], "uv": [122, 9]}
				]
			},
			{
				"name": "bone121",
				"parent": "bone114",
				"pivot": [0, 27.75, 0],
				"rotation": [0, -180, 0],
				"cubes": [
					{"origin": [-1.5, 27.75, 5.0981], "size": [3, 1, 0.5], "uv": [122, 9]}
				]
			},
			{
				"name": "bone122",
				"parent": "bone114",
				"pivot": [0, 27.75, 0],
				"rotation": [0, -210, 0],
				"cubes": [
					{"origin": [-1.5, 27.75, 5.0981], "size": [3, 1, 0.5], "uv": [122, 9]}
				]
			},
			{
				"name": "bone123",
				"parent": "bone114",
				"pivot": [0, 27.75, 0],
				"rotation": [0, -240, 0],
				"cubes": [
					{"origin": [-1.5, 27.75, 5.0981], "size": [3, 1, 0.5], "uv": [122, 9]}
				]
			},
			{
				"name": "bone124",
				"parent": "bone114",
				"pivot": [0, 27.75, 0],
				"rotation": [0, -270, 0],
				"cubes": [
					{"origin": [-1.5, 27.75, 5.0981], "size": [3, 1, 0.5], "uv": [122, 9]}
				]
			},
			{
				"name": "bone125",
				"parent": "bone114",
				"pivot": [0, 27.75, 0],
				"rotation": [0, -300, 0],
				"cubes": [
					{"origin": [-1.5, 27.75, 5.0981], "size": [3, 1, 0.5], "uv": [122, 9]}
				]
			},
			{
				"name": "bone126",
				"parent": "bone114",
				"pivot": [0, 27.75, 0],
				"rotation": [0, -330, 0],
				"cubes": [
					{"origin": [-1.5, 27.75, 5.0981], "size": [3, 1, 0.5], "uv": [122, 9]}
				]
			},
			{
				"name": "bone127",
				"parent": "runicHat",
				"pivot": [0, 31, -0.5],
				"rotation": [30.5, 0, 0]
			},
			{
				"name": "bone128",
				"parent": "bone127",
				"pivot": [0, 30.5, -0.5],
				"cubes": [
					{"origin": [-1, 30.5, 4.02734], "size": [2, 1, 0.5], "uv": [118, 9]}
				]
			},
			{
				"name": "bone129",
				"parent": "bone127",
				"pivot": [0, 30.5, -0.5],
				"rotation": [0, -22.5, 0],
				"cubes": [
					{"origin": [-1, 30.5, 4.02734], "size": [2, 1, 0.5], "uv": [118, 9]}
				]
			},
			{
				"name": "bone130",
				"parent": "bone127",
				"pivot": [0, 30.5, -0.5],
				"rotation": [0, -45, 0],
				"cubes": [
					{"origin": [-1, 30.5, 4.02734], "size": [2, 1, 0.5], "uv": [118, 9]}
				]
			},
			{
				"name": "bone131",
				"parent": "bone127",
				"pivot": [0, 30.5, -0.5],
				"rotation": [0, -67.5, 0],
				"cubes": [
					{"origin": [-1, 30.5, 4.02734], "size": [2, 1, 0.5], "uv": [118, 9]}
				]
			},
			{
				"name": "bone134",
				"parent": "bone127",
				"pivot": [0, 30.5, -0.5],
				"rotation": [0, -90, 0],
				"cubes": [
					{"origin": [-1, 30.5, 4.02734], "size": [2, 1, 0.5], "uv": [118, 9]}
				]
			},
			{
				"name": "bone135",
				"parent": "bone127",
				"pivot": [0, 30.5, -0.5],
				"rotation": [0, -112.5, 0],
				"cubes": [
					{"origin": [-1, 30.5, 4.02734], "size": [2, 1, 0.5], "uv": [118, 9]}
				]
			},
			{
				"name": "bone136",
				"parent": "bone127",
				"pivot": [0, 30.5, -0.5],
				"rotation": [0, -135, 0],
				"cubes": [
					{"origin": [-1, 30.5, 4.02734], "size": [2, 1, 0.5], "uv": [118, 9]}
				]
			},
			{
				"name": "bone137",
				"parent": "bone127",
				"pivot": [0, 30.5, -0.5],
				"rotation": [0, -157.5, 0],
				"cubes": [
					{"origin": [-1, 30.5, 4.02734], "size": [2, 1, 0.5], "uv": [118, 9]}
				]
			},
			{
				"name": "bone138",
				"parent": "bone127",
				"pivot": [0, 30.5, -0.5],
				"rotation": [0, -180, 0],
				"cubes": [
					{"origin": [-1, 30.5, 4.02734], "size": [2, 1, 0.5], "uv": [118, 9]}
				]
			},
			{
				"name": "bone139",
				"parent": "bone127",
				"pivot": [0, 30.5, -0.5],
				"rotation": [0, -202.5, 0],
				"cubes": [
					{"origin": [-1, 30.5, 4.02734], "size": [2, 1, 0.5], "uv": [118, 9]}
				]
			},
			{
				"name": "bone140",
				"parent": "bone127",
				"pivot": [0, 30.5, -0.5],
				"rotation": [0, -225, 0],
				"cubes": [
					{"origin": [-1, 30.5, 4.02734], "size": [2, 1, 0.5], "uv": [118, 9]}
				]
			},
			{
				"name": "bone141",
				"parent": "bone127",
				"pivot": [0, 30.5, -0.5],
				"rotation": [0, -247.5, 0],
				"cubes": [
					{"origin": [-1, 30.5, 4.02734], "size": [2, 1, 0.5], "uv": [118, 9]}
				]
			},
			{
				"name": "bone142",
				"parent": "bone127",
				"pivot": [0, 30.5, -0.5],
				"rotation": [0, -270, 0],
				"cubes": [
					{"origin": [-1, 30.5, 4.02734], "size": [2, 1, 0.5], "uv": [118, 9]}
				]
			},
			{
				"name": "bone143",
				"parent": "bone127",
				"pivot": [0, 30.5, -0.5],
				"rotation": [0, -292.5, 0],
				"cubes": [
					{"origin": [-1, 30.5, 4.02734], "size": [2, 1, 0.5], "uv": [118, 9]}
				]
			},
			{
				"name": "bone144",
				"parent": "bone127",
				"pivot": [0, 30.5, -0.5],
				"rotation": [0, -315, 0],
				"cubes": [
					{"origin": [-1, 30.5, 4.02734], "size": [2, 1, 0.5], "uv": [118, 9]}
				]
			},
			{
				"name": "bone145",
				"parent": "bone127",
				"pivot": [0, 30.5, -0.5],
				"rotation": [0, -337.5, 0],
				"cubes": [
					{"origin": [-1, 30.5, 4.02734], "size": [2, 1, 0.5], "uv": [118, 9]}
				]
			},
			{
				"name": "feather",
				"parent": "runicHat",
				"pivot": [-6, 30.5, -3],
				"rotation": [0, 22.5, -17.5],
				"cubes": [
					{"origin": [-11, 22.5, -11], "size": [10, 16, 16], "uv": [0, 46], "inflate": -5}
				]
			},
			{
				"name": "armRight",
				"pivot": [-3, 17.5, 0],
				"rotation": [0, 0, 25],
				"cubes": [
					{"origin": [-5, 8.5, -1], "size": [2, 9, 2], "uv": [32, 25]},
					{"origin": [-5.5, 9.25, -1.5], "size": [3, 2, 3], "uv": [32, 6], "inflate": -0.2},
					{"origin": [-5.5, 10, -1.5], "size": [3, 8, 3], "uv": [40, 25], "inflate": -0.3}
				]
			},
			{
				"name": "armLeft",
				"pivot": [3, 17.5, 0],
				"rotation": [0, 0, -25],
				"cubes": [
					{"origin": [3, 8.5, -1], "size": [2, 9, 2], "uv": [32, 25], "mirror": true},
					{"origin": [2.5, 9.25, -1.5], "size": [3, 2, 3], "uv": [32, 6], "inflate": -0.2, "mirror": true},
					{"origin": [2.5, 10, -1.5], "size": [3, 8, 3], "uv": [40, 25], "inflate": -0.3, "mirror": true}
				]
			},
			{
				"name": "body",
				"pivot": [0, 10.5, 0],
				"cubes": [
					{"origin": [-3, 8.999, -3], "size": [6, 9, 6], "uv": [52, 25]}
				]
			},
			{
				"name": "inner",
				"parent": "body",
				"pivot": [0, 10.5, 0]
			},
			{
				"name": "bone11",
				"parent": "inner",
				"pivot": [0, 10.5, 0],
				"cubes": [
					{"origin": [-3.5, 12.25, -3.5], "size": [7, 6, 7], "uv": [76, 25], "inflate": -0.2}
				]
			},
			{
				"name": "bone12",
				"parent": "inner",
				"pivot": [-1.25336, 17.76156, -3.25],
				"rotation": [0, 0, -24.5],
				"cubes": [
					{"origin": [-1.75336, 14.76156, -3.5], "size": [1, 4, 0.5], "uv": [126, 11]},
					{"origin": [-1.45336, 15.76156, -3.39], "size": [1, 3, 0.5], "uv": [123, 12]}
				]
			},
			{
				"name": "bone3",
				"parent": "inner",
				"pivot": [0.37081, 15.64447, -3.45],
				"rotation": [0, 0, 20.5],
				"cubes": [
					{"origin": [-0.12919, 12.64447, -3.7], "size": [1, 6, 0.5], "uv": [126, 12]},
					{"origin": [-0.42919, 15.14447, -3.4], "size": [1, 3.5, 0.5], "uv": [123, 12]}
				]
			},
			{
				"name": "bone9",
				"parent": "inner",
				"pivot": [1.85952, 6.51225, -1.3],
				"rotation": [0, 0, -25],
				"cubes": [
					{"origin": [1.85952, 6.31225, 3.14], "size": [1, 7.1, 0.5], "uv": [126, 12]}
				]
			},
			{
				"name": "bone7",
				"parent": "inner",
				"pivot": [1.85952, 6.51225, 1.3],
				"rotation": [0, 0, -25],
				"cubes": [
					{"origin": [1.85952, 6.31225, -3.7], "size": [1, 7, 0.5], "uv": [126, 12]}
				]
			},
			{
				"name": "bone10",
				"parent": "inner",
				"pivot": [-1.85952, 6.51225, -1.3],
				"rotation": [0, 0, 25],
				"cubes": [
					{"origin": [-2.85952, 6.41225, 3.1], "size": [1, 5.5, 0.5], "uv": [126, 12]}
				]
			},
			{
				"name": "bone17",
				"parent": "inner",
				"pivot": [-5.697, -9.36528, -3.35],
				"rotation": [-90, 0, -115],
				"cubes": [
					{"origin": [5.2994, -9.21528, 13.40867], "size": [1, 6.86, 0.5], "uv": [126, 12]}
				]
			},
			{
				"name": "bone14",
				"parent": "inner",
				"pivot": [-5.697, 9.36528, -3.35],
				"rotation": [90, 0, 115],
				"cubes": [
					{"origin": [-5.63306, 2.41528, -2.36631], "size": [1, 6.7, 0.5], "uv": [126, 12]}
				]
			},
			{
				"name": "bone18",
				"parent": "inner",
				"pivot": [5.23561, 8.01881, -1.3],
				"rotation": [0, 0, -115],
				"cubes": [
					{"origin": [5.097, 8.51528, 3.16], "size": [1, 2.2, 0.5], "uv": [126, 12]}
				]
			},
			{
				"name": "bone15",
				"parent": "inner",
				"pivot": [-5.23561, 8.01881, -1.3],
				"rotation": [0, 0, 115],
				"cubes": [
					{"origin": [-6.197, 8.51528, 3.1], "size": [1, 2.2, 0.5], "uv": [126, 12]}
				]
			},
			{
				"name": "bone16",
				"parent": "inner",
				"pivot": [5.23561, 8.01881, 1.3],
				"rotation": [0, 0, -115],
				"cubes": [
					{"origin": [5.097, 8.01528, -3.7], "size": [1, 2.7, 0.5], "uv": [126, 12]}
				]
			},
			{
				"name": "bone13",
				"parent": "inner",
				"pivot": [-5.23561, 8.01881, 1.3],
				"rotation": [0, 0, 115],
				"cubes": [
					{"origin": [-6.197, 8.01528, -3.6], "size": [1, 2.7, 0.5], "uv": [126, 12]}
				]
			},
			{
				"name": "bone6",
				"parent": "inner",
				"pivot": [-1.85952, 6.51225, 1.3],
				"rotation": [0, 0, 25],
				"cubes": [
					{"origin": [-2.85952, 6.41225, -3.6], "size": [1, 5.7, 0.5], "uv": [126, 12]}
				]
			},
			{
				"name": "bone5",
				"parent": "inner",
				"pivot": [0.8, 11.1, 0],
				"rotation": [0, 0, -25],
				"cubes": [
					{"origin": [0.48889, 6.44775, -3.5], "size": [3, 6, 7], "uv": [0, 78]}
				]
			},
			{
				"name": "bone2",
				"parent": "inner",
				"pivot": [-0.8, 11.1, 0],
				"rotation": [0, 0, 25],
				"cubes": [
					{"origin": [-3.48889, 6.44775, -3.5], "size": [3, 6, 7], "uv": [0, 78], "mirror": true}
				]
			},
			{
				"name": "bone",
				"parent": "inner",
				"pivot": [0, 10.5, 0],
				"cubes": [
					{"origin": [-4, 12.25, -4.21], "size": [8, 2, 8.42], "uv": [0, 91], "inflate": -0.5}
				]
			},
			{
				"name": "outer",
				"parent": "body",
				"pivot": [0, 10.5, 0]
			},
			{
				"name": "bone24",
				"parent": "outer",
				"pivot": [0, 10.5, 0]
			},
			{
				"name": "bone19",
				"parent": "bone24",
				"pivot": [-5.56088, 15.52066, 0],
				"rotation": [0, 0, 37.5],
				"cubes": [
					{"origin": [-7.06088, 12.52066, -4], "size": [3, 6, 8], "uv": [20, 77]}
				]
			},
			{
				"name": "bone20",
				"parent": "bone24",
				"pivot": [0, 10.5, 0],
				"cubes": [
					{"origin": [-3.6, 11.5, -4.02], "size": [3, 6, 0], "uv": [0, 93]}
				]
			},
			{
				"name": "bone23",
				"parent": "bone24",
				"pivot": [0, 10.5, 0],
				"cubes": [
					{"origin": [-3.6, 11.5, 4.02], "size": [3, 6, 0], "uv": [14, 79], "mirror": true}
				]
			},
			{
				"name": "bone21",
				"parent": "bone24",
				"pivot": [-4.01591, 14.77545, -4],
				"rotation": [0, 0, 17.5],
				"cubes": [
					{"origin": [-5.51591, 11.77545, -4.01], "size": [3, 6, 0], "uv": [24, 93]}
				]
			},
			{
				"name": "bone22",
				"parent": "bone24",
				"pivot": [-4.01591, 14.77545, -4],
				"rotation": [0, 0, 17.5],
				"cubes": [
					{"origin": [-5.51591, 11.77545, 4.01], "size": [3, 6, 0], "uv": [24, 93]}
				]
			},
			{
				"name": "bone25",
				"parent": "outer",
				"pivot": [0, 10.5, 0]
			},
			{
				"name": "bone26",
				"parent": "bone25",
				"pivot": [5.56088, 15.52066, 0],
				"rotation": [0, 0, -37.5],
				"cubes": [
					{"origin": [4.06088, 12.52066, -4], "size": [3, 6, 8], "uv": [20, 77], "mirror": true}
				]
			},
			{
				"name": "bone27",
				"parent": "bone25",
				"pivot": [0, 10.5, 0],
				"cubes": [
					{"origin": [0.6, 11.5, -4.02], "size": [3, 6, 0], "uv": [0, 93], "mirror": true}
				]
			},
			{
				"name": "bone28",
				"parent": "bone25",
				"pivot": [0, 10.5, 0],
				"cubes": [
					{"origin": [0.6, 11.5, 4.02], "size": [3, 6, 0], "uv": [14, 79]}
				]
			},
			{
				"name": "bone29",
				"parent": "bone25",
				"pivot": [4.01591, 14.77545, -4],
				"rotation": [0, 0, -17.5],
				"cubes": [
					{"origin": [2.51591, 11.77545, -4.01], "size": [3, 6, 0], "uv": [24, 93], "mirror": true}
				]
			},
			{
				"name": "bone30",
				"parent": "bone25",
				"pivot": [4.01591, 14.77545, -4],
				"rotation": [0, 0, -17.5],
				"cubes": [
					{"origin": [2.51591, 11.77545, 4.01], "size": [3, 6, 0], "uv": [24, 93], "mirror": true}
				]
			},
			{
				"name": "bone31",
				"parent": "outer",
				"pivot": [2.5, 10.5, 0],
				"cubes": [
					{"origin": [-1, 11.5, 4.01], "size": [2, 6, 0], "uv": [0, 78]}
				]
			},
			{
				"name": "bone33",
				"parent": "outer",
				"pivot": [-8.19694, 13.70964, 0.88369],
				"rotation": [90, 0, -52.5],
				"cubes": [
					{"origin": [-8.59694, 10.35964, 1.13369], "size": [1, 8.5, 0.5], "uv": [42, 0]}
				]
			},
			{
				"name": "bone56",
				"parent": "outer",
				"pivot": [-4.54437, 18.46976, 0.88369],
				"rotation": [90, 0, -52.5],
				"cubes": [
					{"origin": [-4.94437, 15.11976, 1.13369], "size": [1, 8.5, 0.5], "uv": [42, 0]}
				]
			},
			{
				"name": "bone37",
				"parent": "outer",
				"pivot": [8.19694, 13.70964, 0.88369],
				"rotation": [90, 0, 52.5],
				"cubes": [
					{"origin": [7.59694, 10.35964, 1.13369], "size": [1, 8.5, 0.5], "uv": [42, 0], "mirror": true}
				]
			},
			{
				"name": "bone55",
				"parent": "outer",
				"pivot": [4.54437, 18.46976, 0.88369],
				"rotation": [90, 0, 52.5],
				"cubes": [
					{"origin": [3.94437, 15.11976, 1.13369], "size": [1, 8.5, 0.5], "uv": [42, 0], "mirror": true}
				]
			},
			{
				"name": "bone35",
				"parent": "outer",
				"pivot": [-8.19694, 13.7096, 3.88369],
				"rotation": [0, 0, -90],
				"cubes": [
					{"origin": [-10.67079, 1.21639, 3.73369], "size": [1, 8.5, 0.5], "uv": [42, 0]}
				]
			},
			{
				"name": "bone113",
				"parent": "outer",
				"pivot": [-10.19694, 7.7096, 3.88369],
				"rotation": [0, 0, -90],
				"cubes": [
					{"origin": [-0.98717, -4.81252, 3.7662], "size": [1, 4.7, 0.5], "uv": [42, 0]}
				]
			},
			{
				"name": "bone40",
				"parent": "outer",
				"pivot": [-8.19694, 13.7096, -3.88369],
				"rotation": [0, 0, -90],
				"cubes": [
					{"origin": [-10.67079, 1.30894, -4.2335], "size": [1, 2, 0.5], "uv": [41, 0]}
				]
			},
			{
				"name": "bone41",
				"parent": "outer",
				"pivot": [8.19694, 13.7096, -3.88369],
				"rotation": [0, 0, 90],
				"cubes": [
					{"origin": [9.67079, 1.30894, -4.2335], "size": [1, 2, 0.5], "uv": [41, 0]}
				]
			},
			{
				"name": "bone42",
				"parent": "outer",
				"pivot": [-2.82921, 12.25894, -3.98369],
				"rotation": [0, 0, 15],
				"cubes": [
					{"origin": [-2.94728, 11.3842, -4.233], "size": [1, 4, 0.5], "uv": [40, 0]},
					{"origin": [-2.87657, 11.50668, -4.133], "size": [1, 4, 0.5], "uv": [33, 1]}
				]
			},
			{
				"name": "bone44",
				"parent": "outer",
				"pivot": [2.82921, 12.25894, -3.98369],
				"rotation": [0, 0, -15],
				"cubes": [
					{"origin": [1.94728, 11.3842, -4.233], "size": [1, 4, 0.5], "uv": [40, 0], "mirror": true},
					{"origin": [1.87657, 11.50668, -4.133], "size": [1, 4, 0.5], "uv": [33, 1], "mirror": true}
				]
			},
			{
				"name": "bone43",
				"parent": "outer",
				"pivot": [-2.82921, 15.25894, -3.98369],
				"rotation": [0, 0, -7.5],
				"cubes": [
					{"origin": [-2.21, 14.83447, -4.233], "size": [1, 3, 0.5], "uv": [40, 0]},
					{"origin": [-2.0978, 14.92056, -4.133], "size": [1, 3, 0.5], "uv": [1, 1]}
				]
			},
			{
				"name": "bone45",
				"parent": "outer",
				"pivot": [2.82921, 15.25894, -3.98369],
				"rotation": [0, 0, 7.5],
				"cubes": [
					{"origin": [1.21, 14.83447, -4.233], "size": [1, 3, 0.5], "uv": [40, 0], "mirror": true},
					{"origin": [1.0978, 14.92056, -4.133], "size": [1, 3, 0.5], "uv": [1, 1], "mirror": true}
				]
			},
			{
				"name": "bone34",
				"parent": "outer",
				"pivot": [7.75343, 13.47877, 3.88369],
				"rotation": [0, 0, 62.5],
				"cubes": [
					{"origin": [7.10394, 9.29443, 3.73369], "size": [1, 5, 0.5], "uv": [42, 0], "mirror": true}
				]
			},
			{
				"name": "bone39",
				"parent": "outer",
				"pivot": [7.75343, 13.47877, -3.88369],
				"rotation": [0, 0, 62.5],
				"cubes": [
					{"origin": [7.10394, 9.29443, -4.23369], "size": [1, 5, 0.5], "uv": [41, 0], "mirror": true}
				]
			},
			{
				"name": "bone36",
				"parent": "outer",
				"pivot": [-7.75343, 13.47877, 3.88369],
				"rotation": [0, 0, -62.5],
				"cubes": [
					{"origin": [-8.10394, 9.29443, 3.73369], "size": [1, 5, 0.5], "uv": [42, 0]}
				]
			},
			{
				"name": "bone38",
				"parent": "outer",
				"pivot": [-7.75343, 13.47877, -3.88369],
				"rotation": [0, 0, -62.5],
				"cubes": [
					{"origin": [-8.10394, 9.29443, -4.23369], "size": [1, 5, 0.5], "uv": [41, 0]}
				]
			},
			{
				"name": "bone109",
				"parent": "outer",
				"pivot": [-5.44469, 17.91382, -3.88369],
				"rotation": [0, 0, -62.5],
				"cubes": [
					{"origin": [-4.88635, 14.68759, -4.26631], "size": [1, 3, 0.5], "uv": [40, 0]},
					{"origin": [-4.79765, 14.73377, -4.16631], "size": [1, 3, 0.5], "uv": [4, 1]}
				]
			},
			{
				"name": "bone111",
				"parent": "outer",
				"pivot": [-5.44469, 17.91382, 3.88369],
				"rotation": [0, 0, -62.5],
				"cubes": [
					{"origin": [-4.88635, 14.68759, 3.76631], "size": [1, 3, 0.5], "uv": [42, 0], "mirror": true}
				]
			},
			{
				"name": "bone110",
				"parent": "outer",
				"pivot": [5.44469, 17.91382, -3.88369],
				"rotation": [0, 0, 62.5],
				"cubes": [
					{"origin": [3.88635, 14.68759, -4.26631], "size": [1, 3, 0.5], "uv": [40, 0], "mirror": true},
					{"origin": [3.79765, 14.73377, -4.16631], "size": [1, 3, 0.5], "uv": [4, 1], "mirror": true}
				]
			},
			{
				"name": "bone112",
				"parent": "outer",
				"pivot": [5.44469, 17.91382, 3.88369],
				"rotation": [0, 0, 62.5],
				"cubes": [
					{"origin": [3.88635, 14.68759, 3.76631], "size": [1, 3, 0.5], "uv": [42, 0]}
				]
			},
			{
				"name": "rune2",
				"parent": "body",
				"pivot": [2.6, 15.2, -3.2],
				"cubes": [
					{"origin": [-3.1, 7.5, -11.1], "size": [16, 16, 14], "uv": [0, 101], "inflate": -7}
				]
			},
			{
				"name": "rune3",
				"parent": "body",
				"pivot": [-2.4, 14.95, -2.9],
				"cubes": [
					{"origin": [-8, 7.25, -10.8], "size": [16, 16, 14], "uv": [0, 133], "inflate": -7}
				]
			},
			{
				"name": "bone146",
				"parent": "body",
				"pivot": [3.5, 13.85, -3.75],
				"rotation": [90, 0, 0]
			},
			{
				"name": "bone147",
				"parent": "bone146",
				"pivot": [3.5, 13.85, -3.75],
				"cubes": [
					{"origin": [2.8, 13.85, -3.25], "size": [1.4, 1, 1], "uv": [121, 26], "inflate": -0.4},
					{"origin": [3, 13.95, -3.25], "size": [1, 1, 1], "uv": [121, 26], "inflate": -0.4}
				]
			},
			{
				"name": "bone158",
				"parent": "bone146",
				"pivot": [3.5, 13.85, -3.75],
				"rotation": [0, 30, 0],
				"cubes": [
					{"origin": [2.8, 13.85, -3.25], "size": [1.4, 1, 1], "uv": [121, 26], "inflate": -0.4}
				]
			},
			{
				"name": "bone157",
				"parent": "bone146",
				"pivot": [3.5, 13.85, -3.75],
				"rotation": [0, 60, 0],
				"cubes": [
					{"origin": [2.8, 13.85, -3.25], "size": [1.4, 1, 1], "uv": [121, 26], "inflate": -0.4},
					{"origin": [3, 13.95, -3.25], "size": [1, 1, 1], "uv": [121, 26], "inflate": -0.4}
				]
			},
			{
				"name": "bone156",
				"parent": "bone146",
				"pivot": [3.5, 13.85, -3.75],
				"rotation": [0, 90, 0],
				"cubes": [
					{"origin": [2.8, 13.85, -3.25], "size": [1.4, 1, 1], "uv": [121, 26], "inflate": -0.4}
				]
			},
			{
				"name": "bone155",
				"parent": "bone146",
				"pivot": [3.6, 13.85, -3.57679],
				"rotation": [0, 120, 0],
				"cubes": [
					{"origin": [3.1, 13.85, -3.07679], "size": [1.2, 1, 1], "uv": [121, 26], "inflate": -0.4}
				]
			},
			{
				"name": "bone151",
				"parent": "bone146",
				"pivot": [3.5, 13.85, -3.75],
				"rotation": [0, -120, 0],
				"cubes": [
					{"origin": [3, 13.85, -3.25], "size": [1.2, 1, 1], "uv": [121, 26], "inflate": -0.4}
				]
			},
			{
				"name": "bone150",
				"parent": "bone146",
				"pivot": [3.5, 13.85, -3.75],
				"rotation": [0, -90, 0],
				"cubes": [
					{"origin": [2.8, 13.85, -3.25], "size": [1.4, 1, 1], "uv": [121, 26], "inflate": -0.4}
				]
			},
			{
				"name": "bone149",
				"parent": "bone146",
				"pivot": [3.5, 13.85, -3.75],
				"rotation": [0, -60, 0],
				"cubes": [
					{"origin": [2.8, 13.85, -3.25], "size": [1.4, 1, 1], "uv": [121, 26], "inflate": -0.4},
					{"origin": [3, 13.95, -3.25], "size": [1, 1, 1], "uv": [121, 26], "inflate": -0.4}
				]
			},
			{
				"name": "bone148",
				"parent": "bone146",
				"pivot": [3.5, 13.85, -3.75],
				"rotation": [0, -30, 0],
				"cubes": [
					{"origin": [2.8, 13.85, -3.25], "size": [1.4, 1, 1], "uv": [121, 26], "inflate": -0.4}
				]
			},
			{
				"name": "bone160",
				"parent": "bone146",
				"pivot": [3.5, 13.85, -3.75]
			},
			{
				"name": "bone159",
				"parent": "bone160",
				"pivot": [3.5, 13.85, -3.75],
				"cubes": [
					{"origin": [2.3, 13.85, -3.75], "size": [2.4, 1, 1], "uv": [114, 26], "inflate": -0.4}
				]
			},
			{
				"name": "bone165",
				"parent": "bone160",
				"pivot": [3.5, 13.85, -3.75],
				"rotation": [0, 60, 0],
				"cubes": [
					{"origin": [2.3, 13.85, -3.75], "size": [2.4, 1, 1], "uv": [114, 26], "inflate": -0.4}
				]
			},
			{
				"name": "bone164",
				"parent": "bone160",
				"pivot": [3.5, 13.85, -3.75],
				"rotation": [0, 120, 0],
				"cubes": [
					{"origin": [2.3, 13.85, -3.75], "size": [2.5, 1, 1], "uv": [114, 26], "inflate": -0.4}
				]
			},
			{
				"name": "bone163",
				"parent": "bone160",
				"pivot": [3.5, 13.85, -3.75],
				"rotation": [0, 180, 0],
				"cubes": [
					{"origin": [2.3, 13.85, -3.75], "size": [2.4, 1, 1], "uv": [114, 26], "inflate": -0.4}
				]
			},
			{
				"name": "bone162",
				"parent": "bone160",
				"pivot": [3.5, 13.85, -3.75],
				"rotation": [0, -120, 0],
				"cubes": [
					{"origin": [2.2, 13.85, -3.75], "size": [2.5, 1, 1], "uv": [114, 26], "inflate": -0.4}
				]
			},
			{
				"name": "bone161",
				"parent": "bone160",
				"pivot": [3.5, 13.85, -3.75],
				"rotation": [0, -60, 0],
				"cubes": [
					{"origin": [2.3, 13.85, -3.75], "size": [2.4, 1, 1], "uv": [114, 26], "inflate": -0.4}
				]
			},
			{
				"name": "bone152",
				"parent": "bone146",
				"pivot": [3.5, 13.85, -3.75]
			},
			{
				"name": "bone153",
				"parent": "bone152",
				"pivot": [3.6, 13.85, -4.65],
				"rotation": [0, -90, 0],
				"cubes": [
					{"origin": [3.3, 13.9, -4.15], "size": [1.1, 0.9, 0.9], "uv": [113, 31], "inflate": -0.4}
				]
			},
			{
				"name": "bone167",
				"parent": "bone152",
				"pivot": [2.65, 14.35, -4.55],
				"rotation": [45, -90, 0],
				"cubes": [
					{"origin": [2.05, 13.85, -5.05], "size": [1, 1, 1], "uv": [118, 30], "inflate": -0.4}
				]
			},
			{
				"name": "bone168",
				"parent": "bone152",
				"pivot": [4.35, 14.35, -4.55],
				"rotation": [45, 90, 0],
				"cubes": [
					{"origin": [3.95, 13.85, -5.05], "size": [1, 1, 1], "uv": [118, 30], "inflate": -0.4}
				]
			},
			{
				"name": "bone169",
				"parent": "bone152",
				"pivot": [3.5, 14.35, -5],
				"rotation": [45, 90, 0],
				"cubes": [
					{"origin": [3.1, 13.85, -5.5], "size": [1, 1, 1], "uv": [118, 30], "inflate": -0.4}
				]
			},
			{
				"name": "bone166",
				"parent": "bone152",
				"pivot": [3.6, 13.85, -4.65],
				"rotation": [0, -90, 0],
				"cubes": [
					{"origin": [2.85, 13.9, -5], "size": [1.1, 0.9, 0.9], "uv": [113, 31], "inflate": -0.4}
				]
			},
			{
				"name": "bone154",
				"parent": "bone152",
				"pivot": [3.4, 13.85, -4.65],
				"rotation": [0, 90, 0],
				"cubes": [
					{"origin": [2.6, 13.9, -4.15], "size": [1.1, 0.9, 0.9], "uv": [113, 31], "inflate": -0.4}
				]
			},
			{
				"name": "ribbon",
				"parent": "body",
				"pivot": [1, -2.6, -0.7]
			},
			{
				"name": "bone32",
				"parent": "ribbon",
				"pivot": [1, -2.6, -0.7],
				"cubes": [
					{"origin": [0.5, 12.95, -4.2], "size": [1, 1, 1], "uv": [128, 26], "inflate": -0.2}
				]
			},
			{
				"name": "bone194",
				"parent": "ribbon",
				"pivot": [0.6487, 12.91746, -3.75],
				"rotation": [0, 0, 22.5],
				"cubes": [
					{"origin": [0.1487, 11.91746, -4.25], "size": [1, 2, 0.8], "uv": [128, 26], "inflate": -0.3}
				]
			},
			{
				"name": "bone195",
				"parent": "ribbon",
				"pivot": [1.3513, 12.91746, -3.75],
				"rotation": [0, 0, -22.5],
				"cubes": [
					{"origin": [0.8513, 11.91746, -4.25], "size": [1, 2, 0.8], "uv": [128, 26], "inflate": -0.3, "mirror": true}
				]
			},
			{
				"name": "bone198",
				"parent": "ribbon",
				"pivot": [2.48755, 10.80166, -3.75],
				"rotation": [0, 0, -12.5],
				"cubes": [
					{"origin": [1.16403, 10.33985, -4.1501], "size": [1, 3.5, 0.7], "uv": [128, 30], "inflate": -0.3, "mirror": true}
				]
			},
			{
				"name": "bone199",
				"parent": "ribbon",
				"pivot": [-0.48755, 10.80166, -3.75],
				"rotation": [0, 0, 12.5],
				"cubes": [
					{"origin": [-0.16403, 10.33985, -4.1501], "size": [1, 3.5, 0.7], "uv": [128, 30], "inflate": -0.3}
				]
			},
			{
				"name": "legLeft",
				"pivot": [2, 9, 0],
				"cubes": [
					{"origin": [0.499, 0, -1.5], "size": [3, 9, 3], "uv": [32, 36]}
				]
			},
			{
				"name": "bone8",
				"parent": "legLeft",
				"pivot": [0, 19, 4],
				"cubes": [
					{"origin": [0.1, 7, -2], "size": [4, 2, 4], "uv": [44, 40]}
				]
			},
			{
				"name": "bone53",
				"parent": "legLeft",
				"pivot": [2, 9, 0],
				"cubes": [
					{"origin": [-0.5, -1, -2.5], "size": [5, 5, 5], "uv": [60, 40], "inflate": -0.8}
				]
			},
			{
				"name": "legRight",
				"pivot": [-2, 9, 0],
				"cubes": [
					{"origin": [-3.499, 0, -1.5], "size": [3, 9, 3], "uv": [32, 36], "mirror": true}
				]
			},
			{
				"name": "bone4",
				"parent": "legRight",
				"pivot": [0, 19, 4],
				"cubes": [
					{"origin": [-4.1, 7, -2], "size": [4, 2, 4], "uv": [44, 40], "mirror": true}
				]
			},
			{
				"name": "bone54",
				"parent": "legRight",
				"pivot": [-2, 9, 0],
				"cubes": [
					{"origin": [-4.5, -1, -2.5], "size": [5, 5, 5], "uv": [60, 40], "inflate": -0.8, "mirror": true}
				]
			},
			{
				"name": "bone46",
				"pivot": [0, 0, 0]
			},
			{
				"name": "bone58",
				"parent": "bone46",
				"pivot": [-2, 6, -1.3],
				"rotation": [0, 0, 20]
			},
			{
				"name": "bone59",
				"parent": "bone58",
				"pivot": [-2, 6, -1.3],
				"cubes": [
					{"origin": [-8, 6, 3.7], "size": [4, 8, 0.05], "uv": [81, 39]},
					{"origin": [-8, 5.6, 3.2], "size": [1, 8.2, 1], "uv": [90, 39], "inflate": -0.4},
					{"origin": [-5, 5.6, 3.2], "size": [1, 8.2, 1], "uv": [90, 39], "inflate": -0.4}
				]
			},
			{
				"name": "bone60",
				"parent": "bone58",
				"pivot": [-2, 6, -1.3],
				"rotation": [10, 0, 0],
				"cubes": [
					{"origin": [-8, -0.86841, 3.62402], "size": [4, 6, 0.05], "uv": [81, 47]},
					{"origin": [-5, 1.54912, 3.12556], "size": [1, 4, 1], "uv": [90, 39], "inflate": -0.4},
					{"origin": [-8, 1.54912, 3.12556], "size": [1, 4, 1], "uv": [90, 39], "inflate": -0.4}
				]
			},
			{
				"name": "bone61",
				"parent": "bone60",
				"pivot": [-2.21407, 2.45133, -0.6991],
				"rotation": [0, 0, 42.5],
				"cubes": [
					{"origin": [-4.08642, -2.09573, 3.12556], "size": [1, 3.1, 1], "uv": [90, 39], "inflate": -0.4}
				]
			},
			{
				"name": "bone62",
				"parent": "bone60",
				"pivot": [-2.11407, 1.55133, -0.6991],
				"rotation": [0, 0, 45],
				"cubes": [
					{"origin": [-3.78642, -2.99573, 3.12556], "size": [1.3, 3, 1], "uv": [90, 39], "inflate": -0.4}
				]
			},
			{
				"name": "bone132",
				"parent": "bone60",
				"pivot": [-2.21407, 1.55133, -0.6991],
				"rotation": [0, 0, 90],
				"cubes": [
					{"origin": [-0.71242, -3.06999, 3.12556], "size": [1.3, 1.65, 1], "uv": [90, 39], "inflate": -0.4}
				]
			},
			{
				"name": "bone63",
				"parent": "bone60",
				"pivot": [-7.03642, 0.10427, 3.62556],
				"rotation": [0, 0, 135],
				"cubes": [
					{"origin": [-7.68642, -1.39573, 3.12556], "size": [1.3, 3, 1], "uv": [90, 39], "inflate": -0.4}
				]
			},
			{
				"name": "bone64",
				"parent": "bone60",
				"pivot": [-2.21407, 2.45133, -0.6991],
				"rotation": [0, 0, -45],
				"cubes": [
					{"origin": [-6.77761, 3.30464, 3.12556], "size": [1, 3, 1], "uv": [90, 39], "inflate": -0.4}
				]
			},
			{
				"name": "bone47",
				"parent": "bone46",
				"pivot": [2, 6, -1.3],
				"rotation": [0, 0, -20]
			},
			{
				"name": "bone48",
				"parent": "bone47",
				"pivot": [2, 6, -1.3],
				"cubes": [
					{"origin": [4, 6, 3.7], "size": [4, 8, 0.05], "uv": [81, 39]},
					{"origin": [7, 5.6, 3.2], "size": [1, 8.2, 1], "uv": [90, 39], "inflate": -0.4},
					{"origin": [4, 5.6, 3.2], "size": [1, 8.2, 1], "uv": [90, 39], "inflate": -0.4}
				]
			},
			{
				"name": "bone49",
				"parent": "bone47",
				"pivot": [2, 6, -1.3],
				"rotation": [10, 0, 0],
				"cubes": [
					{"origin": [4, -0.86841, 3.62402], "size": [4, 6, 0.05], "uv": [81, 46]},
					{"origin": [4, 1.54912, 3.12556], "size": [1, 4, 1], "uv": [90, 39], "inflate": -0.4},
					{"origin": [7, 1.54912, 3.12556], "size": [1, 4, 1], "uv": [90, 39], "inflate": -0.4}
				]
			},
			{
				"name": "bone50",
				"parent": "bone49",
				"pivot": [2.21407, 2.45133, -0.6991],
				"rotation": [0, 0, -42.5],
				"cubes": [
					{"origin": [3.08642, -2.09573, 3.12556], "size": [1, 3.1, 1], "uv": [90, 39], "inflate": -0.4}
				]
			},
			{
				"name": "bone51",
				"parent": "bone49",
				"pivot": [2.11407, 1.55133, -0.6991],
				"rotation": [0, 0, -45],
				"cubes": [
					{"origin": [2.48642, -2.99573, 3.12556], "size": [1.3, 3, 1], "uv": [90, 39], "inflate": -0.4}
				]
			},
			{
				"name": "bone52",
				"parent": "bone49",
				"pivot": [2.21407, 1.55133, -0.6991],
				"rotation": [0, 0, -90],
				"cubes": [
					{"origin": [-0.58758, -3.06999, 3.12556], "size": [1.3, 1.65, 1], "uv": [90, 39], "inflate": -0.4}
				]
			},
			{
				"name": "bone57",
				"parent": "bone49",
				"pivot": [7.03642, 0.10427, 3.62556],
				"rotation": [0, 0, -135],
				"cubes": [
					{"origin": [6.38642, -1.39573, 3.12556], "size": [1.3, 3, 1], "uv": [90, 39], "inflate": -0.4}
				]
			},
			{
				"name": "bone133",
				"parent": "bone49",
				"pivot": [2.21407, 2.45133, -0.6991],
				"rotation": [0, 0, 45],
				"cubes": [
					{"origin": [5.77761, 3.30464, 3.12556], "size": [1, 3, 1], "uv": [90, 39], "inflate": -0.4}
				]
			},
			{
				"name": "bone65",
				"pivot": [0, 0, 1]
			},
			{
				"name": "bone66",
				"parent": "bone65",
				"pivot": [0.75, 1, 1]
			},
			{
				"name": "bone67",
				"parent": "bone66",
				"pivot": [0.75, 1, 1],
				"cubes": [
					{"origin": [1.75, 15, -5], "size": [1, 1.5, 1], "uv": [118, 36], "inflate": -0.4}
				]
			},
			{
				"name": "bone68",
				"parent": "bone66",
				"pivot": [2.25, 15.75, -4.5],
				"rotation": [0, 0, -10],
				"cubes": [
					{"origin": [1.69074, 14.32268, -5], "size": [1, 1.5, 1], "uv": [118, 36], "inflate": -0.4}
				]
			},
			{
				"name": "bone70",
				"parent": "bone66",
				"pivot": [2.35419, 15.15912, -4.5],
				"rotation": [0, 0, -10],
				"cubes": [
					{"origin": [0.29189, 12.29707, -6.5], "size": [4, 4.2, 4], "uv": [113, 47], "inflate": -1.85}
				]
			},
			{
				"name": "bone69",
				"parent": "bone66",
				"pivot": [2.25, 15.75, -4.5],
				"rotation": [0, 0, -10],
				"cubes": [
					{"origin": [1.6877, 14.28795, -5], "size": [1, 1, 1], "uv": [123, 30], "inflate": -0.35}
				]
			},
			{
				"name": "bone71",
				"parent": "bone66",
				"pivot": [2.25, 17.05, -4.5],
				"cubes": [
					{"origin": [1.75, 15.58795, -5], "size": [1, 1, 1], "uv": [118, 36], "inflate": -0.35}
				]
			},
			{
				"name": "bone76",
				"parent": "bone66",
				"pivot": [2.25, 16.05, -4.5]
			},
			{
				"name": "bone74",
				"parent": "bone76",
				"pivot": [2.25341, 16.47412, -4.5],
				"rotation": [0, 0, -20],
				"cubes": [
					{"origin": [2.11301, 16.20427, -5], "size": [1, 1.5, 1], "uv": [118, 36], "inflate": -0.4}
				]
			},
			{
				"name": "bone73",
				"parent": "bone76",
				"pivot": [2.05341, 16.47412, -4.5],
				"rotation": [0, 0, 20],
				"cubes": [
					{"origin": [1.35183, 16.27795, -5], "size": [1, 1.5, 1], "uv": [118, 36], "inflate": -0.4}
				]
			},
			{
				"name": "bone75",
				"parent": "bone76",
				"pivot": [2.25341, 16.47412, -4.5],
				"rotation": [0, 0, 20],
				"cubes": [
					{"origin": [1.92182, 15.76925, -5], "size": [1, 1.5, 1], "uv": [118, 36], "inflate": -0.4}
				]
			},
			{
				"name": "bone72",
				"parent": "bone76",
				"pivot": [2.05341, 16.47412, -4.5],
				"rotation": [0, 0, -20],
				"cubes": [
					{"origin": [1.55341, 15.72412, -5], "size": [1, 1.5, 1], "uv": [118, 36], "inflate": -0.4}
				]
			},
			{
				"name": "bone87",
				"parent": "bone66",
				"pivot": [2.25, 16.05, -4.5],
				"rotation": [0, 0, -90]
			},
			{
				"name": "bone88",
				"parent": "bone87",
				"pivot": [2.25341, 16.47412, -4.5],
				"rotation": [0, 0, -20],
				"cubes": [
					{"origin": [2.11301, 16.20427, -5], "size": [1, 1.5, 1], "uv": [118, 36], "inflate": -0.4}
				]
			},
			{
				"name": "bone89",
				"parent": "bone87",
				"pivot": [2.05341, 16.47412, -4.5],
				"rotation": [0, 0, 20],
				"cubes": [
					{"origin": [1.35183, 16.27795, -5], "size": [1, 1.5, 1], "uv": [118, 36], "inflate": -0.4}
				]
			},
			{
				"name": "bone90",
				"parent": "bone87",
				"pivot": [2.25341, 16.47412, -4.5],
				"rotation": [0, 0, 20],
				"cubes": [
					{"origin": [1.92182, 15.76925, -5], "size": [1, 1.5, 1], "uv": [118, 36], "inflate": -0.4}
				]
			},
			{
				"name": "bone91",
				"parent": "bone87",
				"pivot": [2.05341, 16.47412, -4.5],
				"rotation": [0, 0, -20],
				"cubes": [
					{"origin": [1.55341, 15.72412, -5], "size": [1, 1.5, 1], "uv": [118, 36], "inflate": -0.4}
				]
			},
			{
				"name": "bone77",
				"parent": "bone66",
				"pivot": [2.25, 16.05, -4.5],
				"rotation": [0, 0, 90]
			},
			{
				"name": "bone78",
				"parent": "bone77",
				"pivot": [2.25341, 16.47412, -4.5],
				"rotation": [0, 0, -20],
				"cubes": [
					{"origin": [2.11301, 16.20427, -5], "size": [1, 1.5, 1], "uv": [118, 36], "inflate": -0.4}
				]
			},
			{
				"name": "bone79",
				"parent": "bone77",
				"pivot": [2.05341, 16.47412, -4.5],
				"rotation": [0, 0, 20],
				"cubes": [
					{"origin": [1.35183, 16.27795, -5], "size": [1, 1.5, 1], "uv": [118, 36], "inflate": -0.4}
				]
			},
			{
				"name": "bone80",
				"parent": "bone77",
				"pivot": [2.25341, 16.47412, -4.5],
				"rotation": [0, 0, 20],
				"cubes": [
					{"origin": [1.92182, 15.76925, -5], "size": [1, 1.5, 1], "uv": [118, 36], "inflate": -0.4}
				]
			},
			{
				"name": "bone81",
				"parent": "bone77",
				"pivot": [2.05341, 16.47412, -4.5],
				"rotation": [0, 0, -20],
				"cubes": [
					{"origin": [1.55341, 15.72412, -5], "size": [1, 1.5, 1], "uv": [118, 36], "inflate": -0.4}
				]
			},
			{
				"name": "bone82",
				"parent": "bone65",
				"pivot": [-0.75, 0, 1]
			},
			{
				"name": "bone83",
				"parent": "bone82",
				"pivot": [-0.75, 0, 1],
				"cubes": [
					{"origin": [-2.75, 15, -5], "size": [1, 1.5, 1], "uv": [113, 36], "inflate": -0.4}
				]
			},
			{
				"name": "bone84",
				"parent": "bone82",
				"pivot": [-2.25, 14.75, -4.5],
				"rotation": [0, 0, 10],
				"cubes": [
					{"origin": [-2.86439, 14.30749, -5], "size": [1, 1.5, 1], "uv": [113, 36], "inflate": -0.4}
				]
			},
			{
				"name": "bone85",
				"parent": "bone82",
				"pivot": [-2.35419, 14.15912, -4.5],
				"rotation": [0, 0, 10],
				"cubes": [
					{"origin": [-4.46554, 12.4, -6.5], "size": [4, 4.2, 4], "uv": [113, 39], "inflate": -1.85}
				]
			},
			{
				"name": "bone86",
				"parent": "bone82",
				"pivot": [-2.25, 14.75, -4.5],
				"rotation": [0, 0, 10],
				"cubes": [
					{"origin": [-2.86135, 14.27276, -5], "size": [1, 1, 1], "uv": [123, 30], "inflate": -0.35}
				]
			},
			{
				"name": "bone92",
				"parent": "bone82",
				"pivot": [-2.25, 16.05, -4.5],
				"cubes": [
					{"origin": [-2.75, 15.58795, -5], "size": [1, 1, 1], "uv": [113, 36], "inflate": -0.35}
				]
			},
			{
				"name": "bone93",
				"parent": "bone82",
				"pivot": [-2.25, 15.05, -4.5]
			},
			{
				"name": "bone94",
				"parent": "bone93",
				"pivot": [-2.25341, 15.47412, -4.5],
				"rotation": [0, 0, 20],
				"cubes": [
					{"origin": [-3.45503, 16.14396, -5], "size": [1, 1.5, 1], "uv": [113, 36], "inflate": -0.4}
				]
			},
			{
				"name": "bone95",
				"parent": "bone93",
				"pivot": [-2.05341, 15.47412, -4.5],
				"rotation": [0, 0, -20],
				"cubes": [
					{"origin": [-2.00981, 16.21765, -5], "size": [1, 1.5, 1], "uv": [113, 36], "inflate": -0.4}
				]
			},
			{
				"name": "bone96",
				"parent": "bone93",
				"pivot": [-2.25341, 15.47412, -4.5],
				"rotation": [0, 0, -20],
				"cubes": [
					{"origin": [-2.5798, 15.70894, -5], "size": [1, 1.5, 1], "uv": [113, 36], "inflate": -0.4}
				]
			},
			{
				"name": "bone97",
				"parent": "bone93",
				"pivot": [-2.05341, 15.47412, -4.5],
				"rotation": [0, 0, 20],
				"cubes": [
					{"origin": [-2.89543, 15.66381, -5], "size": [1, 1.5, 1], "uv": [113, 36], "inflate": -0.4}
				]
			},
			{
				"name": "bone98",
				"parent": "bone82",
				"pivot": [-2.25, 15.05, -4.5],
				"rotation": [0, 0, 90]
			},
			{
				"name": "bone99",
				"parent": "bone98",
				"pivot": [-2.25341, 15.47412, -4.5],
				"rotation": [0, 0, 20],
				"cubes": [
					{"origin": [-4.0527, 14.86225, -5], "size": [1, 1.5, 1], "uv": [113, 36], "inflate": -0.4}
				]
			},
			{
				"name": "bone100",
				"parent": "bone98",
				"pivot": [-2.05341, 15.47412, -4.5],
				"rotation": [0, 0, -20],
				"cubes": [
					{"origin": [-3.29152, 15.61998, -5], "size": [1, 1.5, 1], "uv": [113, 36], "inflate": -0.4}
				]
			},
			{
				"name": "bone101",
				"parent": "bone98",
				"pivot": [-2.25341, 15.47412, -4.5],
				"rotation": [0, 0, -20],
				"cubes": [
					{"origin": [-3.86152, 15.11127, -5], "size": [1, 1.5, 1], "uv": [113, 36], "inflate": -0.4}
				]
			},
			{
				"name": "bone102",
				"parent": "bone98",
				"pivot": [-2.05341, 15.47412, -4.5],
				"rotation": [0, 0, 20],
				"cubes": [
					{"origin": [-3.4931, 14.3821, -5], "size": [1, 1.5, 1], "uv": [113, 36], "inflate": -0.4}
				]
			},
			{
				"name": "bone103",
				"parent": "bone82",
				"pivot": [-2.25, 15.05, -4.5],
				"rotation": [0, 0, -90]
			},
			{
				"name": "bone104",
				"parent": "bone103",
				"pivot": [-2.25341, 15.47412, -4.5],
				"rotation": [0, 0, 20],
				"cubes": [
					{"origin": [-2.17332, 15.54629, -5], "size": [1, 1.5, 1], "uv": [113, 36], "inflate": -0.4}
				]
			},
			{
				"name": "bone105",
				"parent": "bone103",
				"pivot": [-2.05341, 15.47412, -4.5],
				"rotation": [0, 0, -20],
				"cubes": [
					{"origin": [-1.41213, 14.93593, -5], "size": [1, 1.5, 1], "uv": [113, 36], "inflate": -0.4}
				]
			},
			{
				"name": "bone106",
				"parent": "bone103",
				"pivot": [-2.25341, 15.47412, -4.5],
				"rotation": [0, 0, -20],
				"cubes": [
					{"origin": [-1.98213, 14.42723, -5], "size": [1, 1.5, 1], "uv": [113, 36], "inflate": -0.4}
				]
			},
			{
				"name": "bone107",
				"parent": "bone103",
				"pivot": [-2.05341, 15.47412, -4.5],
				"rotation": [0, 0, 20],
				"cubes": [
					{"origin": [-1.61371, 15.06614, -5], "size": [1, 1.5, 1], "uv": [113, 36], "inflate": -0.4}
				]
			},
			{
				"name": "bone108",
				"parent": "bone65",
				"pivot": [0, 0, 1],
				"cubes": [
					{"origin": [-1.4886, 15.60136, -4.9], "size": [3, 1, 1], "uv": [113, 33], "inflate": -0.4}
				]
			},
			{
				"name": "bone170",
				"pivot": [0, 0, 0]
			},
			{
				"name": "bone171",
				"parent": "bone170",
				"pivot": [0, 0, 0],
				"cubes": [
					{"origin": [-0.7, 0, 0.5], "size": [1.4, 1, 1], "uv": [95, 40], "inflate": -0.4},
					{"origin": [-0.5, 0.1, 0.5], "size": [1, 1, 1], "uv": [30, 95], "inflate": -0.4}
				]
			},
			{
				"name": "bone172",
				"parent": "bone170",
				"pivot": [0, 0, 0],
				"rotation": [0, 30, 0],
				"cubes": [
					{"origin": [-0.7, 0, 0.5], "size": [1.4, 1, 1], "uv": [94, 91], "inflate": -0.4}
				]
			},
			{
				"name": "bone173",
				"parent": "bone170",
				"pivot": [0, 0, 0],
				"rotation": [0, 60, 0],
				"cubes": [
					{"origin": [-0.7, 0, 0.5], "size": [1.4, 1, 1], "uv": [94, 89], "inflate": -0.4},
					{"origin": [-0.5, 0.1, 0.5], "size": [1, 1, 1], "uv": [94, 38], "inflate": -0.4}
				]
			},
			{
				"name": "bone174",
				"parent": "bone170",
				"pivot": [0, 0, 0],
				"rotation": [0, 90, 0],
				"cubes": [
					{"origin": [-0.7, 0, 0.5], "size": [1.4, 1, 1], "uv": [94, 36], "inflate": -0.4}
				]
			},
			{
				"name": "bone175",
				"parent": "bone170",
				"pivot": [0.1, 0, 0.17321],
				"rotation": [0, 120, 0],
				"cubes": [
					{"origin": [-0.4, 0, 0.67321], "size": [1.2, 1, 1], "uv": [56, 93], "inflate": -0.4}
				]
			},
			{
				"name": "bone176",
				"parent": "bone170",
				"pivot": [0, 0, 0],
				"rotation": [0, -120, 0],
				"cubes": [
					{"origin": [-0.5, 0, 0.5], "size": [1.2, 1, 1], "uv": [44, 93], "inflate": -0.4}
				]
			},
			{
				"name": "bone177",
				"parent": "bone170",
				"pivot": [0, 0, 0],
				"rotation": [0, -90, 0],
				"cubes": [
					{"origin": [-0.7, 0, 0.5], "size": [1.4, 1, 1], "uv": [34, 93], "inflate": -0.4}
				]
			},
			{
				"name": "bone178",
				"parent": "bone170",
				"pivot": [0, 0, 0],
				"rotation": [0, -60, 0],
				"cubes": [
					{"origin": [-0.7, 0, 0.5], "size": [1.4, 1, 1], "uv": [30, 93], "inflate": -0.4},
					{"origin": [-0.5, 0.1, 0.5], "size": [1, 1, 1], "uv": [92, 41], "inflate": -0.4}
				]
			},
			{
				"name": "bone179",
				"parent": "bone170",
				"pivot": [0, 0, 0],
				"rotation": [0, -30, 0],
				"cubes": [
					{"origin": [-0.7, 0, 0.5], "size": [1.4, 1, 1], "uv": [92, 24], "inflate": -0.4}
				]
			},
			{
				"name": "bone180",
				"parent": "bone170",
				"pivot": [0, 0, 0]
			},
			{
				"name": "bone181",
				"parent": "bone180",
				"pivot": [0, 0, 0],
				"cubes": [
					{"origin": [-1.2, 0, 0], "size": [2.4, 1, 1], "uv": [46, 64], "inflate": -0.4}
				]
			},
			{
				"name": "bone182",
				"parent": "bone180",
				"pivot": [0, 0, 0],
				"rotation": [0, 60, 0],
				"cubes": [
					{"origin": [-1.2, 0, 0], "size": [2.4, 1, 1], "uv": [62, 6], "inflate": -0.4}
				]
			},
			{
				"name": "bone183",
				"parent": "bone180",
				"pivot": [0, 0, 0],
				"rotation": [0, 120, 0],
				"cubes": [
					{"origin": [-1.2, 0, 0], "size": [2.5, 1, 1], "uv": [44, 62], "inflate": -0.4}
				]
			},
			{
				"name": "bone184",
				"parent": "bone180",
				"pivot": [0, 0, 0],
				"rotation": [0, 180, 0],
				"cubes": [
					{"origin": [-1.2, 0, 0], "size": [2.4, 1, 1], "uv": [52, 48], "inflate": -0.4}
				]
			},
			{
				"name": "bone185",
				"parent": "bone180",
				"pivot": [0, 0, 0],
				"rotation": [0, -120, 0],
				"cubes": [
					{"origin": [-1.3, 0, 0], "size": [2.5, 1, 1], "uv": [52, 46], "inflate": -0.4}
				]
			},
			{
				"name": "bone186",
				"parent": "bone180",
				"pivot": [0, 0, 0],
				"rotation": [0, -60, 0],
				"cubes": [
					{"origin": [-1.2, 0, 0], "size": [2.4, 1, 1], "uv": [8, 12], "inflate": -0.4}
				]
			},
			{
				"name": "bone187",
				"parent": "bone170",
				"pivot": [0, 0, 0]
			},
			{
				"name": "bone188",
				"parent": "bone187",
				"pivot": [0.1, 0, -0.9],
				"rotation": [0, -90, 0],
				"cubes": [
					{"origin": [-0.2, 0.05, -0.4], "size": [1.1, 0.9, 0.9], "uv": [0, 0], "inflate": -0.4}
				]
			},
			{
				"name": "bone189",
				"parent": "bone187",
				"pivot": [-0.85, 0.5, -0.8],
				"rotation": [45, -90, 0],
				"cubes": [
					{"origin": [-1.45, 0, -1.3], "size": [1, 1, 1], "uv": [90, 22], "inflate": -0.4}
				]
			},
			{
				"name": "bone190",
				"parent": "bone187",
				"pivot": [0.85, 0.5, -0.8],
				"rotation": [45, 90, 0],
				"cubes": [
					{"origin": [0.45, 0, -1.3], "size": [1, 1, 1], "uv": [25, 87], "inflate": -0.4}
				]
			},
			{
				"name": "bone191",
				"parent": "bone187",
				"pivot": [0, 0.5, -1.25],
				"rotation": [45, 90, 0],
				"cubes": [
					{"origin": [-0.4, 0, -1.75], "size": [1, 1, 1], "uv": [25, 85], "inflate": -0.4}
				]
			},
			{
				"name": "bone192",
				"parent": "bone187",
				"pivot": [0.1, 0, -0.9],
				"rotation": [0, -90, 0],
				"cubes": [
					{"origin": [-0.65, 0.05, -1.25], "size": [1.1, 0.9, 0.9], "uv": [0, 0], "inflate": -0.4}
				]
			},
			{
				"name": "bone193",
				"parent": "bone187",
				"pivot": [-0.1, 0, -0.9],
				"rotation": [0, 90, 0],
				"cubes": [
					{"origin": [-0.9, 0.05, -0.4], "size": [1.1, 0.9, 0.9], "uv": [0, 0], "inflate": -0.4}
				]
			}
		]
	}
}