{
	"format_version": "1.10.0",
	"geometry.model": {
		"texturewidth": 128,
		"textureheight": 128,
		"visible_bounds_width": 3,
		"visible_bounds_height": 4,
		"visible_bounds_offset": [0, 1, 0],
		"bones": [
			{
				"name": "head",
				"pivot": [0, 18, 0],
				"cubes": [
					{"origin": [-4, 18, -4], "size": [8, 8, 8], "uv": [0, 12]}
				]
			},
			{
				"name": "uhair1",
				"parent": "head",
				"pivot": [0, 0, 0]
			},
			{
				"name": "1",
				"parent": "uhair1",
				"pivot": [0, 0, 0]
			},
			{
				"name": "a",
				"parent": "1",
				"pivot": [4, 18, 3],
				"rotation": [0, 0, -17.5],
				"cubes": [
					{"origin": [3.99, 17, 3], "size": [0.01, 1, 1], "uv": [55, 62]}
				]
			},
			{
				"name": "b",
				"parent": "a",
				"pivot": [4, 17, 3],
				"rotation": [0, 0, -2.5],
				"cubes": [
					{"origin": [3.99, 16, 3], "size": [0.01, 1, 1], "uv": [42, 62]}
				]
			},
			{
				"name": "c",
				"parent": "b",
				"pivot": [4, 16, 3],
				"rotation": [0, 0, 15],
				"cubes": [
					{"origin": [3.99, 15, 3], "size": [0.01, 1, 1], "uv": [40, 62]}
				]
			},
			{
				"name": "d",
				"parent": "c",
				"pivot": [3.995, 14.5, 3.5],
				"rotation": [0, 0, 7.5],
				"cubes": [
					{"origin": [3.92469, 13.99638, 3], "size": [0.01, 1, 1], "uv": [0, 57]}
				]
			},
			{
				"name": "11",
				"parent": "uhair1",
				"pivot": [-15, 0, 0]
			},
			{
				"name": "a11",
				"parent": "11",
				"pivot": [-4, 18, 3],
				"rotation": [0, 0, 17.5],
				"cubes": [
					{"origin": [-4.01, 17, 3], "size": [0.01, 1, 1], "uv": [0, 45]}
				]
			},
			{
				"name": "b11",
				"parent": "a11",
				"pivot": [-4, 17, 3],
				"rotation": [0, 0, -7.5],
				"cubes": [
					{"origin": [-4.01, 16, 3], "size": [0.01, 1, 1], "uv": [0, 44]}
				]
			},
			{
				"name": "c10",
				"parent": "b11",
				"pivot": [-4, 16, 3],
				"rotation": [0, 0, -10],
				"cubes": [
					{"origin": [-4.01, 15, 3], "size": [0.01, 1, 1], "uv": [0, 12]}
				]
			},
			{
				"name": "2",
				"parent": "uhair1",
				"pivot": [0, 0, 0]
			},
			{
				"name": "a2",
				"parent": "2",
				"pivot": [4, 18, 2],
				"rotation": [0, 0, -20],
				"cubes": [
					{"origin": [3.99, 17, 2], "size": [0.01, 1, 1], "uv": [53, 62]}
				]
			},
			{
				"name": "b2",
				"parent": "a2",
				"pivot": [4, 17, 2],
				"rotation": [0, 0, 12.5],
				"cubes": [
					{"origin": [3.99, 16, 2], "size": [0.01, 1, 1], "uv": [0, 56]}
				]
			},
			{
				"name": "12",
				"parent": "uhair1",
				"pivot": [-14, 0, 0]
			},
			{
				"name": "a12",
				"parent": "12",
				"pivot": [-4, 18, 2],
				"rotation": [0, 0, 7.5],
				"cubes": [
					{"origin": [-4.01, 17, 2], "size": [0.01, 1, 1], "uv": [0, 11]}
				]
			},
			{
				"name": "b12",
				"parent": "a12",
				"pivot": [-14, 0, 0],
				"cubes": [
					{"origin": [-4.01, 16, 2], "size": [0.01, 1, 1], "uv": [0, 0]}
				]
			},
			{
				"name": "3",
				"parent": "uhair1",
				"pivot": [0, 0, 0]
			},
			{
				"name": "a3",
				"parent": "3",
				"pivot": [4, 18, 4],
				"rotation": [17.5, 0, 0],
				"cubes": [
					{"origin": [3, 17, 4], "size": [1, 1, 0.01], "uv": [66, 0]}
				]
			},
			{
				"name": "b3",
				"parent": "a3",
				"pivot": [4, 17, 4],
				"rotation": [-10, 0, 0],
				"cubes": [
					{"origin": [3, 16, 4], "size": [1, 1, 0.01], "uv": [55, 66]}
				]
			},
			{
				"name": "c2",
				"parent": "b3",
				"pivot": [4, 16, 4],
				"rotation": [-5, 0, 0],
				"cubes": [
					{"origin": [3, 15, 4], "size": [1, 1, 0.01], "uv": [53, 66]}
				]
			},
			{
				"name": "d2",
				"parent": "c2",
				"pivot": [4, 15, 4],
				"rotation": [-5, 0, 0],
				"cubes": [
					{"origin": [3, 14.5, 4], "size": [1, 0.5, 0.01], "uv": [10, 21]}
				]
			},
			{
				"name": "4",
				"parent": "uhair1",
				"pivot": [-1, 0, 0]
			},
			{
				"name": "a4",
				"parent": "4",
				"pivot": [3, 18, 4],
				"rotation": [15, 0, 0],
				"cubes": [
					{"origin": [2, 17, 4], "size": [1, 1, 0.01], "uv": [34, 66]}
				]
			},
			{
				"name": "b4",
				"parent": "a4",
				"pivot": [3, 17, 4],
				"rotation": [-7.49999, -2.49525, 0.21803],
				"cubes": [
					{"origin": [2.00044, 16.0013, 3.99991], "size": [1, 1, 0.01], "uv": [32, 66]}
				]
			},
			{
				"name": "c3",
				"parent": "b4",
				"pivot": [3, 16, 4],
				"rotation": [-7.5, 0, 0],
				"cubes": [
					{"origin": [2.00044, 15.00128, 3.99974], "size": [1, 1, 0.01], "uv": [14, 66]}
				]
			},
			{
				"name": "d3",
				"parent": "c3",
				"pivot": [3, 15, 4],
				"rotation": [10, 0, 0],
				"cubes": [
					{"origin": [2.00044, 14.00131, 3.99996], "size": [1, 1, 0.01], "uv": [8, 66]}
				]
			},
			{
				"name": "5",
				"parent": "uhair1",
				"pivot": [-2, 0, 0]
			},
			{
				"name": "a5",
				"parent": "5",
				"pivot": [2, 18, 4],
				"rotation": [20, 0, 0],
				"cubes": [
					{"origin": [1, 17, 4], "size": [1, 1, 0.01], "uv": [6, 66]}
				]
			},
			{
				"name": "b5",
				"parent": "a5",
				"pivot": [2, 17, 4],
				"rotation": [-12.5, 0, 0],
				"cubes": [
					{"origin": [1, 16, 4], "size": [1, 1, 0.01], "uv": [0, 66]}
				]
			},
			{
				"name": "c4",
				"parent": "b5",
				"pivot": [-2, 20, 7]
			},
			{
				"name": "d4",
				"parent": "c4",
				"pivot": [-2, 20, 7]
			},
			{
				"name": "6",
				"parent": "uhair1",
				"pivot": [-3, 0, 0]
			},
			{
				"name": "a6",
				"parent": "6",
				"pivot": [1, 18, 4],
				"rotation": [22.5, 0, 0],
				"cubes": [
					{"origin": [0, 17, 4], "size": [1, 1, 0.01], "uv": [65, 64]}
				]
			},
			{
				"name": "b6",
				"parent": "a6",
				"pivot": [1, 17, 4],
				"rotation": [-12.5, 0, 0],
				"cubes": [
					{"origin": [0, 16, 4], "size": [1, 1, 0.01], "uv": [65, 63]}
				]
			},
			{
				"name": "c5",
				"parent": "b6",
				"pivot": [1, 16, 4],
				"rotation": [-7.5, 0, 0],
				"cubes": [
					{"origin": [0, 15, 4], "size": [1, 1, 0.01], "uv": [65, 62]}
				]
			},
			{
				"name": "d5",
				"parent": "c5",
				"pivot": [1, 15, 4],
				"rotation": [10, 0, 0],
				"cubes": [
					{"origin": [0.25, 14, 4], "size": [0.75, 1, 0.01], "uv": [6, 21]}
				]
			},
			{
				"name": "7",
				"parent": "uhair1",
				"pivot": [-4, 0, 0]
			},
			{
				"name": "a7",
				"parent": "7",
				"pivot": [0, 18, 4],
				"rotation": [12.5, 0, 0],
				"cubes": [
					{"origin": [-1, 17, 4], "size": [1, 1, 0.01], "uv": [65, 61]}
				]
			},
			{
				"name": "b7",
				"parent": "a7",
				"pivot": [0, 17, 4],
				"rotation": [-7.5, 0, 0],
				"cubes": [
					{"origin": [-1, 16, 4], "size": [1, 1, 0.01], "uv": [65, 60]}
				]
			},
			{
				"name": "c6",
				"parent": "b7",
				"pivot": [-0.25, 16, 4],
				"rotation": [12.5, 0, 0],
				"cubes": [
					{"origin": [-1, 15, 4], "size": [0.75, 1, 0.01], "uv": [6, 25]}
				]
			},
			{
				"name": "d6",
				"parent": "c6",
				"pivot": [-4, 20, 7]
			},
			{
				"name": "8",
				"parent": "uhair1",
				"pivot": [-5, 0, 0]
			},
			{
				"name": "a8",
				"parent": "8",
				"pivot": [-1, 18, 4],
				"rotation": [17.5, 0, 0],
				"cubes": [
					{"origin": [-2, 17, 4], "size": [1, 1, 0.01], "uv": [65, 59]}
				]
			},
			{
				"name": "b8",
				"parent": "a8",
				"pivot": [-1, 17, 4],
				"rotation": [-7.5, 0, 0],
				"cubes": [
					{"origin": [-2, 16, 4], "size": [1, 1, 0.01], "uv": [65, 58]}
				]
			},
			{
				"name": "c7",
				"parent": "b8",
				"pivot": [-1, 16, 4],
				"rotation": [-10, 0, 0],
				"cubes": [
					{"origin": [-2, 15, 4], "size": [1, 1, 0.01], "uv": [65, 50]}
				]
			},
			{
				"name": "d7",
				"parent": "c7",
				"pivot": [-5, 20, 7],
				"cubes": [
					{"origin": [-1.75, 14, 4], "size": [0.75, 1, 0.01], "uv": [4, 24]}
				]
			},
			{
				"name": "9",
				"parent": "uhair1",
				"pivot": [-6, 0, 0]
			},
			{
				"name": "a9",
				"parent": "9",
				"pivot": [-2, 18, 4],
				"rotation": [10, 0, 0],
				"cubes": [
					{"origin": [-3, 17, 4], "size": [1, 1, 0.01], "uv": [65, 49]}
				]
			},
			{
				"name": "b9",
				"parent": "a9",
				"pivot": [-2, 17, 4],
				"rotation": [-7.5, 0, 0],
				"cubes": [
					{"origin": [-3, 16, 4], "size": [1, 1, 0.01], "uv": [65, 48]}
				]
			},
			{
				"name": "c8",
				"parent": "b9",
				"pivot": [-2, 16, 4],
				"rotation": [-5, 0, 0],
				"cubes": [
					{"origin": [-3, 15, 4], "size": [1, 1, 0.01], "uv": [65, 47]}
				]
			},
			{
				"name": "d8",
				"parent": "c8",
				"pivot": [-2, 15, 4],
				"rotation": [10, 0, 0],
				"cubes": [
					{"origin": [-3, 14.25, 4], "size": [1, 0.75, 0.01], "uv": [11, 21]}
				]
			},
			{
				"name": "10",
				"parent": "uhair1",
				"pivot": [-7, 0, 0]
			},
			{
				"name": "a10",
				"parent": "10",
				"pivot": [-3, 18, 4],
				"rotation": [12.5, 0, 0],
				"cubes": [
					{"origin": [-4, 17, 4], "size": [1, 1, 0.01], "uv": [65, 46]}
				]
			},
			{
				"name": "b10",
				"parent": "a10",
				"pivot": [-3, 17, 4],
				"rotation": [-7.5, 0, 0],
				"cubes": [
					{"origin": [-4, 16, 4], "size": [1, 1, 0.01], "uv": [65, 45]}
				]
			},
			{
				"name": "c9",
				"parent": "b10",
				"pivot": [-7, 20, 7],
				"cubes": [
					{"origin": [-4, 15, 4], "size": [1, 1, 0.01], "uv": [65, 39]}
				]
			},
			{
				"name": "d9",
				"parent": "c9",
				"pivot": [-7, 20, 7]
			},
			{
				"name": "hair1",
				"parent": "head",
				"pivot": [-0.3, 0, 0],
				"cubes": [
					{"origin": [-3.55, 26.24, -4.24], "size": [1, 0.01, 1], "uv": [37, 63]},
					{"origin": [-1.55, 26.24, -4.24], "size": [1, 0.01, 1], "uv": [50, 62]},
					{"origin": [0.45, 26.24, -4.24], "size": [1, 0.01, 1], "uv": [61, 8]},
					{"origin": [2.45, 26.24, -4.24], "size": [1, 0.01, 1], "uv": [15, 61]},
					{"origin": [2.45, 26.24, -0.24], "size": [1, 0.01, 1], "uv": [60, 53]},
					{"origin": [3.45, 26.24, -0.24], "size": [1, 0.01, 1], "uv": [58, 58]},
					{"origin": [0.45, 26.24, -0.24], "size": [1, 0.01, 1], "uv": [21, 60]},
					{"origin": [-1.55, 26.24, -0.24], "size": [1, 0.01, 1], "uv": [59, 9]},
					{"origin": [-3.55, 26.24, -0.24], "size": [1, 0.01, 1], "uv": [58, 56]},
					{"origin": [-3.55, 26.24, -2.24], "size": [1, 0.01, 1], "uv": [62, 59]},
					{"origin": [-1.55, 26.24, -2.24], "size": [1, 0.01, 1], "uv": [62, 31]},
					{"origin": [0.45, 26.24, -2.24], "size": [1, 0.01, 1], "uv": [61, 23]},
					{"origin": [2.45, 26.24, -2.24], "size": [1, 0.01, 1], "uv": [27, 61]},
					{"origin": [3.45, 26.24, -2.24], "size": [1, 0.01, 1], "uv": [58, 53]},
					{"origin": [2.45, 26.24, 1.76], "size": [1, 0.01, 1], "uv": [60, 57]},
					{"origin": [2.45, 26.24, 2.76], "size": [1, 0.01, 1], "uv": [0, 39]},
					{"origin": [3.45, 26.24, 1.76], "size": [1, 0.01, 1], "uv": [48, 58]},
					{"origin": [0.45, 26.24, 1.76], "size": [1, 0.01, 1], "uv": [46, 60]},
					{"origin": [-1.55, 26.24, 1.76], "size": [1, 0.01, 1], "uv": [59, 13]},
					{"origin": [-3.55, 26.24, 1.76], "size": [1, 0.01, 1], "uv": [48, 59]},
					{"origin": [-1.55, 26.24, -3.24], "size": [1, 0.01, 1], "uv": [54, 62]},
					{"origin": [0.45, 26.24, -3.24], "size": [1, 0.01, 1], "uv": [61, 15]},
					{"origin": [2.45, 26.24, -3.24], "size": [1, 0.01, 1], "uv": [23, 61]},
					{"origin": [3.45, 26.24, -3.24], "size": [1, 0.01, 1], "uv": [58, 54]},
					{"origin": [2.45, 26.24, 0.76], "size": [1, 0.01, 1], "uv": [60, 55]},
					{"origin": [3.45, 26.24, 0.76], "size": [1, 0.01, 1], "uv": [58, 38]},
					{"origin": [0.45, 26.24, 0.76], "size": [1, 0.01, 1], "uv": [25, 60]},
					{"origin": [-1.55, 26.24, 0.76], "size": [1, 0.01, 1], "uv": [59, 11]},
					{"origin": [-3.55, 26.24, -1.24], "size": [1, 0.01, 1], "uv": [62, 60]},
					{"origin": [-1.55, 26.24, -1.24], "size": [1, 0.01, 1], "uv": [62, 45]},
					{"origin": [0.45, 26.24, -1.24], "size": [1, 0.01, 1], "uv": [23, 62]},
					{"origin": [2.45, 26.24, -1.24], "size": [1, 0.01, 1], "uv": [50, 61]},
					{"origin": [-2.55, 26.24, -4.24], "size": [1, 0.01, 1], "uv": [27, 62]},
					{"origin": [-0.55, 26.24, -4.24], "size": [1, 0.01, 1], "uv": [54, 61]},
					{"origin": [1.45, 26.24, -4.24], "size": [1, 0.01, 1], "uv": [60, 58]},
					{"origin": [-0.55, 26.24, -0.24], "size": [1, 0.01, 1], "uv": [15, 60]},
					{"origin": [-2.55, 26.24, -0.24], "size": [1, 0.01, 1], "uv": [59, 8]},
					{"origin": [-4.55, 26.24, -0.24], "size": [1, 0.01, 1], "uv": [58, 55]},
					{"origin": [-4.55, 26.24, -2.24], "size": [1, 0.01, 1], "uv": [62, 58]},
					{"origin": [-2.55, 26.24, -2.24], "size": [1, 0.01, 1], "uv": [62, 30]},
					{"origin": [1.45, 26.24, -2.24], "size": [1, 0.01, 1], "uv": [25, 61]},
					{"origin": [1.45, 26.24, 1.76], "size": [1, 0.01, 1], "uv": [60, 56]},
					{"origin": [-0.55, 26.24, 1.76], "size": [1, 0.01, 1], "uv": [27, 60]},
					{"origin": [-0.55, 26.24, 2.76], "size": [1, 0.01, 1], "uv": [38, 17]},
					{"origin": [-2.55, 26.24, 1.76], "size": [1, 0.01, 1], "uv": [59, 12]},
					{"origin": [-2.55, 26.24, 2.76], "size": [1, 0.01, 0.5], "uv": [11, 19]},
					{"origin": [-3.55, 26.24, 2.76], "size": [1, 0.01, 0.5], "uv": [12, 18]},
					{"origin": [-3.55, 26.24, 3.26], "size": [1, 0.01, 0.5], "uv": [10, 19]},
					{"origin": [-4.55, 26.24, 1.76], "size": [1, 0.01, 1], "uv": [46, 59]},
					{"origin": [-4.55, 26.24, -3.24], "size": [1, 0.01, 1], "uv": [27, 63]},
					{"origin": [-2.55, 26.24, -3.24], "size": [1, 0.01, 1], "uv": [52, 62]},
					{"origin": [-0.55, 26.24, -3.24], "size": [1, 0.01, 1], "uv": [61, 9]},
					{"origin": [1.45, 26.24, 0.76], "size": [1, 0.01, 1], "uv": [60, 54]},
					{"origin": [-0.55, 26.24, 0.76], "size": [1, 0.01, 1], "uv": [23, 60]},
					{"origin": [-2.55, 26.24, 0.76], "size": [1, 0.01, 1], "uv": [59, 10]},
					{"origin": [-4.55, 26.24, 0.76], "size": [1, 0.01, 1], "uv": [58, 57]},
					{"origin": [-2.55, 26.24, -1.24], "size": [1, 0.01, 1], "uv": [62, 46]},
					{"origin": [-0.55, 26.24, -1.24], "size": [1, 0.01, 1], "uv": [25, 62]},
					{"origin": [1.45, 26.24, -1.24], "size": [1, 0.01, 1], "uv": [52, 61]}
				]
			},
			{
				"name": "hair4",
				"parent": "head",
				"pivot": [-0.05, 32.245, 0.23222],
				"rotation": [0, 0, 90],
				"cubes": [
					{"origin": [6.945, 36.735, -4.24], "size": [1, 0.01, 1], "uv": [46, 58]},
					{"origin": [8.945, 36.735, -4.24], "size": [1, 0.01, 1], "uv": [35, 58]},
					{"origin": [10.945, 36.735, -4.24], "size": [1, 0.01, 1], "uv": [13, 58]},
					{"origin": [12.945, 36.735, -0.24], "size": [1, 0.01, 1], "uv": [38, 16]},
					{"origin": [13.945, 36.735, -0.24], "size": [1, 0.01, 1], "uv": [7, 58]},
					{"origin": [10.945, 36.735, -0.24], "size": [1, 0.01, 1], "uv": [5, 58]},
					{"origin": [8.945, 36.735, -0.24], "size": [1, 0.01, 1], "uv": [48, 57]},
					{"origin": [6.945, 36.735, -0.24], "size": [1, 0.01, 1], "uv": [46, 57]},
					{"origin": [6.945, 36.735, -2.24], "size": [1, 0.01, 1], "uv": [35, 57]},
					{"origin": [10.945, 36.735, -2.24], "size": [1, 0.01, 1], "uv": [38, 14]},
					{"origin": [12.945, 36.735, -2.24], "size": [1, 0.01, 1], "uv": [33, 57]},
					{"origin": [13.945, 36.735, -2.24], "size": [1, 0.01, 1], "uv": [31, 57]},
					{"origin": [12.945, 36.735, 1.76], "size": [1, 0.01, 1], "uv": [13, 57]},
					{"origin": [13.945, 36.735, 1.76], "size": [1, 0.01, 1], "uv": [7, 57]},
					{"origin": [8.945, 36.735, 1.76], "size": [1, 0.01, 1], "uv": [5, 57]},
					{"origin": [6.945, 36.735, 1.76], "size": [1, 0.01, 1], "uv": [56, 40]},
					{"origin": [6.945, 36.735, -3.24], "size": [1, 0.01, 1], "uv": [56, 39]},
					{"origin": [8.945, 36.735, -3.24], "size": [1, 0.01, 1], "uv": [56, 38]},
					{"origin": [10.945, 36.735, -3.24], "size": [1, 0.01, 1], "uv": [56, 1]},
					{"origin": [12.945, 36.735, -3.24], "size": [1, 0.01, 1], "uv": [56, 0]},
					{"origin": [12.945, 36.735, 0.76], "size": [1, 0.01, 1], "uv": [48, 56]},
					{"origin": [13.945, 36.735, 0.76], "size": [1, 0.01, 1], "uv": [46, 56]},
					{"origin": [10.945, 36.735, 0.76], "size": [1, 0.01, 1], "uv": [44, 56]},
					{"origin": [8.945, 36.735, 0.76], "size": [1, 0.01, 1], "uv": [55, 31]},
					{"origin": [6.945, 36.735, 0.76], "size": [1, 0.01, 1], "uv": [55, 30]},
					{"origin": [6.945, 36.735, -1.24], "size": [1, 0.01, 1], "uv": [55, 23]},
					{"origin": [8.945, 36.735, -1.24], "size": [1, 0.01, 1], "uv": [38, 15]},
					{"origin": [10.945, 36.735, -1.24], "size": [1, 0.01, 1], "uv": [55, 22]},
					{"origin": [12.945, 36.735, -1.24], "size": [1, 0.01, 1], "uv": [55, 15]},
					{"origin": [13.945, 36.735, -1.24], "size": [1, 0.01, 1], "uv": [55, 14]},
					{"origin": [12.945, 36.735, 2.76], "size": [1, 0.01, 1], "uv": [48, 55]},
					{"origin": [12.945, 36.735, 3.76], "size": [1, 0.01, 0.5], "uv": [18, 23]},
					{"origin": [10.945, 36.735, 2.76], "size": [1, 0.01, 1], "uv": [46, 55]},
					{"origin": [10.945, 36.735, 3.76], "size": [1, 0.01, 0.5], "uv": [12, 17]},
					{"origin": [8.945, 36.735, 2.76], "size": [1, 0.01, 1], "uv": [44, 55]},
					{"origin": [8.945, 36.735, 3.76], "size": [1, 0.01, 0.5], "uv": [9, 21]},
					{"origin": [7.945, 36.735, -4.24], "size": [1, 0.01, 1], "uv": [54, 2]},
					{"origin": [9.945, 36.735, -4.24], "size": [1, 0.01, 1], "uv": [54, 1]},
					{"origin": [11.945, 36.735, -4.24], "size": [1, 0.01, 1], "uv": [54, 0]},
					{"origin": [11.945, 36.735, -0.24], "size": [1, 0.01, 1], "uv": [40, 54]},
					{"origin": [9.945, 36.735, -0.24], "size": [1, 0.01, 1], "uv": [53, 35]},
					{"origin": [7.945, 36.735, -0.24], "size": [1, 0.01, 1], "uv": [53, 34]},
					{"origin": [5.945, 36.735, -0.24], "size": [1, 0.01, 1], "uv": [53, 33]},
					{"origin": [7.945, 36.735, -2.24], "size": [1, 0.01, 1], "uv": [53, 30]},
					{"origin": [9.945, 36.735, -2.24], "size": [1, 0.01, 1], "uv": [53, 19]},
					{"origin": [11.945, 36.735, -2.24], "size": [1, 0.01, 1], "uv": [53, 18]},
					{"origin": [11.945, 36.735, 1.76], "size": [1, 0.01, 1], "uv": [53, 17]},
					{"origin": [9.945, 36.735, 1.76], "size": [1, 0.01, 1], "uv": [53, 16]},
					{"origin": [7.945, 36.735, 1.76], "size": [1, 0.01, 1], "uv": [53, 15]},
					{"origin": [5.945, 36.735, -3.24], "size": [1, 0.01, 1], "uv": [53, 14]},
					{"origin": [9.945, 36.735, -3.24], "size": [1, 0.01, 1], "uv": [40, 53]},
					{"origin": [11.945, 36.735, -3.24], "size": [1, 0.01, 1], "uv": [50, 52]},
					{"origin": [9.945, 36.735, 0.76], "size": [1, 0.01, 1], "uv": [40, 52]},
					{"origin": [7.945, 36.735, 0.76], "size": [1, 0.01, 1], "uv": [51, 17]},
					{"origin": [5.945, 36.735, 0.76], "size": [1, 0.01, 1], "uv": [51, 16]},
					{"origin": [5.945, 36.735, -1.24], "size": [1, 0.01, 1], "uv": [51, 15]},
					{"origin": [7.945, 36.735, -1.24], "size": [1, 0.01, 1], "uv": [51, 14]},
					{"origin": [9.945, 36.735, -1.24], "size": [1, 0.01, 1], "uv": [51, 7]},
					{"origin": [11.945, 36.735, -1.24], "size": [1, 0.01, 1], "uv": [51, 6]},
					{"origin": [11.945, 36.735, 2.76], "size": [1, 0.01, 1], "uv": [50, 51]},
					{"origin": [11.945, 36.735, 3.76], "size": [1, 0.01, 0.5], "uv": [10, 19]},
					{"origin": [9.945, 36.735, 2.76], "size": [1, 0.01, 1], "uv": [40, 51]},
					{"origin": [9.945, 36.735, 3.76], "size": [1, 0.01, 0.5], "uv": [9, 21]},
					{"origin": [7.945, 36.735, 2.76], "size": [1, 0.01, 1], "uv": [50, 40]}
				]
			},
			{
				"name": "hair5",
				"parent": "head",
				"pivot": [-0.05, 32.245, 0.23222],
				"rotation": [0, 0, 90],
				"cubes": [
					{"origin": [6.955, 27.745, -4.24], "size": [1, 0.01, 1], "uv": [50, 39]},
					{"origin": [8.955, 27.745, -4.24], "size": [1, 0.01, 1], "uv": [40, 50]},
					{"origin": [10.955, 27.745, -4.24], "size": [1, 0.01, 1], "uv": [49, 7]},
					{"origin": [12.955, 27.745, -0.24], "size": [1, 0.01, 1], "uv": [49, 6]},
					{"origin": [13.955, 27.745, -0.24], "size": [1, 0.01, 1], "uv": [40, 49]},
					{"origin": [10.955, 27.745, -0.24], "size": [1, 0.01, 1], "uv": [29, 49]},
					{"origin": [8.955, 27.745, -0.24], "size": [1, 0.01, 1], "uv": [23, 49]},
					{"origin": [6.955, 27.745, -0.24], "size": [1, 0.01, 1], "uv": [21, 49]},
					{"origin": [6.955, 27.745, -2.24], "size": [1, 0.01, 1], "uv": [15, 49]},
					{"origin": [8.955, 27.745, -2.24], "size": [1, 0.01, 1], "uv": [48, 44]},
					{"origin": [10.955, 27.745, -2.24], "size": [1, 0.01, 1], "uv": [48, 43]},
					{"origin": [12.955, 27.745, -2.24], "size": [1, 0.01, 1], "uv": [40, 48]},
					{"origin": [13.955, 27.745, -2.24], "size": [1, 0.01, 1], "uv": [17, 39]},
					{"origin": [13.955, 27.745, 1.76], "size": [1, 0.01, 1], "uv": [29, 48]},
					{"origin": [10.955, 27.745, 1.76], "size": [1, 0.01, 1], "uv": [23, 48]},
					{"origin": [8.955, 27.745, 1.76], "size": [1, 0.01, 1], "uv": [21, 48]},
					{"origin": [6.955, 27.745, 1.76], "size": [1, 0.01, 1], "uv": [15, 48]},
					{"origin": [6.955, 27.745, -3.24], "size": [1, 0.01, 1], "uv": [40, 47]},
					{"origin": [10.955, 27.745, -3.24], "size": [1, 0.01, 1], "uv": [17, 47]},
					{"origin": [12.955, 27.745, -3.24], "size": [1, 0.01, 1], "uv": [15, 47]},
					{"origin": [12.955, 27.745, 0.76], "size": [1, 0.01, 1], "uv": [40, 46]},
					{"origin": [13.955, 27.745, 0.76], "size": [1, 0.01, 1], "uv": [38, 46]},
					{"origin": [10.955, 27.745, 0.76], "size": [1, 0.01, 1], "uv": [32, 46]},
					{"origin": [8.955, 27.745, 0.76], "size": [1, 0.01, 1], "uv": [7, 46]},
					{"origin": [6.955, 27.745, 0.76], "size": [1, 0.01, 1], "uv": [5, 46]},
					{"origin": [8.955, 27.745, -1.24], "size": [1, 0.01, 1], "uv": [45, 22]},
					{"origin": [10.955, 27.745, -1.24], "size": [1, 0.01, 1], "uv": [45, 2]},
					{"origin": [12.955, 27.745, -1.24], "size": [1, 0.01, 1], "uv": [45, 1]},
					{"origin": [13.955, 27.745, -1.24], "size": [1, 0.01, 1], "uv": [45, 0]},
					{"origin": [12.955, 27.745, 2.76], "size": [1, 0.01, 1], "uv": [40, 45]},
					{"origin": [12.955, 27.745, 3.76], "size": [1, 0.01, 0.5], "uv": [6, 26]},
					{"origin": [10.955, 27.745, 2.76], "size": [1, 0.01, 1], "uv": [38, 45]},
					{"origin": [10.955, 27.745, 3.76], "size": [1, 0.01, 0.5], "uv": [10, 17]},
					{"origin": [8.955, 27.745, 2.76], "size": [1, 0.01, 1], "uv": [32, 45]},
					{"origin": [8.955, 27.745, 3.76], "size": [1, 0.01, 0.5], "uv": [11, 20]},
					{"origin": [7.955, 27.745, -4.24], "size": [1, 0.01, 1], "uv": [7, 45]},
					{"origin": [9.955, 27.745, -4.24], "size": [1, 0.01, 1], "uv": [5, 45]},
					{"origin": [11.955, 27.745, -4.24], "size": [1, 0.01, 1], "uv": [17, 44]},
					{"origin": [9.955, 27.745, -0.24], "size": [1, 0.01, 1], "uv": [15, 44]},
					{"origin": [7.955, 27.745, -0.24], "size": [1, 0.01, 1], "uv": [43, 23]},
					{"origin": [5.955, 27.745, -2.24], "size": [1, 0.01, 1], "uv": [17, 43]},
					{"origin": [9.955, 27.745, -2.24], "size": [1, 0.01, 1], "uv": [15, 43]},
					{"origin": [11.955, 27.745, -2.24], "size": [1, 0.01, 1], "uv": [17, 42]},
					{"origin": [11.955, 27.745, 1.76], "size": [1, 0.01, 1], "uv": [0, 42]},
					{"origin": [9.955, 27.745, 1.76], "size": [1, 0.01, 1], "uv": [41, 12]},
					{"origin": [7.955, 27.745, 1.76], "size": [1, 0.01, 1], "uv": [41, 11]},
					{"origin": [5.955, 27.745, -3.24], "size": [1, 0.01, 1], "uv": [41, 10]},
					{"origin": [7.955, 27.745, -3.24], "size": [1, 0.01, 1], "uv": [41, 9]},
					{"origin": [9.955, 27.745, -3.24], "size": [1, 0.01, 1], "uv": [41, 8]},
					{"origin": [11.955, 27.745, -3.24], "size": [1, 0.01, 1], "uv": [17, 41]},
					{"origin": [11.955, 27.745, 0.76], "size": [1, 0.01, 1], "uv": [0, 41]},
					{"origin": [7.955, 27.745, 0.76], "size": [1, 0.01, 1], "uv": [40, 17]},
					{"origin": [5.955, 27.745, 0.76], "size": [1, 0.01, 1], "uv": [40, 16]},
					{"origin": [5.955, 27.745, -1.24], "size": [1, 0.01, 1], "uv": [40, 15]},
					{"origin": [7.955, 27.745, -1.24], "size": [1, 0.01, 1], "uv": [40, 14]},
					{"origin": [9.955, 27.745, -1.24], "size": [1, 0.01, 1], "uv": [40, 13]},
					{"origin": [11.955, 27.745, -1.24], "size": [1, 0.01, 1], "uv": [17, 40]},
					{"origin": [11.955, 27.745, 2.76], "size": [1, 0.01, 1], "uv": [0, 40]},
					{"origin": [11.955, 27.745, 3.76], "size": [1, 0.01, 0.5], "uv": [11, 20]},
					{"origin": [9.955, 27.745, 2.76], "size": [1, 0.01, 1], "uv": [39, 11]},
					{"origin": [9.955, 27.745, 3.76], "size": [1, 0.01, 0.5], "uv": [11, 20]},
					{"origin": [7.955, 27.745, 2.76], "size": [1, 0.01, 1], "uv": [39, 10]}
				]
			},
			{
				"name": "hair3",
				"parent": "head",
				"pivot": [-0.3, 22, -22.45],
				"cubes": [
					{"origin": [2.45, 21.25, 4.25], "size": [1, 1, 0.01], "uv": [52, 69]},
					{"origin": [3.45, 21.25, 4.25], "size": [1, 1, 0.01], "uv": [50, 69]},
					{"origin": [0.45, 21.25, 4.25], "size": [1, 1, 0.01], "uv": [48, 69]},
					{"origin": [-1.55, 21.25, 4.25], "size": [1, 1, 0.01], "uv": [46, 69]},
					{"origin": [-3.55, 21.25, 4.25], "size": [1, 1, 0.01], "uv": [44, 69]},
					{"origin": [-3.55, 23.25, 4.25], "size": [1, 1, 0.01], "uv": [34, 69]},
					{"origin": [-1.55, 23.25, 4.25], "size": [1, 1, 0.01], "uv": [32, 69]},
					{"origin": [0.45, 23.25, 4.25], "size": [1, 1, 0.01], "uv": [22, 69]},
					{"origin": [2.45, 23.25, 4.25], "size": [1, 1, 0.01], "uv": [20, 69]},
					{"origin": [3.45, 23.25, 4.25], "size": [1, 1, 0.01], "uv": [18, 69]},
					{"origin": [2.45, 19.25, 4.25], "size": [1, 1, 0.01], "uv": [16, 69]},
					{"origin": [3.45, 19.25, 4.25], "size": [1, 1, 0.01], "uv": [68, 9]},
					{"origin": [0.45, 19.25, 4.25], "size": [1, 1, 0.01], "uv": [68, 8]},
					{"origin": [-1.55, 19.25, 4.25], "size": [1, 1, 0.01], "uv": [68, 7]},
					{"origin": [-3.55, 19.25, 4.25], "size": [1, 1, 0.01], "uv": [68, 6]},
					{"origin": [-3.55, 24.25, 4.25], "size": [1, 1, 0.01], "uv": [68, 5]},
					{"origin": [-1.55, 24.25, 4.25], "size": [1, 1, 0.01], "uv": [68, 4]},
					{"origin": [0.45, 24.25, 4.25], "size": [1, 1, 0.01], "uv": [68, 3]},
					{"origin": [2.45, 24.25, 4.25], "size": [1, 1, 0.01], "uv": [68, 2]},
					{"origin": [3.45, 24.25, 4.25], "size": [1, 0.75, 0.01], "uv": [10, 22]},
					{"origin": [2.45, 20.25, 4.25], "size": [1, 1, 0.01], "uv": [68, 1]},
					{"origin": [3.45, 20.25, 4.25], "size": [1, 1, 0.01], "uv": [68, 0]},
					{"origin": [0.45, 20.25, 4.25], "size": [1, 1, 0.01], "uv": [60, 68]},
					{"origin": [-1.55, 20.25, 4.25], "size": [1, 1, 0.01], "uv": [58, 68]},
					{"origin": [-3.55, 20.25, 4.25], "size": [1, 1, 0.01], "uv": [56, 68]},
					{"origin": [-3.55, 22.25, 4.25], "size": [1, 1, 0.01], "uv": [54, 68]},
					{"origin": [-1.55, 22.25, 4.25], "size": [1, 1, 0.01], "uv": [52, 68]},
					{"origin": [0.45, 22.25, 4.25], "size": [1, 1, 0.01], "uv": [50, 68]},
					{"origin": [2.45, 22.25, 4.25], "size": [1, 1, 0.01], "uv": [48, 68]},
					{"origin": [3.45, 22.25, 4.25], "size": [1, 1, 0.01], "uv": [46, 68]},
					{"origin": [2.45, 18.25, 4.25], "size": [1, 1, 0.01], "uv": [44, 68]},
					{"origin": [2.45, 17.25, 4.25], "size": [1, 1, 0.01], "uv": [34, 67]},
					{"origin": [3.45, 18.25, 4.25], "size": [1, 1, 0.01], "uv": [34, 68]},
					{"origin": [3.45, 17.25, 4.25], "size": [1, 1, 0.01], "uv": [55, 67]},
					{"origin": [3.45, 16.25, 4.25], "size": [1, 1, 0.01], "uv": [53, 67]},
					{"origin": [0.45, 18.25, 4.25], "size": [1, 1, 0.01], "uv": [32, 68]},
					{"origin": [0.45, 17.25, 4.25], "size": [1, 1, 0.01], "uv": [66, 4]},
					{"origin": [-1.55, 17.75, 4.25], "size": [1, 0.5, 0.01], "uv": [0, 24]},
					{"origin": [-2.55, 17.75, 4.25], "size": [1, 0.5, 0.01], "uv": [17, 17]},
					{"origin": [-2.55, 17.25, 4.25], "size": [1, 0.5, 0.01], "uv": [18, 23]},
					{"origin": [-3.55, 18.25, 4.25], "size": [1, 1, 0.01], "uv": [22, 68]},
					{"origin": [-3.55, 17.25, 4.25], "size": [1, 1, 0.01], "uv": [66, 7]},
					{"origin": [-3.55, 16.25, 4.25], "size": [1, 1, 0.01], "uv": [66, 6]},
					{"origin": [1.45, 21.25, 4.25], "size": [1, 1, 0.01], "uv": [20, 68]},
					{"origin": [-0.55, 21.25, 4.25], "size": [1, 1, 0.01], "uv": [18, 68]},
					{"origin": [-2.55, 21.25, 4.25], "size": [1, 1, 0.01], "uv": [16, 68]},
					{"origin": [-4.55, 21.25, 4.25], "size": [1, 1, 0.01], "uv": [67, 64]},
					{"origin": [-4.55, 23.25, 4.25], "size": [1, 1, 0.01], "uv": [67, 63]},
					{"origin": [-2.55, 23.25, 4.25], "size": [1, 1, 0.01], "uv": [67, 62]},
					{"origin": [-0.55, 23.25, 4.25], "size": [1, 1, 0.01], "uv": [67, 61]},
					{"origin": [1.45, 23.25, 4.25], "size": [1, 1, 0.01], "uv": [67, 60]},
					{"origin": [1.45, 19.25, 4.25], "size": [1, 1, 0.01], "uv": [67, 59]},
					{"origin": [-0.55, 19.25, 4.25], "size": [1, 1, 0.01], "uv": [67, 58]},
					{"origin": [-2.55, 19.25, 4.25], "size": [1, 1, 0.01], "uv": [67, 50]},
					{"origin": [-4.55, 19.25, 4.25], "size": [1, 1, 0.01], "uv": [67, 49]},
					{"origin": [-4.55, 24.25, 4.25], "size": [1, 1, 0.01], "uv": [67, 48]},
					{"origin": [-2.55, 24.25, 4.25], "size": [1, 1, 0.01], "uv": [67, 47]},
					{"origin": [-0.55, 24.25, 4.25], "size": [1, 1, 0.01], "uv": [67, 46]},
					{"origin": [-0.55, 25.25, 4.25], "size": [1, 0.5, 0.01], "uv": [11, 19]},
					{"origin": [-2.55, 25.25, 4.25], "size": [1, 0.5, 0.01], "uv": [11, 18]},
					{"origin": [-1.55, 25.25, 4.25], "size": [1, 1, 0.01], "uv": [66, 1]},
					{"origin": [1.45, 24.25, 4.25], "size": [1, 1, 0.01], "uv": [67, 45]},
					{"origin": [1.45, 25.25, 4.25], "size": [1, 0.75, 0.01], "uv": [10, 17]},
					{"origin": [1.45, 20.25, 4.25], "size": [1, 1, 0.01], "uv": [67, 44]},
					{"origin": [-0.55, 20.25, 4.25], "size": [1, 1, 0.01], "uv": [67, 43]},
					{"origin": [-2.55, 20.25, 4.25], "size": [1, 1, 0.01], "uv": [67, 42]},
					{"origin": [-4.55, 20.25, 4.25], "size": [1, 1, 0.01], "uv": [67, 41]},
					{"origin": [-4.55, 22.25, 4.25], "size": [1, 1, 0.01], "uv": [67, 40]},
					{"origin": [-2.55, 22.25, 4.25], "size": [1, 1, 0.01], "uv": [67, 39]},
					{"origin": [-0.55, 22.25, 4.25], "size": [1, 1, 0.01], "uv": [67, 38]},
					{"origin": [1.45, 22.25, 4.25], "size": [1, 1, 0.01], "uv": [67, 37]},
					{"origin": [1.45, 18.25, 4.25], "size": [1, 1, 0.01], "uv": [67, 36]},
					{"origin": [-0.55, 18.25, 4.25], "size": [1, 1, 0.01], "uv": [61, 67]},
					{"origin": [-0.55, 17.25, 4.25], "size": [1, 1, 0.01], "uv": [32, 67]},
					{"origin": [-0.55, 16.25, 4.25], "size": [1, 1, 0.01], "uv": [66, 3]},
					{"origin": [-2.55, 18.25, 4.25], "size": [1, 1, 0.01], "uv": [59, 67]},
					{"origin": [-1.55, 18.25, 4.25], "size": [1, 1, 0.01], "uv": [66, 2]},
					{"origin": [-4.55, 18.25, 4.25], "size": [1, 1, 0.01], "uv": [57, 67]},
					{"origin": [-4.55, 17.25, 4.25], "size": [1, 1, 0.01], "uv": [66, 5]}
				]
			},
			{
				"name": "hair2",
				"parent": "head",
				"pivot": [0, -4, 0],
				"cubes": [
					{"origin": [3.5, 21, -4.25], "size": [1, 1, 0.01], "uv": [22, 70]},
					{"origin": [3.25, 21.25, -4.25], "size": [0.25, 1, 0.01], "uv": [14, 21]},
					{"origin": [4.5, 21, -4.25], "size": [1, 1, 0.01], "uv": [56, 69]},
					{"origin": [-3.5, 21, -4.25], "size": [1, 1, 0.01], "uv": [69, 63]},
					{"origin": [1.5, 22.25, -4.25], "size": [1, 0.75, 0.01], "uv": [11, 21]},
					{"origin": [2.5, 22.25, -4.25], "size": [1, 0.75, 0.01], "uv": [13, 21]},
					{"origin": [1.5, 25, -4.25], "size": [1, 1, 0.01], "uv": [69, 60]},
					{"origin": [1.5, 23, -4.25], "size": [1, 1, 0.01], "uv": [69, 38]},
					{"origin": [1.5, 24, -4.25], "size": [1, 1, 0.01], "uv": [69, 36]},
					{"origin": [-1.5, 25, -4.25], "size": [1, 1, 0.01], "uv": [69, 58]},
					{"origin": [-1.5, 26, -4.25], "size": [1, 0.5, 0.01], "uv": [11, 21]},
					{"origin": [-2.5, 26, -4.25], "size": [1, 0.25, 0.01], "uv": [10, 21]},
					{"origin": [1.5, 26, -4.25], "size": [1, 0.25, 0.01], "uv": [11, 21]},
					{"origin": [-0.5, 26, -4.25], "size": [1, 0.5, 0.01], "uv": [11, 21]},
					{"origin": [0.5, 26, -4.25], "size": [1, 0.5, 0.01], "uv": [11, 21]},
					{"origin": [-0.5, 25, -4.25], "size": [1, 1, 0.01], "uv": [69, 43]},
					{"origin": [-1.5, 23, -4.25], "size": [1, 1, 0.01], "uv": [69, 51]},
					{"origin": [-0.5, 23, -4.25], "size": [1, 1, 0.01], "uv": [69, 42]},
					{"origin": [2.5, 23, -4.25], "size": [1, 1, 0.01], "uv": [69, 40]},
					{"origin": [3.5, 23, -4.25], "size": [1, 1, 0.01], "uv": [69, 39]},
					{"origin": [-1.5, 24, -4.25], "size": [1, 1, 0.01], "uv": [69, 49]},
					{"origin": [-0.5, 24, -4.25], "size": [1, 1, 0.01], "uv": [69, 44]},
					{"origin": [2.5, 24, -4.25], "size": [1, 1, 0.01], "uv": [69, 41]},
					{"origin": [3.45, 24, -4.25], "size": [0.75, 1, 0.01], "uv": [14, 20]},
					{"origin": [-3.5, 24, -4.25], "size": [1, 1, 0.01], "uv": [69, 47]},
					{"origin": [-4, 24, -4.25], "size": [0.5, 1, 0.01], "uv": [12, 21]},
					{"origin": [-3.5, 23, -4.25], "size": [1, 1, 0.01], "uv": [69, 46]},
					{"origin": [3.5, 19, -4.25], "size": [0.75, 1, 0.01], "uv": [11, 15]},
					{"origin": [3.3, 19, -4.25], "size": [0.2, 1, 0.01], "uv": [11, 21]},
					{"origin": [3.5, 18.75, -4.25], "size": [0.5, 0.25, 0.01], "uv": [10, 14]},
					{"origin": [3.5, 20, -4.25], "size": [1, 1, 0.01], "uv": [20, 70]},
					{"origin": [4.5, 20.5, -4.25], "size": [1, 0.5, 0.01], "uv": [17, 22]},
					{"origin": [-5.5, 20.5, -4.25], "size": [1, 0.5, 0.01], "uv": [34, 1]},
					{"origin": [3.5, 22, -4.25], "size": [1, 1, 0.01], "uv": [18, 70]},
					{"origin": [-3.5, 22, -4.25], "size": [1, 1, 0.01], "uv": [69, 64]},
					{"origin": [-1.5, 22, -4.25], "size": [1, 1, 0.01], "uv": [69, 62]},
					{"origin": [-2.5, 22.5, -4.25], "size": [1, 0.5, 0.01], "uv": [17, 22]},
					{"origin": [0.5, 22, -4.25], "size": [1, 1, 0.01], "uv": [69, 61]},
					{"origin": [-0.5, 22, -4.25], "size": [1, 1, 0.01], "uv": [54, 69]},
					{"origin": [-0.25, 21, -4.25], "size": [0.75, 1, 0.01], "uv": [14, 17]},
					{"origin": [0, 20, -4.25], "size": [0.5, 1, 0.01], "uv": [17, 16]},
					{"origin": [0.5, 25, -4.25], "size": [1, 1, 0.01], "uv": [69, 59]},
					{"origin": [0.5, 23, -4.25], "size": [1, 1, 0.01], "uv": [69, 37]},
					{"origin": [0.5, 24, -4.25], "size": [1, 1, 0.01], "uv": [60, 69]},
					{"origin": [-2.5, 25, -4.25], "size": [1, 1, 0.01], "uv": [69, 52]},
					{"origin": [-3.25, 25, -4.25], "size": [0.75, 1, 0.01], "uv": [12, 20]},
					{"origin": [2.5, 25, -4.25], "size": [0.75, 1, 0.01], "uv": [13, 20]},
					{"origin": [-2.5, 23, -4.25], "size": [1, 1, 0.01], "uv": [69, 50]},
					{"origin": [-2.5, 24, -4.25], "size": [1, 1, 0.01], "uv": [69, 48]},
					{"origin": [-4.5, 23, -4.25], "size": [1, 1, 0.01], "uv": [69, 45]},
					{"origin": [-5.5, 21, -4.25], "size": [1, 1, 0.01], "uv": [58, 69]},
					{"origin": [-4.25, 19, -4.25], "size": [0.75, 1, 0.01], "uv": [10, 21]},
					{"origin": [-4.5, 20, -4.25], "size": [1, 1, 0.01], "uv": [16, 70]},
					{"origin": [-4.5, 21, -4.25], "size": [1, 1, 0.01], "uv": [69, 66]},
					{"origin": [-4.5, 22, -4.25], "size": [1, 1, 0.01], "uv": [69, 65]}
				]
			},
			{
				"name": "blink",
				"parent": "head",
				"pivot": [0, 18, 0],
				"cubes": [
					{"origin": [-4, 18, -4.001], "size": [8, 8, 0.001], "uv": [30, 0]}
				]
			},
			{
				"name": "hatall",
				"parent": "head",
				"pivot": [0, 25.6, 3.35],
				"rotation": [-35, 0, 0]
			},
			{
				"name": "hat4",
				"parent": "hatall",
				"pivot": [0, 16.62283, 2.48177],
				"cubes": [
					{"origin": [-4.7628, 22.55703, -2.46083], "size": [0.5292, 1.0584, 9.5256], "uv": [26, 72]},
					{"origin": [4.2336, 22.55703, -2.46083], "size": [0.5292, 1.0584, 9.5256], "uv": [26, 72]}
				]
			},
			{
				"name": "hat3",
				"parent": "hatall",
				"pivot": [0, 16.62283, 2.48177],
				"cubes": [
					{"origin": [-4.2336, 22.55703, -2.46083], "size": [8.4672, 1.0584, 0.5292], "uv": [32, 21]},
					{"origin": [-4.2336, 22.55703, 6.53557], "size": [8.4672, 1.0584, 0.5292], "uv": [27, 78]}
				]
			},
			{
				"name": "hat1",
				"parent": "hatall",
				"pivot": [-1.0584, 25.09003, 2.48177],
				"cubes": [
					{"origin": [-5.292, 23.61543, -2.99003], "size": [10.584, 2.1168, 10.584], "uv": [0, 0]}
				]
			},
			{
				"name": "hat2",
				"parent": "hatall",
				"pivot": [-1.0584, 26.14843, 2.48177],
				"cubes": [
					{"origin": [-4.2336, 25.73223, -1.93163], "size": [8.4672, 1.0584, 8.4672], "uv": [24, 24]}
				]
			},
			{
				"name": "piaodai1",
				"parent": "hatall",
				"pivot": [5, 22.25, 1.2],
				"rotation": [50, 0, 0],
				"cubes": [
					{"origin": [4.5, 22.25, 1.2], "size": [0.5, 1, 1], "uv": [55, 64]}
				]
			},
			{
				"name": "sidai1",
				"parent": "piaodai1",
				"pivot": [7.4975, 20.625, 0.85],
				"rotation": [0, 0, -17.5],
				"cubes": [
					{"origin": [5.59424, 21.9258, 1.2], "size": [0.01, 1, 1], "uv": [53, 64]}
				]
			},
			{
				"name": "s2",
				"parent": "sidai1",
				"pivot": [9.12344, 21.36543, 2.60631],
				"rotation": [0, 0, -5],
				"cubes": [
					{"origin": [5.65647, 21.23039, 1.2], "size": [0.01, 1, 1], "uv": [42, 64]}
				]
			},
			{
				"name": "s3",
				"parent": "s2",
				"pivot": [4.96781, 20.05575, 0.85476],
				"rotation": [0, 0, 7.5],
				"cubes": [
					{"origin": [5.49717, 20.31153, 1.2], "size": [0.01, 1, 1], "uv": [24, 64]}
				]
			},
			{
				"name": "s4",
				"parent": "s3",
				"pivot": [6.23353, 19.67729, 1.27738],
				"rotation": [0, 0, 10],
				"cubes": [
					{"origin": [5.39807, 19.17577, 1.2], "size": [0.01, 1, 1], "uv": [14, 64]}
				]
			},
			{
				"name": "s5",
				"parent": "s4",
				"pivot": [5.32408, 18.77291, 1.27738],
				"rotation": [0, 5, 12.5],
				"cubes": [
					{"origin": [5.31565, 18.1844, 1.19984], "size": [0.01, 1, 1], "uv": [8, 64]}
				]
			},
			{
				"name": "piaodai2",
				"parent": "hatall",
				"pivot": [14, 22.25, 1.2],
				"rotation": [45, 0, 0],
				"cubes": [
					{"origin": [-5, 22.25, 1.2], "size": [0.5, 1, 1], "uv": [6, 64]}
				]
			},
			{
				"name": "sidai2",
				"parent": "piaodai2",
				"pivot": [-7.4975, 20.625, 0.85],
				"rotation": [0, 0, 17.5],
				"cubes": [
					{"origin": [-5.60424, 21.9258, 1.2], "size": [0.01, 1, 1], "uv": [0, 64]}
				]
			},
			{
				"name": "s6",
				"parent": "sidai2",
				"pivot": [-9.12344, 21.36543, 2.60631],
				"rotation": [0, 0, 5],
				"cubes": [
					{"origin": [-5.66647, 21.23039, 1.2], "size": [0.01, 1, 1], "uv": [55, 63]}
				]
			},
			{
				"name": "s7",
				"parent": "s6",
				"pivot": [-4.96781, 20.05575, 0.85476],
				"rotation": [0, 0, -7.5],
				"cubes": [
					{"origin": [-5.50717, 20.31153, 1.2], "size": [0.01, 1, 1], "uv": [53, 63]}
				]
			},
			{
				"name": "s8",
				"parent": "s7",
				"pivot": [-6.23353, 19.67729, 1.27738],
				"rotation": [0, 0, -10],
				"cubes": [
					{"origin": [-5.40807, 19.17577, 1.2], "size": [0.01, 1, 1], "uv": [42, 63]}
				]
			},
			{
				"name": "s9",
				"parent": "s8",
				"pivot": [-5.32408, 18.77291, 1.27738],
				"rotation": [0, -5, -12.5],
				"cubes": [
					{"origin": [-5.32565, 18.1844, 1.19984], "size": [0.01, 1, 1], "uv": [24, 63]}
				]
			},
			{
				"name": "armRight",
				"pivot": [-3, 17.5, 0],
				"rotation": [0, 0, 25],
				"cubes": [
					{"origin": [-4.95, 8.5, -1], "size": [2, 8, 2], "uv": [51, 51]},
					{"origin": [-5.45, 14.5, -1.5], "size": [3, 3, 3], "uv": [46, 0]}
				]
			},
			{
				"name": "wan",
				"parent": "armRight",
				"pivot": [-5.41658, 14.39435, -1.5],
				"rotation": [0, 0, 15],
				"cubes": [
					{"origin": [-5.45, 13.5, -1.5], "size": [0.01, 1, 3], "uv": [51, 47]}
				]
			},
			{
				"name": "wan2",
				"parent": "wan",
				"pivot": [-5.41658, 13.39435, -1.5],
				"rotation": [0, 0, -7.5]
			},
			{
				"name": "wan3",
				"parent": "wan",
				"pivot": [-5.41658, 13.39435, -1.5],
				"rotation": [0, 0, -7.5],
				"cubes": [
					{"origin": [-5.44996, 12.49913, -1.5], "size": [0.01, 1, 3], "uv": [48, 27]}
				]
			},
			{
				"name": "nei1",
				"parent": "wan",
				"pivot": [-5.41658, 14.39435, -1.5],
				"rotation": [0, 0, -12.5],
				"cubes": [
					{"origin": [-5.45, 13.5, -1.5], "size": [0.01, 1, 3], "uv": [51, 45]}
				]
			},
			{
				"name": "n",
				"parent": "nei1",
				"pivot": [-5.41658, 14.39435, -1.5],
				"cubes": [
					{"origin": [-5.45, 12.25, -1.5], "size": [0.01, 1.25, 3], "uv": [51, 44]}
				]
			},
			{
				"name": "n1",
				"parent": "n",
				"pivot": [-5.41658, 12.39435, -1.5],
				"rotation": [0, 0, 25],
				"cubes": [
					{"origin": [-5.34341, 11.2692, -1.5], "size": [0.01, 1, 3], "uv": [48, 28]}
				]
			},
			{
				"name": "wan4",
				"parent": "armRight",
				"pivot": [-8.41658, 14.39435, -1.5],
				"rotation": [90, 75, 90],
				"cubes": [
					{"origin": [-11.33778, 12.72354, 1.49], "size": [0.01, 1, 3], "uv": [45, 39]}
				]
			},
			{
				"name": "wan5",
				"parent": "wan4",
				"pivot": [-8.41658, 13.39435, -1.5],
				"rotation": [0, 0, -7.5]
			},
			{
				"name": "wan6",
				"parent": "wan4",
				"pivot": [-8.41658, 13.39435, -1.5],
				"rotation": [0, 0, -7.5],
				"cubes": [
					{"origin": [-11.41438, 12.10624, 1.49], "size": [0.01, 1, 3], "uv": [45, 37]}
				]
			},
			{
				"name": "nei2",
				"parent": "wan4",
				"pivot": [-8.41658, 14.39435, -1.5],
				"rotation": [0, 0, -12.5],
				"cubes": [
					{"origin": [-11.43738, 13.36698, 1.49], "size": [0.01, 1, 3], "uv": [45, 36]}
				]
			},
			{
				"name": "n2",
				"parent": "nei2",
				"pivot": [-8.41658, 14.39435, -1.5],
				"cubes": [
					{"origin": [-11.43738, 12.11698, 1.49], "size": [0.01, 1.25, 3], "uv": [44, 16]}
				]
			},
			{
				"name": "n3",
				"parent": "n2",
				"pivot": [-8.41658, 12.39435, -1.5],
				"rotation": [0, 0, 25],
				"cubes": [
					{"origin": [-10.99468, 9.88612, 1.49], "size": [0.01, 1, 3], "uv": [44, 15]}
				]
			},
			{
				"name": "wan7",
				"parent": "armRight",
				"pivot": [-8.41658, 14.39435, -1.5],
				"rotation": [-90, -75, 90],
				"cubes": [
					{"origin": [-8.44, 13.5, -7.49], "size": [0.01, 1, 3], "uv": [14, 43]}
				]
			},
			{
				"name": "wan8",
				"parent": "wan7",
				"pivot": [-8.41658, 13.39435, -1.5],
				"rotation": [0, 0, -7.5]
			},
			{
				"name": "wan9",
				"parent": "wan7",
				"pivot": [-8.41658, 13.39435, -1.5],
				"rotation": [0, 0, -7.5],
				"cubes": [
					{"origin": [-8.44005, 12.49782, -7.49], "size": [0.01, 1, 3], "uv": [42, 31]}
				]
			},
			{
				"name": "nei3",
				"parent": "wan7",
				"pivot": [-8.41658, 14.39435, -1.5],
				"rotation": [0, 0, -12.5],
				"cubes": [
					{"origin": [-8.44024, 13.49784, -7.49], "size": [0.01, 1, 3], "uv": [42, 30]}
				]
			},
			{
				"name": "n4",
				"parent": "nei3",
				"pivot": [-8.41658, 14.39435, -1.5],
				"cubes": [
					{"origin": [-8.44024, 12.24784, -7.49], "size": [0.01, 1.25, 3], "uv": [14, 42]}
				]
			},
			{
				"name": "n5",
				"parent": "n4",
				"pivot": [-8.41658, 12.39435, -1.5],
				"rotation": [0, 0, 25],
				"cubes": [
					{"origin": [-8.33365, 11.27136, -7.49], "size": [0.01, 1, 3], "uv": [12, 39]}
				]
			},
			{
				"name": "wan10",
				"parent": "armRight",
				"pivot": [-8.41658, 14.39435, 5.5],
				"rotation": [180, 0, 165],
				"cubes": [
					{"origin": [-14.2259, 11.94967, 9.5], "size": [0.01, 1, 3], "uv": [38, 20]}
				]
			},
			{
				"name": "wan11",
				"parent": "wan10",
				"pivot": [-8.41658, 13.39435, 5.5],
				"rotation": [0, 0, -7.5]
			},
			{
				"name": "wan12",
				"parent": "wan10",
				"pivot": [-8.41658, 13.39435, 5.5],
				"rotation": [0, 0, -7.5],
				"cubes": [
					{"origin": [-14.3788, 11.71597, 9.5], "size": [0.01, 1, 3], "uv": [12, 38]}
				]
			},
			{
				"name": "nei4",
				"parent": "wan10",
				"pivot": [-8.41658, 14.39435, 5.5],
				"rotation": [0, 0, -12.5],
				"cubes": [
					{"origin": [-14.42454, 13.23656, 9.5], "size": [0.01, 1, 3], "uv": [12, 37]}
				]
			},
			{
				"name": "n6",
				"parent": "nei4",
				"pivot": [-8.41658, 14.39435, 5.5],
				"cubes": [
					{"origin": [-14.42454, 11.98656, 9.5], "size": [0.01, 1.25, 3], "uv": [36, 6]}
				]
			},
			{
				"name": "n7",
				"parent": "n6",
				"pivot": [-8.41658, 12.39435, 5.5],
				"rotation": [0, 0, 25],
				"cubes": [
					{"origin": [-13.64684, 8.50549, 9.5], "size": [0.01, 1, 3], "uv": [36, 5]}
				]
			},
			{
				"name": "armLeft",
				"pivot": [3, 17.55, 0],
				"rotation": [0, 0, -25],
				"cubes": [
					{"origin": [2.93643, 8.52795, -1], "size": [2, 8, 2], "uv": [0, 0]},
					{"origin": [2.43643, 14.52795, -1.5], "size": [3, 3, 3], "uv": [45, 33]}
				]
			},
			{
				"name": "wan13",
				"parent": "armLeft",
				"pivot": [2.34077, 14.50453, -1.5],
				"rotation": [0, 0, 15],
				"cubes": [
					{"origin": [2.43643, 13.52795, -1.5], "size": [0.01, 1, 3], "uv": [12, 36]}
				]
			},
			{
				"name": "wan14",
				"parent": "wan13",
				"pivot": [2.34077, 13.50453, -1.5],
				"rotation": [0, 0, -7.5],
				"cubes": [
					{"origin": [2.43647, 12.52708, -1.5], "size": [0.01, 1, 3], "uv": [32, 19]}
				]
			},
			{
				"name": "wan15",
				"parent": "wan13",
				"pivot": [2.34077, 13.50453, -1.5],
				"rotation": [0, 0, -7.5],
				"cubes": [
					{"origin": [2.43647, 12.52708, -1.5], "size": [0.01, 1, 3], "uv": [32, 19]}
				]
			},
			{
				"name": "nei5",
				"parent": "wan13",
				"pivot": [2.34077, 14.50453, -1.5],
				"rotation": [0, 0, -12.5],
				"cubes": [
					{"origin": [2.43643, 13.52795, -1.5], "size": [0.01, 1, 3], "uv": [30, 32]}
				]
			},
			{
				"name": "n8",
				"parent": "nei5",
				"pivot": [2.34077, 14.50453, -1.5],
				"cubes": [
					{"origin": [2.43643, 12.27795, -1.5], "size": [0.01, 1.25, 3], "uv": [24, 32]}
				]
			},
			{
				"name": "n9",
				"parent": "n8",
				"pivot": [2.34077, 12.50453, -1.5],
				"rotation": [0, 0, 25],
				"cubes": [
					{"origin": [2.54302, 11.29715, -1.5], "size": [0.01, 1, 3], "uv": [30, 31]}
				]
			},
			{
				"name": "wan16",
				"parent": "armLeft",
				"pivot": [-0.65923, 14.50453, -1.5],
				"rotation": [90, 75, 90],
				"cubes": [
					{"origin": [-3.45135, 12.75149, 1.49], "size": [0.01, 1, 3], "uv": [24, 31]}
				]
			},
			{
				"name": "wan17",
				"parent": "wan16",
				"pivot": [-0.65923, 13.50453, -1.5],
				"rotation": [0, 0, -7.5]
			},
			{
				"name": "wan18",
				"parent": "wan16",
				"pivot": [-0.65923, 13.50453, -1.5],
				"rotation": [0, 0, -7.5],
				"cubes": [
					{"origin": [-3.52795, 12.13419, 1.49], "size": [0.01, 1, 3], "uv": [30, 5]}
				]
			},
			{
				"name": "nei6",
				"parent": "wan16",
				"pivot": [-0.65923, 14.50453, -1.5],
				"rotation": [0, 0, -12.5],
				"cubes": [
					{"origin": [-3.55095, 13.39493, 1.49], "size": [0.01, 1, 3], "uv": [0, 30]}
				]
			},
			{
				"name": "n10",
				"parent": "nei6",
				"pivot": [-0.65923, 14.50453, -1.5],
				"cubes": [
					{"origin": [-3.55095, 12.14493, 1.49], "size": [0.01, 1.25, 3], "uv": [18, 29]}
				]
			},
			{
				"name": "n11",
				"parent": "n10",
				"pivot": [-0.65923, 12.50453, -1.5],
				"rotation": [0, 0, 25],
				"cubes": [
					{"origin": [-3.10825, 9.91406, 1.49], "size": [0.01, 1, 3], "uv": [0, 29]}
				]
			},
			{
				"name": "wan19",
				"parent": "armLeft",
				"pivot": [-0.65923, 14.50453, -1.5],
				"rotation": [-90, -75, 90],
				"cubes": [
					{"origin": [-0.55357, 13.52795, -7.49], "size": [0.01, 1, 3], "uv": [24, 28]}
				]
			},
			{
				"name": "wan20",
				"parent": "wan19",
				"pivot": [-0.65923, 13.50453, -1.5],
				"rotation": [0, 0, -7.5]
			},
			{
				"name": "wan21",
				"parent": "wan19",
				"pivot": [-0.65923, 13.50453, -1.5],
				"rotation": [0, 0, -7.5],
				"cubes": [
					{"origin": [-0.55362, 12.52577, -7.49], "size": [0.01, 1, 3], "uv": [0, 28]}
				]
			},
			{
				"name": "nei7",
				"parent": "wan19",
				"pivot": [-0.65923, 14.50453, -1.5],
				"rotation": [0, 0, -12.5],
				"cubes": [
					{"origin": [-0.55381, 13.52578, -7.49], "size": [0.01, 1, 3], "uv": [24, 27]}
				]
			},
			{
				"name": "n12",
				"parent": "nei7",
				"pivot": [-0.65923, 14.50453, -1.5],
				"cubes": [
					{"origin": [-0.55381, 12.27578, -7.49], "size": [0.01, 1.25, 3], "uv": [18, 27]}
				]
			},
			{
				"name": "n13",
				"parent": "n12",
				"pivot": [-0.65923, 12.50453, -1.5],
				"rotation": [0, 0, 25],
				"cubes": [
					{"origin": [-0.44722, 11.29931, -7.49], "size": [0.01, 1, 3], "uv": [0, 27]}
				]
			},
			{
				"name": "wan22",
				"parent": "armLeft",
				"pivot": [-0.65923, 14.50453, 5.5],
				"rotation": [180, 0, 165],
				"cubes": [
					{"origin": [-6.33947, 11.97762, 9.5], "size": [0.01, 1, 3], "uv": [24, 26]}
				]
			},
			{
				"name": "wan23",
				"parent": "wan22",
				"pivot": [-0.65923, 13.50453, 5.5],
				"rotation": [0, 0, -7.5]
			},
			{
				"name": "wan24",
				"parent": "wan22",
				"pivot": [-0.65923, 13.50453, 5.5],
				"rotation": [0, 0, -7.5],
				"cubes": [
					{"origin": [-6.49237, 11.74392, 9.5], "size": [0.01, 1, 3], "uv": [0, 26]}
				]
			},
			{
				"name": "nei8",
				"parent": "wan22",
				"pivot": [-0.65923, 14.50453, 5.5],
				"rotation": [0, 0, -12.5],
				"cubes": [
					{"origin": [-6.53811, 13.2645, 9.5], "size": [0.01, 1, 3], "uv": [24, 25]}
				]
			},
			{
				"name": "n14",
				"parent": "nei8",
				"pivot": [-0.65923, 14.50453, 5.5],
				"cubes": [
					{"origin": [-6.53811, 12.0145, 9.5], "size": [0.01, 1.25, 3], "uv": [18, 25]}
				]
			},
			{
				"name": "n15",
				"parent": "n14",
				"pivot": [-0.65923, 12.50453, 5.5],
				"rotation": [0, 0, 25],
				"cubes": [
					{"origin": [-5.76041, 8.53344, 9.5], "size": [0.01, 1, 3], "uv": [0, 25]}
				]
			},
			{
				"name": "body",
				"pivot": [0, 10.5, 0],
				"cubes": [
					{"origin": [-3, 12.999, -3], "size": [6, 5, 6], "uv": [0, 28]}
				]
			},
			{
				"name": "bone",
				"parent": "body",
				"pivot": [0, 0.75, 0],
				"cubes": [
					{"origin": [-2.55, 11.985, -2.545], "size": [5.1, 2.04, 5.1], "uv": [24, 13]},
					{"origin": [-2, 10.75, -2], "size": [4, 2, 4], "uv": [0, 39]}
				]
			},
			{
				"name": "hudie",
				"parent": "body",
				"pivot": [0.4, 11.25, -5.85],
				"cubes": [
					{"origin": [-0.4, 16.05, -3.25], "size": [0.8, 0.8, 0.008], "uv": [40, 95]},
					{"origin": [-2.8, 16.05, -3.25], "size": [0.8, 0.8, 0.008], "uv": [37, 28]},
					{"origin": [0.4, 15.25, -3.25], "size": [0.8, 0.8, 0.008], "uv": [39, 30]},
					{"origin": [-2, 15.25, -3.25], "size": [0.8, 0.8, 0.008], "uv": [33, 29]},
					{"origin": [-2, 16.85, -3.25], "size": [0.8, 0.8, 0.008], "uv": [33, 28]},
					{"origin": [1.2, 15.25, -3.25], "size": [0.8, 0.8, 0.008], "uv": [33, 29]},
					{"origin": [-1.2, 15.25, -3.25], "size": [0.8, 0.8, 0.008], "uv": [24, 3]},
					{"origin": [-1.2, 16.85, -3.25], "size": [0.8, 0.8, 0.008], "uv": [16, 2]},
					{"origin": [0.4, 16.85, -3.25], "size": [0.8, 0.8, 0.008], "uv": [19, 10]},
					{"origin": [1.2, 16.85, -3.25], "size": [0.8, 0.8, 0.008], "uv": [12, 2]},
					{"origin": [2, 16.05, -3.25], "size": [0.8, 0.8, 0.008], "uv": [12, 11]}
				]
			},
			{
				"name": "hudie2",
				"parent": "body",
				"pivot": [-0.6, 4.75, -0.75],
				"rotation": [-172.5, 0, 180],
				"cubes": [
					{"origin": [-1.66848, 11.16088, 2.72256], "size": [1.06848, 1.06848, 0.01068], "uv": [65, 38]}
				]
			},
			{
				"name": "bone38",
				"parent": "hudie2",
				"pivot": [-0.6, 4.75, -0.75],
				"rotation": [0, 5, 0],
				"cubes": [
					{"origin": [-3.03648, 12.22936, 2.61618], "size": [1.06848, 1.06848, 0.01068], "uv": [64, 16]},
					{"origin": [-4.10496, 12.22936, 2.61618], "size": [1.06848, 1.06848, 0.01068], "uv": [64, 29]},
					{"origin": [-3.03648, 10.0924, 2.61618], "size": [1.06848, 1.06848, 0.01068], "uv": [64, 22]},
					{"origin": [-4.10496, 10.0924, 2.61618], "size": [1.06848, 1.06848, 0.01068], "uv": [65, 30]},
					{"origin": [-5.17344, 11.16088, 2.61618], "size": [1.06848, 1.06848, 0.01068], "uv": [65, 37]}
				]
			},
			{
				"name": "bone129",
				"parent": "hudie2",
				"pivot": [-0.6, 4.75, -0.75],
				"rotation": [0, -5, 0],
				"cubes": [
					{"origin": [-0.29642, 12.22936, 2.70931], "size": [1.06848, 1.06848, 0.01068], "uv": [64, 15]},
					{"origin": [0.77206, 12.22936, 2.70931], "size": [1.06848, 1.06848, 0.01068], "uv": [64, 1]},
					{"origin": [1.84054, 11.16088, 2.70931], "size": [1.06848, 1.06848, 0.01068], "uv": [64, 0]},
					{"origin": [0.77206, 10.0924, 2.70931], "size": [1.06848, 1.06848, 0.01068], "uv": [64, 23]},
					{"origin": [-0.29642, 10.0924, 2.70931], "size": [1.06848, 1.06848, 0.01068], "uv": [65, 36]}
				]
			},
			{
				"name": "caidai1",
				"parent": "body",
				"pivot": [0, 10.5, 0],
				"cubes": [
					{"origin": [-0.5, 12.3, 2.8], "size": [1, 1, 0.25], "uv": [0, 0]}
				]
			},
			{
				"name": "bone146",
				"parent": "caidai1",
				"pivot": [0.5, 12.3, 0.8],
				"rotation": [-20, 0, -20]
			},
			{
				"name": "bone145",
				"parent": "bone146",
				"pivot": [-18.39941, 10.83324, 0],
				"rotation": [0, 0, 44.72211],
				"cubes": [
					{"origin": [-17.13103, 16.43468, 2.79733], "size": [1, 0.01, 1], "uv": [23, 15]}
				]
			},
			{
				"name": "bone143",
				"parent": "bone146",
				"pivot": [-16.89551, 9.51683, 0],
				"rotation": [0, 0, 38.55721],
				"cubes": [
					{"origin": [-15.0387, 14.84228, 2.79733], "size": [1, 0.01, 1], "uv": [23, 17]}
				]
			},
			{
				"name": "bone144",
				"parent": "bone146",
				"pivot": [-17.67773, 10.14032, 0],
				"rotation": [0, 0, 43.83538],
				"cubes": [
					{"origin": [-16.32294, 15.70598, 2.79733], "size": [1, 0.01, 1], "uv": [23, 16]}
				]
			},
			{
				"name": "bone142",
				"parent": "bone146",
				"pivot": [-15.99512, 9.08077, 0],
				"rotation": [0, 0, 25.84074],
				"cubes": [
					{"origin": [-13.03611, 13.64674, 2.79733], "size": [1, 0.01, 1], "uv": [25, 13]}
				]
			},
			{
				"name": "bone141",
				"parent": "bone146",
				"pivot": [-14.99609, 9.04577, 0],
				"rotation": [0, 0, 2.00679],
				"cubes": [
					{"origin": [-10.52966, 11.62256, 2.79733], "size": [1, 0.01, 1], "uv": [25, 14]}
				]
			},
			{
				"name": "bone140",
				"parent": "bone146",
				"pivot": [-14.07617, 9.43772, 0],
				"rotation": [0, 0, -23.07726],
				"cubes": [
					{"origin": [-9.03287, 9.45401, 2.79733], "size": [1, 0.01, 1], "uv": [25, 15]}
				]
			},
			{
				"name": "bone139",
				"parent": "bone146",
				"pivot": [-13.28027, 10.04371, 0],
				"rotation": [0, 0, -37.28532],
				"cubes": [
					{"origin": [-8.41783, 8.57621, 2.79733], "size": [1, 0.01, 1], "uv": [25, 16]}
				]
			},
			{
				"name": "bone138",
				"parent": "bone146",
				"pivot": [-12.55371, 10.7303, 0],
				"rotation": [0, 0, -43.37989],
				"cubes": [
					{"origin": [-7.88021, 8.64868, 2.79733], "size": [1, 0.01, 1], "uv": [25, 17]}
				]
			},
			{
				"name": "bone137",
				"parent": "bone146",
				"pivot": [-11.84473, 11.43496, 0],
				"rotation": [0, 0, -44.82459],
				"cubes": [
					{"origin": [-7.22551, 9.21096, 2.79733], "size": [1, 0.01, 1], "uv": [29, 29]}
				]
			},
			{
				"name": "bone136",
				"parent": "bone146",
				"pivot": [-11.10645, 12.11001, 0],
				"rotation": [0, 0, -42.43863],
				"cubes": [
					{"origin": [-6.39951, 10.12188, 2.79733], "size": [1, 0.01, 1], "uv": [29, 28]}
				]
			},
			{
				"name": "bone135",
				"parent": "bone146",
				"pivot": [-10.28613, 12.68135, 0],
				"rotation": [0, 0, -34.85666],
				"cubes": [
					{"origin": [-5.36677, 11.46359, 2.79733], "size": [1, 0.01, 1], "uv": [29, 30]}
				]
			},
			{
				"name": "bone134",
				"parent": "bone146",
				"pivot": [-9.33496, 12.99066, 0],
				"rotation": [0, 0, -18.01402],
				"cubes": [
					{"origin": [-4.31668, 13.54024, 2.79733], "size": [1, 0.01, 1], "uv": [29, 31]}
				]
			},
			{
				"name": "bone133",
				"parent": "bone146",
				"pivot": [-8.3457, 12.84372, 0],
				"rotation": [0, 0, 8.44873],
				"cubes": [
					{"origin": [-4.20289, 16.01756, 2.79733], "size": [1, 0.01, 1], "uv": [29, 36]}
				]
			},
			{
				"name": "bone132",
				"parent": "bone146",
				"pivot": [-7.47754, 12.34676, 0],
				"rotation": [0, 0, 29.78802],
				"cubes": [
					{"origin": [-4.84224, 17.17442, 2.79733], "size": [1, 0.01, 1], "uv": [29, 37]}
				]
			},
			{
				"name": "bone131",
				"parent": "bone146",
				"pivot": [-6.71484, 11.69972, 0],
				"rotation": [0, 0, 40.3098],
				"cubes": [
					{"origin": [-5.02225, 17.11005, 2.79733], "size": [1, 0.01, 1], "uv": [29, 38]}
				]
			},
			{
				"name": "bone130",
				"parent": "bone146",
				"pivot": [-6, 11, 0],
				"rotation": [0, 0, 44.38746],
				"cubes": [
					{"origin": [-4.69894, 16.5881, 2.79733], "size": [1, 0.01, 1], "uv": [38, 13]}
				]
			},
			{
				"name": "bone147",
				"parent": "caidai1",
				"pivot": [3.5, 12.3, 0.8],
				"rotation": [167.05239, -2.55868, -160.1577]
			},
			{
				"name": "bone148",
				"parent": "bone147",
				"pivot": [-15.39941, 10.83324, 0],
				"rotation": [0, 0, 44.72211],
				"cubes": [
					{"origin": [-9.58843, 17.33223, -2.03968], "size": [1, 0.01, 1], "uv": [23, 14]}
				]
			},
			{
				"name": "bone149",
				"parent": "bone147",
				"pivot": [-13.89551, 9.51683, 0],
				"rotation": [0, 0, 38.55721],
				"cubes": [
					{"origin": [-7.42599, 15.2468, -2.03968], "size": [1, 0.01, 1], "uv": [23, 13]}
				]
			},
			{
				"name": "bone150",
				"parent": "bone147",
				"pivot": [-14.67773, 10.14032, 0],
				"rotation": [0, 0, 43.83538],
				"cubes": [
					{"origin": [-8.76699, 16.53312, -2.03968], "size": [1, 0.01, 1], "uv": [5, 13]}
				]
			},
			{
				"name": "bone151",
				"parent": "bone147",
				"pivot": [-12.99512, 9.08077, 0],
				"rotation": [0, 0, 25.84074],
				"cubes": [
					{"origin": [-5.4475, 13.02596, -2.03968], "size": [1, 0.01, 1], "uv": [5, 12]}
				]
			},
			{
				"name": "bone152",
				"parent": "bone147",
				"pivot": [-11.99609, 9.04577, 0],
				"rotation": [0, 0, 2.00679],
				"cubes": [
					{"origin": [-3.58321, 9.20052, -2.03968], "size": [1, 0.01, 1], "uv": [7, 9]}
				]
			},
			{
				"name": "bone153",
				"parent": "bone147",
				"pivot": [-11.07617, 9.43772, 0],
				"rotation": [0, 0, -23.07726],
				"cubes": [
					{"origin": [-3.48544, 5.58731, -2.03968], "size": [1, 0.01, 1], "uv": [7, 8]}
				]
			},
			{
				"name": "bone154",
				"parent": "bone147",
				"pivot": [-10.28027, 10.04371, 0],
				"rotation": [0, 0, -37.28532],
				"cubes": [
					{"origin": [-3.89738, 4.20254, -2.03968], "size": [1, 0.01, 1], "uv": [7, 6]}
				]
			},
			{
				"name": "bone155",
				"parent": "bone147",
				"pivot": [-9.55371, 10.7303, 0],
				"rotation": [0, 0, -43.37989],
				"cubes": [
					{"origin": [-3.83271, 4.1383, -2.03968], "size": [1, 0.01, 1], "uv": [7, 5]}
				]
			},
			{
				"name": "bone156",
				"parent": "bone147",
				"pivot": [-8.84473, 11.43496, 0],
				"rotation": [0, 0, -44.82459],
				"cubes": [
					{"origin": [-3.29205, 4.67561, -2.03968], "size": [1, 0.01, 1], "uv": [7, 4]}
				]
			},
			{
				"name": "bone157",
				"parent": "bone147",
				"pivot": [-8.10645, 12.11001, 0],
				"rotation": [0, 0, -42.43863],
				"cubes": [
					{"origin": [-2.27806, 5.62932, -2.03968], "size": [1, 0.01, 1], "uv": [7, 3]}
				]
			},
			{
				"name": "bone158",
				"parent": "bone147",
				"pivot": [-7.28613, 12.68135, 0],
				"rotation": [0, 0, -34.85666],
				"cubes": [
					{"origin": [-0.66235, 7.15828, -2.03968], "size": [1, 0.01, 1], "uv": [7, 2]}
				]
			},
			{
				"name": "bone159",
				"parent": "bone147",
				"pivot": [-6.33496, 12.99066, 0],
				"rotation": [0, 0, -18.01402],
				"cubes": [
					{"origin": [1.56207, 9.91345, -2.03968], "size": [1, 0.01, 1], "uv": [7, 1]}
				]
			},
			{
				"name": "bone160",
				"parent": "bone147",
				"pivot": [-5.3457, 12.84372, 0],
				"rotation": [0, 0, 8.44873],
				"cubes": [
					{"origin": [2.99038, 14.05359, -2.03968], "size": [1, 0.01, 1], "uv": [7, 0]}
				]
			},
			{
				"name": "bone161",
				"parent": "bone147",
				"pivot": [-4.47754, 12.34676, 0],
				"rotation": [0, 0, 29.78802],
				"cubes": [
					{"origin": [2.77822, 16.87099, -2.03968], "size": [1, 0.01, 1], "uv": [7, 7]}
				]
			},
			{
				"name": "bone162",
				"parent": "bone147",
				"pivot": [-3.71484, 11.69972, 0],
				"rotation": [0, 0, 40.3098],
				"cubes": [
					{"origin": [2.57594, 17.65546, -2.03968], "size": [1, 0.01, 1], "uv": [5, 1]}
				]
			},
			{
				"name": "bone163",
				"parent": "bone147",
				"pivot": [-3, 11, 0],
				"rotation": [0, 0, 44.38746],
				"cubes": [
					{"origin": [2.84882, 17.4591, -2.03968], "size": [1, 0.01, 1], "uv": [5, 0]}
				]
			},
			{
				"name": "sittingRotationSkirt",
				"parent": "body",
				"pivot": [0, 10.5, 0]
			},
			{
				"name": "qunzi",
				"parent": "sittingRotationSkirt",
				"pivot": [0, 7, 0]
			},
			{
				"name": "bone2",
				"parent": "qunzi",
				"pivot": [0, 7, 0]
			},
			{
				"name": "bone3",
				"parent": "bone2",
				"pivot": [0, 7, 5.27792],
				"rotation": [45, 0, 0]
			},
			{
				"name": "bone4",
				"parent": "bone3",
				"pivot": [0, 7, 5.27792],
				"rotation": [0, -45, 0],
				"cubes": [
					{"origin": [-1, 8, 4.27792], "size": [2, 5, 2], "uv": [65, 29]}
				]
			},
			{
				"name": "bone5",
				"parent": "qunzi",
				"pivot": [0, 7, 0],
				"rotation": [0, -30, 0]
			},
			{
				"name": "bone6",
				"parent": "bone5",
				"pivot": [0, 7, 5.27792],
				"rotation": [45, 0, 0]
			},
			{
				"name": "bone7",
				"parent": "bone6",
				"pivot": [0, 7, 5.27792],
				"rotation": [0, -45, 0],
				"cubes": [
					{"origin": [-1, 8, 4.27792], "size": [2, 5, 2], "uv": [63, 65]}
				]
			},
			{
				"name": "bone8",
				"parent": "qunzi",
				"pivot": [0, 7, 0],
				"rotation": [0, -60, 0]
			},
			{
				"name": "bone9",
				"parent": "bone8",
				"pivot": [0, 7, 5.27792],
				"rotation": [45, 0, 0]
			},
			{
				"name": "bone10",
				"parent": "bone9",
				"pivot": [0, 7, 5.27792],
				"rotation": [0, -45, 0],
				"cubes": [
					{"origin": [-1, 8, 4.27792], "size": [2, 5, 2], "uv": [8, 65]}
				]
			},
			{
				"name": "bone11",
				"parent": "qunzi",
				"pivot": [0, 7, 0],
				"rotation": [0, -90, 0]
			},
			{
				"name": "bone12",
				"parent": "bone11",
				"pivot": [0, 7, 5.27792],
				"rotation": [45, 0, 0]
			},
			{
				"name": "bone13",
				"parent": "bone12",
				"pivot": [0, 7, 5.27792],
				"rotation": [0, -45, 0],
				"cubes": [
					{"origin": [-1, 8, 4.27792], "size": [2, 5, 2], "uv": [0, 65]}
				]
			},
			{
				"name": "bone14",
				"parent": "qunzi",
				"pivot": [0, 7, 0],
				"rotation": [0, -120, 0]
			},
			{
				"name": "bone15",
				"parent": "bone14",
				"pivot": [0, 7, 5.27792],
				"rotation": [45, 0, 0]
			},
			{
				"name": "bone16",
				"parent": "bone15",
				"pivot": [0, 7, 5.27792],
				"rotation": [0, -45, 0],
				"cubes": [
					{"origin": [-1, 8, 4.27792], "size": [2, 5, 2], "uv": [64, 22]}
				]
			},
			{
				"name": "bone17",
				"parent": "qunzi",
				"pivot": [0, 7, 0],
				"rotation": [0, -150, 0]
			},
			{
				"name": "bone18",
				"parent": "bone17",
				"pivot": [0, 7, 5.27792],
				"rotation": [45, 0, 0]
			},
			{
				"name": "bone19",
				"parent": "bone18",
				"pivot": [0, 7, 5.27792],
				"rotation": [0, -45, 0],
				"cubes": [
					{"origin": [-1, 8, 4.27792], "size": [2, 5, 2], "uv": [64, 15]}
				]
			},
			{
				"name": "bone20",
				"parent": "qunzi",
				"pivot": [0, 7, 0],
				"rotation": [0, -180, 0]
			},
			{
				"name": "bone21",
				"parent": "bone20",
				"pivot": [0, 7, 5.27792],
				"rotation": [45, 0, 0]
			},
			{
				"name": "bone22",
				"parent": "bone21",
				"pivot": [0, 7, 5.27792],
				"rotation": [0, -45, 0],
				"cubes": [
					{"origin": [-1, 8, 4.27792], "size": [2, 5, 2], "uv": [36, 64]}
				]
			},
			{
				"name": "bone23",
				"parent": "qunzi",
				"pivot": [0, 7, 0],
				"rotation": [0, -210, 0]
			},
			{
				"name": "bone24",
				"parent": "bone23",
				"pivot": [0, 7, 5.27792],
				"rotation": [45, 0, 0]
			},
			{
				"name": "bone25",
				"parent": "bone24",
				"pivot": [0, 7, 5.27792],
				"rotation": [0, -45, 0],
				"cubes": [
					{"origin": [-1, 8, 4.27792], "size": [2, 5, 2], "uv": [24, 64]}
				]
			},
			{
				"name": "bone26",
				"parent": "qunzi",
				"pivot": [0, 7, 0],
				"rotation": [0, -240, 0]
			},
			{
				"name": "bone27",
				"parent": "bone26",
				"pivot": [0, 7, 5.27792],
				"rotation": [45, 0, 0]
			},
			{
				"name": "bone28",
				"parent": "bone27",
				"pivot": [0, 7, 5.27792],
				"rotation": [0, -45, 0],
				"cubes": [
					{"origin": [-1, 8, 4.27792], "size": [2, 5, 2], "uv": [63, 51]}
				]
			},
			{
				"name": "bone29",
				"parent": "qunzi",
				"pivot": [0, 7, 0],
				"rotation": [0, -270, 0]
			},
			{
				"name": "bone30",
				"parent": "bone29",
				"pivot": [0, 7, 5.27792],
				"rotation": [45, 0, 0]
			},
			{
				"name": "bone31",
				"parent": "bone30",
				"pivot": [0, 7, 5.27792],
				"rotation": [0, -45, 0],
				"cubes": [
					{"origin": [-1, 8, 4.27792], "size": [2, 5, 2], "uv": [62, 8]}
				]
			},
			{
				"name": "bone32",
				"parent": "qunzi",
				"pivot": [0, 7, 0],
				"rotation": [0, -300, 0]
			},
			{
				"name": "bone33",
				"parent": "bone32",
				"pivot": [0, 7, 5.27792],
				"rotation": [45, 0, 0]
			},
			{
				"name": "bone34",
				"parent": "bone33",
				"pivot": [0, 7, 5.27792],
				"rotation": [0, -45, 0],
				"cubes": [
					{"origin": [-1, 8, 4.27792], "size": [2, 5, 2], "uv": [45, 61]}
				]
			},
			{
				"name": "bone35",
				"parent": "qunzi",
				"pivot": [0, 7, 0],
				"rotation": [0, -330, 0]
			},
			{
				"name": "bone36",
				"parent": "bone35",
				"pivot": [0, 7, 5.27792],
				"rotation": [45, 0, 0]
			},
			{
				"name": "bone37",
				"parent": "bone36",
				"pivot": [0, 7, 5.27792],
				"rotation": [0, -45, 0],
				"cubes": [
					{"origin": [-1, 8, 4.27792], "size": [2, 5, 2], "uv": [59, 38]}
				]
			},
			{
				"name": "qunzi2",
				"parent": "sittingRotationSkirt",
				"pivot": [0, -0.5, 0]
			},
			{
				"name": "bone39",
				"parent": "qunzi2",
				"pivot": [0, -0.5, 0]
			},
			{
				"name": "bone40",
				"parent": "bone39",
				"pivot": [0, -0.5, 6.19607],
				"rotation": [23, 0, 0]
			},
			{
				"name": "bone41",
				"parent": "bone40",
				"pivot": [0, -0.5, 6.19607],
				"rotation": [0, -45, 0],
				"cubes": [
					{"origin": [-1, 5.5, 5.19607], "size": [2, 6, 2], "uv": [16, 60]}
				]
			},
			{
				"name": "bone42",
				"parent": "qunzi2",
				"pivot": [0, -0.5, 0],
				"rotation": [0, -25.71429, 0]
			},
			{
				"name": "bone43",
				"parent": "bone42",
				"pivot": [0, -0.5, 6.19607],
				"rotation": [23, 0, 0]
			},
			{
				"name": "bone44",
				"parent": "bone43",
				"pivot": [0, -0.5, 6.19607],
				"rotation": [0, -45, 0],
				"cubes": [
					{"origin": [-1, 5.5, 5.19607], "size": [2, 6, 2], "uv": [57, 59]}
				]
			},
			{
				"name": "bone45",
				"parent": "qunzi2",
				"pivot": [0, -0.5, 0],
				"rotation": [0, -51.42857, 0]
			},
			{
				"name": "bone46",
				"parent": "bone45",
				"pivot": [0, -0.5, 6.19607],
				"rotation": [23, 0, 0]
			},
			{
				"name": "bone47",
				"parent": "bone46",
				"pivot": [0, -0.5, 6.19607],
				"rotation": [0, -45, 0],
				"cubes": [
					{"origin": [-1, 5.5, 5.19607], "size": [2, 6, 2], "uv": [58, 0]}
				]
			},
			{
				"name": "bone48",
				"parent": "qunzi2",
				"pivot": [0, -0.5, 0],
				"rotation": [0, -77.14286, 0]
			},
			{
				"name": "bone49",
				"parent": "bone48",
				"pivot": [0, -0.5, 6.19607],
				"rotation": [23, 0, 0]
			},
			{
				"name": "bone50",
				"parent": "bone49",
				"pivot": [0, -0.5, 6.19607],
				"rotation": [0, -45, 0],
				"cubes": [
					{"origin": [-1, 5.5, 5.19607], "size": [2, 6, 2], "uv": [30, 58]}
				]
			},
			{
				"name": "bone51",
				"parent": "qunzi2",
				"pivot": [0, -0.5, 0],
				"rotation": [0, -102.85714, 0]
			},
			{
				"name": "bone52",
				"parent": "bone51",
				"pivot": [0, -0.5, 6.19607],
				"rotation": [23, 0, 0]
			},
			{
				"name": "bone53",
				"parent": "bone52",
				"pivot": [0, -0.5, 6.19607],
				"rotation": [0, -45, 0],
				"cubes": [
					{"origin": [-1, 5.5, 5.19607], "size": [2, 6, 2], "uv": [57, 45]}
				]
			},
			{
				"name": "bone54",
				"parent": "qunzi2",
				"pivot": [0, -0.5, 0],
				"rotation": [0, -128.57143, 0]
			},
			{
				"name": "bone55",
				"parent": "bone54",
				"pivot": [0, -0.5, 6.19607],
				"rotation": [23, 0, 0]
			},
			{
				"name": "bone56",
				"parent": "bone55",
				"pivot": [0, -0.5, 6.19607],
				"rotation": [0, -45, 0],
				"cubes": [
					{"origin": [-1, 5.5, 5.19607], "size": [2, 6, 2], "uv": [57, 30]}
				]
			},
			{
				"name": "bone57",
				"parent": "qunzi2",
				"pivot": [0, -0.5, 0],
				"rotation": [0, -154.28571, 0]
			},
			{
				"name": "bone58",
				"parent": "bone57",
				"pivot": [0, -0.5, 6.19607],
				"rotation": [23, 0, 0]
			},
			{
				"name": "bone59",
				"parent": "bone58",
				"pivot": [0, -0.5, 6.19607],
				"rotation": [0, -45, 0],
				"cubes": [
					{"origin": [-1, 5.5, 5.19607], "size": [2, 6, 2], "uv": [8, 57]}
				]
			},
			{
				"name": "bone60",
				"parent": "qunzi2",
				"pivot": [0, -0.5, 0],
				"rotation": [0, -180, 0]
			},
			{
				"name": "bone61",
				"parent": "bone60",
				"pivot": [0, -0.5, 6.19607],
				"rotation": [23, 0, 0]
			},
			{
				"name": "bone62",
				"parent": "bone61",
				"pivot": [0, -0.5, 6.19607],
				"rotation": [0, -45, 0],
				"cubes": [
					{"origin": [-1, 5.5, 5.19607], "size": [2, 6, 2], "uv": [0, 57]}
				]
			},
			{
				"name": "bone63",
				"parent": "qunzi2",
				"pivot": [0, -0.5, 0],
				"rotation": [0, -205.71429, 0]
			},
			{
				"name": "bone64",
				"parent": "bone63",
				"pivot": [0, -0.5, 6.19607],
				"rotation": [23, 0, 0]
			},
			{
				"name": "bone65",
				"parent": "bone64",
				"pivot": [0, -0.5, 6.19607],
				"rotation": [0, -45, 0],
				"cubes": [
					{"origin": [-1, 5.5, 5.19607], "size": [2, 6, 2], "uv": [56, 22]}
				]
			},
			{
				"name": "bone66",
				"parent": "qunzi2",
				"pivot": [0, -0.5, 0],
				"rotation": [0, -231.42857, 0]
			},
			{
				"name": "bone67",
				"parent": "bone66",
				"pivot": [0, -0.5, 6.19607],
				"rotation": [23, 0, 0]
			},
			{
				"name": "bone68",
				"parent": "bone67",
				"pivot": [0, -0.5, 6.19607],
				"rotation": [0, -45, 0],
				"cubes": [
					{"origin": [-1, 5.5, 5.19607], "size": [2, 6, 2], "uv": [56, 14]}
				]
			},
			{
				"name": "bone69",
				"parent": "qunzi2",
				"pivot": [0, -0.5, 0],
				"rotation": [0, -257.14286, 0]
			},
			{
				"name": "bone70",
				"parent": "bone69",
				"pivot": [0, -0.5, 6.19607],
				"rotation": [23, 0, 0]
			},
			{
				"name": "bone71",
				"parent": "bone70",
				"pivot": [0, -0.5, 6.19607],
				"rotation": [0, -45, 0],
				"cubes": [
					{"origin": [-1, 5.5, 5.19607], "size": [2, 6, 2], "uv": [39, 55]}
				]
			},
			{
				"name": "bone72",
				"parent": "qunzi2",
				"pivot": [0, -0.5, 0],
				"rotation": [0, -282.85714, 0]
			},
			{
				"name": "bone73",
				"parent": "bone72",
				"pivot": [0, -0.5, 6.19607],
				"rotation": [23, 0, 0]
			},
			{
				"name": "bone74",
				"parent": "bone73",
				"pivot": [0, -0.5, 6.19607],
				"rotation": [0, -45, 0],
				"cubes": [
					{"origin": [-1, 5.5, 5.19607], "size": [2, 6, 2], "uv": [52, 6]}
				]
			},
			{
				"name": "bone75",
				"parent": "qunzi2",
				"pivot": [0, -0.5, 0],
				"rotation": [0, -308.57143, 0]
			},
			{
				"name": "bone76",
				"parent": "bone75",
				"pivot": [0, -0.5, 6.19607],
				"rotation": [23, 0, 0]
			},
			{
				"name": "bone77",
				"parent": "bone76",
				"pivot": [0, -0.5, 6.19607],
				"rotation": [0, -45, 0],
				"cubes": [
					{"origin": [-1, 5.5, 5.19607], "size": [2, 6, 2], "uv": [51, 39]}
				]
			},
			{
				"name": "bone78",
				"parent": "qunzi2",
				"pivot": [0, -0.5, 0],
				"rotation": [0, -334.28571, 0]
			},
			{
				"name": "bone79",
				"parent": "bone78",
				"pivot": [0, -0.5, 6.19607],
				"rotation": [23, 0, 0]
			},
			{
				"name": "bone80",
				"parent": "bone79",
				"pivot": [0, -0.5, 6.19607],
				"rotation": [0, -45, 0],
				"cubes": [
					{"origin": [-1, 5.5, 5.19607], "size": [2, 6, 2], "uv": [0, 12]}
				]
			},
			{
				"name": "qunzi3",
				"parent": "sittingRotationSkirt",
				"pivot": [0, 5.75, 0]
			},
			{
				"name": "bone81",
				"parent": "qunzi3",
				"pivot": [0, 5.75, 0]
			},
			{
				"name": "bone82",
				"parent": "bone81",
				"pivot": [0, 5.75, 7.10973],
				"rotation": [45, 0, 0]
			},
			{
				"name": "bone83",
				"parent": "bone82",
				"pivot": [0, 5.75, 7.10973],
				"rotation": [0, -45, 0]
			},
			{
				"name": "bone84",
				"parent": "qunzi3",
				"pivot": [0, 5.75, 0],
				"rotation": [0, -22.5, 0]
			},
			{
				"name": "bone85",
				"parent": "bone84",
				"pivot": [0, 5.75, 7.10973],
				"rotation": [45, 0, 0]
			},
			{
				"name": "bone86",
				"parent": "bone85",
				"pivot": [0, 5.75, 7.10973],
				"rotation": [0, -45, 0]
			},
			{
				"name": "bone87",
				"parent": "qunzi3",
				"pivot": [0, 5.75, 0],
				"rotation": [0, -45, 0]
			},
			{
				"name": "bone88",
				"parent": "bone87",
				"pivot": [0, 5.75, 7.10973],
				"rotation": [45, 0, 0]
			},
			{
				"name": "bone89",
				"parent": "bone88",
				"pivot": [0, 5.75, 7.10973],
				"rotation": [0, -45, 0],
				"cubes": [
					{"origin": [-1, 3.75, 6.10973], "size": [2, 10, 2], "uv": [44, 6]}
				]
			},
			{
				"name": "bone90",
				"parent": "qunzi3",
				"pivot": [0, 5.75, 0],
				"rotation": [0, -67.5, 0]
			},
			{
				"name": "bone91",
				"parent": "bone90",
				"pivot": [0, 5.75, 7.10973],
				"rotation": [45, 0, 0]
			},
			{
				"name": "bone92",
				"parent": "bone91",
				"pivot": [0, 5.75, 7.10973],
				"rotation": [0, -45, 0],
				"cubes": [
					{"origin": [-1, 3.75, 6.10973], "size": [2, 10, 2], "uv": [48, 18]}
				]
			},
			{
				"name": "bone93",
				"parent": "qunzi3",
				"pivot": [0, 5.75, 0],
				"rotation": [0, -90, 0]
			},
			{
				"name": "bone94",
				"parent": "bone93",
				"pivot": [0, 5.75, 7.10973],
				"rotation": [45, 0, 0]
			},
			{
				"name": "bone95",
				"parent": "bone94",
				"pivot": [0, 5.75, 7.10973],
				"rotation": [0, -45, 0],
				"cubes": [
					{"origin": [-1, 3.75, 6.10973], "size": [2, 10, 2], "uv": [24, 48]}
				]
			},
			{
				"name": "bone96",
				"parent": "qunzi3",
				"pivot": [0, 5.75, 0],
				"rotation": [0, -112.5, 0]
			},
			{
				"name": "bone97",
				"parent": "bone96",
				"pivot": [0, 5.75, 7.10973],
				"rotation": [45, 0, 0]
			},
			{
				"name": "bone98",
				"parent": "bone97",
				"pivot": [0, 5.75, 7.10973],
				"rotation": [0, -45, 0],
				"cubes": [
					{"origin": [-1, 3.75, 6.10973], "size": [2, 10, 2], "uv": [16, 48]}
				]
			},
			{
				"name": "bone99",
				"parent": "qunzi3",
				"pivot": [0, 5.75, 0],
				"rotation": [0, -135, 0]
			},
			{
				"name": "bone100",
				"parent": "bone99",
				"pivot": [0, 5.75, 7.10973],
				"rotation": [45, 0, 0]
			},
			{
				"name": "bone101",
				"parent": "bone100",
				"pivot": [0, 5.75, 7.10973],
				"rotation": [0, -45, 0]
			},
			{
				"name": "bone102",
				"parent": "qunzi3",
				"pivot": [0, 5.75, 0],
				"rotation": [0, -157.5, 0]
			},
			{
				"name": "bone103",
				"parent": "bone102",
				"pivot": [0, 5.75, 7.10973],
				"rotation": [45, 0, 0]
			},
			{
				"name": "bone104",
				"parent": "bone103",
				"pivot": [0, 5.75, 7.10973],
				"rotation": [0, -45, 0]
			},
			{
				"name": "bone105",
				"parent": "qunzi3",
				"pivot": [0, 5.75, 0],
				"rotation": [0, -180, 0]
			},
			{
				"name": "bone106",
				"parent": "bone105",
				"pivot": [0, 5.75, 7.10973],
				"rotation": [45, 0, 0]
			},
			{
				"name": "bone107",
				"parent": "bone106",
				"pivot": [0, 5.75, 7.10973],
				"rotation": [0, -45, 0]
			},
			{
				"name": "bone108",
				"parent": "qunzi3",
				"pivot": [0, 5.75, 0],
				"rotation": [0, -202.5, 0]
			},
			{
				"name": "bone109",
				"parent": "bone108",
				"pivot": [0, 5.75, 7.10973],
				"rotation": [45, 0, 0]
			},
			{
				"name": "bone110",
				"parent": "bone109",
				"pivot": [0, 5.75, 7.10973],
				"rotation": [0, -45, 0]
			},
			{
				"name": "bone111",
				"parent": "qunzi3",
				"pivot": [0, 5.75, 0],
				"rotation": [0, -225, 0]
			},
			{
				"name": "bone112",
				"parent": "bone111",
				"pivot": [0, 5.75, 7.10973],
				"rotation": [45, 0, 0]
			},
			{
				"name": "bone113",
				"parent": "bone112",
				"pivot": [0, 5.75, 7.10973],
				"rotation": [0, -45, 0]
			},
			{
				"name": "bone114",
				"parent": "qunzi3",
				"pivot": [0, 5.75, 0],
				"rotation": [0, -247.5, 0]
			},
			{
				"name": "bone115",
				"parent": "bone114",
				"pivot": [0, 5.75, 7.10973],
				"rotation": [45, 0, 0]
			},
			{
				"name": "bone116",
				"parent": "bone115",
				"pivot": [0, 5.75, 7.10973],
				"rotation": [0, -45, 0],
				"cubes": [
					{"origin": [-1, 3.75, 6.10973], "size": [2, 10, 2], "uv": [33, 45]}
				]
			},
			{
				"name": "bone117",
				"parent": "qunzi3",
				"pivot": [0, 5.75, 0],
				"rotation": [0, -270, 0]
			},
			{
				"name": "bone118",
				"parent": "bone117",
				"pivot": [0, 5.75, 7.10973],
				"rotation": [45, 0, 0]
			},
			{
				"name": "bone119",
				"parent": "bone118",
				"pivot": [0, 5.75, 7.10973],
				"rotation": [0, -45, 0],
				"cubes": [
					{"origin": [-1, 3.75, 6.10973], "size": [2, 10, 2], "uv": [8, 45]}
				]
			},
			{
				"name": "bone120",
				"parent": "qunzi3",
				"pivot": [0, 5.75, 0],
				"rotation": [0, -292.5, 0]
			},
			{
				"name": "bone121",
				"parent": "bone120",
				"pivot": [0, 5.75, 7.10973],
				"rotation": [45, 0, 0]
			},
			{
				"name": "bone122",
				"parent": "bone121",
				"pivot": [0, 5.75, 7.10973],
				"rotation": [0, -45, 0],
				"cubes": [
					{"origin": [-1, 3.75, 6.10973], "size": [2, 10, 2], "uv": [0, 45]}
				]
			},
			{
				"name": "bone123",
				"parent": "qunzi3",
				"pivot": [0, 5.75, 0],
				"rotation": [0, -315, 0]
			},
			{
				"name": "bone124",
				"parent": "bone123",
				"pivot": [0, 5.75, 7.10973],
				"rotation": [45, 0, 0]
			},
			{
				"name": "bone125",
				"parent": "bone124",
				"pivot": [0, 5.75, 7.10973],
				"rotation": [0, -45, 0],
				"cubes": [
					{"origin": [-1, 3.75, 6.10973], "size": [2, 10, 2], "uv": [43, 43]}
				]
			},
			{
				"name": "bone126",
				"parent": "qunzi3",
				"pivot": [0, 5.75, 0],
				"rotation": [0, -337.5, 0]
			},
			{
				"name": "bone127",
				"parent": "bone126",
				"pivot": [0, 5.75, 7.10973],
				"rotation": [45, 0, 0]
			},
			{
				"name": "legLeft",
				"pivot": [2, 9, 0],
				"cubes": [
					{"origin": [0.499, 0, -1.5], "size": [3, 9, 3], "uv": [21, 36]}
				]
			},
			{
				"name": "legRight",
				"pivot": [-2, 9, 0],
				"cubes": [
					{"origin": [-3.499, 0, -1.5], "size": [3, 9, 3], "uv": [33, 33]}
				]
			}
		]
	}
}