{
	"format_version": "1.10.0",
	"geometry.model": {
		"texturewidth": 128,
		"textureheight": 128,
		"visible_bounds_width": 3,
		"visible_bounds_height": 4,
		"visible_bounds_offset": [0, 1, 0],
		"bones": [
			{
				"name": "head",
				"pivot": [0, 20.9, 0],
				"cubes": [
					{"origin": [-4, 21, -4], "size": [8, 8, 8], "uv": [0, 0]},
					{"origin": [-4, 21, -4], "size": [8, 8, 8], "uv": [32, 0], "inflate": 0.2}
				]
			},
			{
				"name": "blink",
				"parent": "head",
				"pivot": [0, 21, 0],
				"cubes": [
					{"origin": [-4, 21, -4.001], "size": [8, 8, 0], "uv": [81, 22]},
					{"origin": [-4, 21, -4.001], "size": [8, 8, 0], "uv": [81, 32], "inflate": 0.2}
				]
			},
			{
				"name": "headDeco",
				"parent": "head",
				"pivot": [0, 3, -0.8]
			},
			{
				"name": "TrueEventaille",
				"parent": "headDeco",
				"pivot": [-4.2, 26.35, 0.75],
				"rotation": [-5, 25, 0]
			},
			{
				"name": "Eventaille3",
				"parent": "TrueEventaille",
				"pivot": [-4.2, 26.35, 0.8],
				"rotation": [0, 22.5, 0],
				"cubes": [
					{"origin": [-4.1933, 25.1, -2.23848], "size": [1, 2, 3], "uv": [27, 73]}
				]
			},
			{
				"name": "bone13",
				"parent": "TrueEventaille",
				"pivot": [-4.3, 26.3, 0.8],
				"rotation": [-16.32495, 15.69986, -47.26579],
				"cubes": [
					{"origin": [-4.225, 25.3, -2.2385], "size": [1, 1, 3], "uv": [0, 76]}
				]
			},
			{
				"name": "bone15",
				"parent": "TrueEventaille",
				"pivot": [-4.2, 25.7, 1.2],
				"rotation": [8.10272, 37.89321, -43.07133],
				"cubes": [
					{"origin": [-4.125, 24.7, -1.8385], "size": [1, 1, 3], "uv": [0, 76]}
				]
			},
			{
				"name": "bone12",
				"parent": "TrueEventaille",
				"pivot": [-4.3, 26.65, 0.7],
				"rotation": [-26.43597, 4.7174, -45.60845],
				"cubes": [
					{"origin": [-4.33177, 25.6171, -2.10102], "size": [1, 1, 3], "uv": [0, 76]}
				]
			},
			{
				"name": "bone14",
				"parent": "TrueEventaille",
				"pivot": [-4.3, 26.65, 0.7],
				"rotation": [-26.43597, 4.7174, -45.60845],
				"cubes": [
					{"origin": [-4.33177, 25.6171, -2.10102], "size": [1, 1, 3], "uv": [0, 76]}
				]
			},
			{
				"name": "Eventaille4",
				"parent": "TrueEventaille",
				"pivot": [-4.2, 26.35, 0.8],
				"rotation": [-15, 22.5, 0],
				"cubes": [
					{"origin": [-4.1935, 25.1, -2.23848], "size": [1, 2, 3], "uv": [27, 73]}
				]
			},
			{
				"name": "bone11",
				"parent": "TrueEventaille",
				"pivot": [-4.2, 26.3, 0.8],
				"rotation": [-6.48988, 26.08345, -49.50497],
				"cubes": [
					{"origin": [-4.3318, 25.2171, -2.201], "size": [1, 1, 3], "uv": [0, 76]}
				]
			},
			{
				"name": "Eventaille5",
				"parent": "TrueEventaille",
				"pivot": [-4.2, 26.35, 0.8],
				"rotation": [15, 22.5, 0],
				"cubes": [
					{"origin": [-4.19343, 25.1, -2.23848], "size": [1, 2, 3], "uv": [27, 73]}
				]
			},
			{
				"name": "Eventaille6",
				"parent": "TrueEventaille",
				"pivot": [-4.2, 26.35, 0.8],
				"rotation": [30, 22.5, 0],
				"cubes": [
					{"origin": [-4.1936, 25.1, -2.23848], "size": [1, 2, 3], "uv": [27, 73]}
				]
			},
			{
				"name": "Eventaille7",
				"parent": "TrueEventaille",
				"pivot": [-4.2, 26.35, 0.8],
				"rotation": [-30, 22.5, 0],
				"cubes": [
					{"origin": [-4.19343, 25.1, -2.23848], "size": [1, 2, 3], "uv": [27, 73]}
				]
			},
			{
				"name": "Eventaille8",
				"parent": "TrueEventaille",
				"pivot": [-4.3, 27.35, 0.8],
				"rotation": [-36.81273, -2.01523, -36.22754],
				"cubes": [
					{"origin": [-4.29343, 25.32058, -1.78848], "size": [1, 2, 3], "uv": [0, 83]}
				]
			},
			{
				"name": "TrueFlower",
				"parent": "headDeco",
				"pivot": [-5.8, 26.1, -0.9],
				"rotation": [0, -55, 0]
			},
			{
				"name": "Flower",
				"parent": "TrueFlower",
				"pivot": [-5.3, 26.9, -1.9],
				"rotation": [-0.0771, -1.9113, -90.3789]
			},
			{
				"name": "bone",
				"parent": "Flower",
				"pivot": [-6.02257, 38.11594, 1.71075],
				"rotation": [-80, 0, 0],
				"cubes": [
					{"origin": [-5.65687, 32.79184, 11.79255], "size": [1, 1, 0], "uv": [43, 70]}
				]
			},
			{
				"name": "bone2",
				"parent": "Flower",
				"pivot": [-6.02257, 38.11594, 1.71075],
				"rotation": [-80, -72, 0],
				"cubes": [
					{"origin": [-9.69037, 34.43894, 12.08305], "size": [1, 1, 0], "uv": [43, 70]}
				]
			},
			{
				"name": "bone3",
				"parent": "Flower",
				"pivot": [-6.02257, 38.11594, 1.71075],
				"rotation": [-80, -144, 0],
				"cubes": [
					{"origin": [-9.34607, 38.72564, 12.83885], "size": [1, 1, 0], "uv": [43, 70]}
				]
			},
			{
				"name": "bone4",
				"parent": "Flower",
				"pivot": [-5.02257, 27.11594, -2.28925],
				"rotation": [-80, 144, 0],
				"cubes": [
					{"origin": [-5.64197, 26.87234, -2.48125], "size": [1, 1, 0], "uv": [43, 70]}
				]
			},
			{
				"name": "bone5",
				"parent": "Flower",
				"pivot": [-5.02257, 26.11594, -3.28925],
				"rotation": [-80, 72, 0],
				"cubes": [
					{"origin": [-6.88407, 26.72934, -4.34555], "size": [1, 1, 0], "uv": [43, 70]}
				]
			},
			{
				"name": "Flower2",
				"parent": "TrueFlower",
				"pivot": [-5.1, 25.5, -2],
				"rotation": [1.5109, -1.84929, -77.87229]
			},
			{
				"name": "bone6",
				"parent": "Flower2",
				"pivot": [-5.82257, 36.71594, 1.61075],
				"rotation": [-80, 0, 0],
				"cubes": [
					{"origin": [-5.45687, 31.39184, 11.69255], "size": [1, 1, 0], "uv": [43, 70]}
				]
			},
			{
				"name": "bone7",
				"parent": "Flower2",
				"pivot": [-5.82257, 36.71594, 1.61075],
				"rotation": [-80, -72, 0],
				"cubes": [
					{"origin": [-9.49037, 33.03894, 11.98305], "size": [1, 1, 0], "uv": [43, 70]}
				]
			},
			{
				"name": "bone8",
				"parent": "Flower2",
				"pivot": [-5.82257, 36.71594, 1.61075],
				"rotation": [-80, -144, 0],
				"cubes": [
					{"origin": [-9.14607, 37.32564, 12.73885], "size": [1, 1, 0], "uv": [43, 70]}
				]
			},
			{
				"name": "bone9",
				"parent": "Flower2",
				"pivot": [-4.82257, 25.71594, -2.38925],
				"rotation": [-80, 144, 0],
				"cubes": [
					{"origin": [-5.44197, 25.47234, -2.58125], "size": [1, 1, 0], "uv": [43, 70]}
				]
			},
			{
				"name": "bone10",
				"parent": "Flower2",
				"pivot": [-4.82257, 24.71594, -3.38925],
				"rotation": [-80, 72, 0],
				"cubes": [
					{"origin": [-6.68407, 25.32934, -4.44555], "size": [1, 1, 0], "uv": [43, 70]}
				]
			},
			{
				"name": "Papillon",
				"parent": "headDeco",
				"pivot": [-4, 26.5, 1.6],
				"rotation": [25, 0, 0]
			},
			{
				"name": "bone16",
				"parent": "Papillon",
				"pivot": [-4, 26.5, 1.6],
				"rotation": [0, 45, 0],
				"cubes": [
					{"origin": [-4, 25, 0.1], "size": [1, 3, 2], "uv": [0, 90]}
				]
			},
			{
				"name": "bone17",
				"parent": "Papillon",
				"pivot": [-4, 26.5, 1.6],
				"rotation": [0, -45, 0],
				"cubes": [
					{"origin": [-4, 25, 1.6], "size": [1, 3, 2], "uv": [7, 90]}
				]
			},
			{
				"name": "bone18",
				"parent": "headDeco",
				"pivot": [-3.9, 25.5, 1.2],
				"rotation": [0, 0, 10],
				"cubes": [
					{"origin": [-4.4, 22.5, 0.2], "size": [1, 3, 1], "uv": [0, 96]},
					{"origin": [-4.9, 22.5, 0.7], "size": [1, 3, 1], "uv": [5, 96]}
				]
			},
			{
				"name": "bone19",
				"parent": "headDeco",
				"pivot": [-4.2, 26.3, -1.1],
				"rotation": [7.49294, -0.32621, 2.47864],
				"cubes": [
					{"origin": [-4.21, 25.8, -3.1], "size": [1, 5, 2], "uv": [0, 100]}
				]
			},
			{
				"name": "Hairs",
				"parent": "head",
				"pivot": [0, 21.2, 4],
				"rotation": [7.5, 0, 0],
				"cubes": [
					{"origin": [-3.5, 19.2, 3], "size": [7, 2, 1], "uv": [100, 0]},
					{"origin": [-3, 18.2, 3], "size": [6, 1, 1], "uv": [100, 4]},
					{"origin": [-2.5, 17.7, 3], "size": [5, 1, 1], "uv": [100, 7]},
					{"origin": [-3, 15.7, 3], "size": [6, 2, 1], "uv": [100, 10]},
					{"origin": [-2.5, 14.2, 3], "size": [5, 2, 1], "uv": [100, 14]},
					{"origin": [-2.5, 12.2, 3], "size": [5, 2, 1], "uv": [100, 22]},
					{"origin": [-2, 8.7, 3], "size": [4, 4, 1], "uv": [100, 26]},
					{"origin": [-2, 14.2, 3], "size": [4, 2, 1], "uv": [100, 18]},
					{"origin": [2, 16.2, 3], "size": [1, 1, 1], "uv": [85, 0]},
					{"origin": [1.5, 14.7, 3], "size": [1, 1, 1], "uv": [85, 0]},
					{"origin": [1.5, 12.7, 3], "size": [1, 1, 1], "uv": [85, 0]},
					{"origin": [-2.5, 12.7, 3], "size": [1, 1, 1], "uv": [85, 0]},
					{"origin": [-2.5, 14.7, 3], "size": [1, 1, 1], "uv": [85, 0]},
					{"origin": [-2.5, 10.2, 3], "size": [1, 1, 1], "uv": [85, 6]},
					{"origin": [1.5, 10.2, 3], "size": [1, 1, 1], "uv": [85, 3]},
					{"origin": [-3, 16.2, 3], "size": [1, 1, 1], "uv": [85, 0]},
					{"origin": [1, 9.2, 3], "size": [1, 1, 1], "uv": [85, 9]},
					{"origin": [-2, 9.2, 3], "size": [1, 1, 1], "uv": [85, 9]},
					{"origin": [-1.5, 7.2, 3], "size": [3, 2, 1], "uv": [100, 32]},
					{"origin": [-1, 0.7, 3], "size": [2, 7, 1], "uv": [100, 36]},
					{"origin": [0.5, 7.7, 3], "size": [1, 1, 1], "uv": [85, 12]},
					{"origin": [-1.5, 7.7, 3], "size": [1, 1, 1], "uv": [85, 12]},
					{"origin": [-1, 1.2, 3], "size": [2, 1, 1], "uv": [85, 15]},
					{"origin": [-0.5, 0.2, 3], "size": [1, 1, 1], "uv": [85, 18]},
					{"origin": [0.5, 6.2, 3], "size": [1, 1, 1], "uv": [90, 18]},
					{"origin": [1, 6.7, 3], "size": [1, 1, 1], "uv": [92, 15]},
					{"origin": [-2, 6.2, 3], "size": [1, 1, 1], "uv": [90, 18]},
					{"origin": [-1.5, 6.7, 3], "size": [1, 1, 1], "uv": [92, 15]},
					{"origin": [-1.5, 4.2, 3], "size": [3, 1, 1], "uv": [100, 45]}
				]
			},
			{
				"name": "bone34",
				"parent": "head",
				"pivot": [-2.2, 23, -3.35],
				"rotation": [-173.13918, -3.06821, -162.66497]
			},
			{
				"name": "bone35",
				"parent": "bone34",
				"pivot": [-2.2, 23, -3.95],
				"cubes": [
					{"origin": [-2.2, 20, -3.95], "size": [1, 4, 1], "uv": [112, 71]}
				]
			},
			{
				"name": "bone36",
				"parent": "bone34",
				"pivot": [-1.6, 19, -3.45],
				"rotation": [0, 0, 10],
				"cubes": [
					{"origin": [-2.4188, 18.2889, -3.9674], "size": [1, 2, 1], "uv": [117, 71]}
				]
			},
			{
				"name": "bone37",
				"parent": "bone34",
				"pivot": [-1.7, 19, -3.45],
				"rotation": [0, 0, 72.5],
				"cubes": [
					{"origin": [-1.9189, 17.0967, -3.95], "size": [1, 2, 1], "uv": [106, 71], "inflate": -0.1}
				]
			},
			{
				"name": "bone38",
				"parent": "head",
				"pivot": [2.8, 20.3, -3.45],
				"rotation": [-7.5095, 0.2178, -4.9953]
			},
			{
				"name": "bone39",
				"parent": "bone38",
				"pivot": [2.8, 20.3, -4.05],
				"cubes": [
					{"origin": [2.8, 17.3, -4.05], "size": [1, 4, 1], "uv": [112, 71]}
				]
			},
			{
				"name": "bone40",
				"parent": "bone38",
				"pivot": [3.4, 16.3, -3.55],
				"rotation": [0, 0, 10],
				"cubes": [
					{"origin": [2.5812, 15.5889, -4.0674], "size": [1, 2, 1], "uv": [117, 71]}
				]
			},
			{
				"name": "bone41",
				"parent": "bone38",
				"pivot": [3.3, 16.3, -3.55],
				"rotation": [0, 0, 72.5],
				"cubes": [
					{"origin": [3.0811, 14.3967, -4.05], "size": [1, 2, 1], "uv": [106, 71], "inflate": -0.1}
				]
			},
			{
				"name": "armRight",
				"pivot": [-3, 19.5, 0],
				"rotation": [0, 0, 25],
				"cubes": [
					{"origin": [-5.21123, 10.95319, -1], "size": [2, 8, 2], "uv": [83, 95]},
					{"origin": [-5.71123, 11.70319, -1.5], "size": [3, 8, 3], "uv": [82, 106], "inflate": -0.3}
				]
			},
			{
				"name": "armLeft",
				"pivot": [3, 19.5, 0],
				"rotation": [0, 0, -25],
				"cubes": [
					{"origin": [2.71123, 11.70319, -1.5], "size": [3, 8, 3], "uv": [97, 82], "inflate": -0.3},
					{"origin": [3.21123, 10.95299, -1], "size": [2, 8, 2], "uv": [98, 106]}
				]
			},
			{
				"name": "armLeftDeco2",
				"parent": "armLeft",
				"pivot": [7.12893, 19.98369, 2],
				"rotation": [180, 0, 177.5],
				"cubes": [
					{"origin": [7.52893, 11.68369, 1.5], "size": [1, 8, 4], "uv": [53, 84]},
					{"origin": [8.02893, 14.68369, 3], "size": [1, 5, 2], "uv": [67, 72]},
					{"origin": [8.02893, 14.19369, 2.5], "size": [1, 5, 1], "uv": [67, 80]},
					{"origin": [8.02893, 14.19369, 4.5], "size": [1, 5, 1], "uv": [71, 80]},
					{"origin": [8.02893, 14.18369, 3], "size": [1, 1, 1], "uv": [65, 88]},
					{"origin": [8.02893, 14.18369, 4], "size": [1, 1, 1], "uv": [65, 92]},
					{"origin": [8.02893, 14.68369, 2.5], "size": [1, 1, 1], "uv": [71, 88]},
					{"origin": [8.02893, 14.68369, 5], "size": [1, 1, 1], "uv": [71, 88]}
				]
			},
			{
				"name": "bone30",
				"parent": "armLeftDeco2",
				"pivot": [8.52893, 18.48369, 5.5],
				"rotation": [-180, -45, 180],
				"cubes": [
					{"origin": [7.52893, 15.19369, 3.5], "size": [1, 4, 2], "uv": [53, 97]},
					{"origin": [8.02893, 15.19379, 3.5], "size": [1, 4, 2], "uv": [60, 97]},
					{"origin": [7.52893, 15.19379, 5.01], "size": [1, 4, 1], "uv": [53, 104]},
					{"origin": [7.52893, 17.20269, 4], "size": [1, 1, 1], "uv": [58, 104]},
					{"origin": [7.52893, 15.19379, 4.51], "size": [1, 1, 1], "uv": [58, 107]},
					{"origin": [7.52893, 14.69379, 4.51], "size": [1, 1, 1], "uv": [63, 107]}
				]
			},
			{
				"name": "bone31",
				"parent": "armLeftDeco2",
				"pivot": [8.52893, 18.48369, 2.5],
				"rotation": [0, -45, 0],
				"cubes": [
					{"origin": [8.02893, 15.19369, 0.5], "size": [1, 4, 2], "uv": [53, 97]},
					{"origin": [8.52893, 15.19379, 0.5], "size": [1, 4, 2], "uv": [60, 97]},
					{"origin": [8.02893, 15.19379, 2.01], "size": [1, 4, 1], "uv": [53, 104]},
					{"origin": [8.02893, 17.20269, 1], "size": [1, 1, 1], "uv": [58, 104]},
					{"origin": [8.02893, 15.19379, 1.51], "size": [1, 1, 1], "uv": [58, 107]},
					{"origin": [8.02893, 14.69379, 1.51], "size": [1, 1, 1], "uv": [63, 107]}
				]
			},
			{
				"name": "body",
				"pivot": [0, 10.5, 0],
				"cubes": [
					{"origin": [-4, 8.999, -2.3], "size": [8, 12, 4.6], "uv": [16, 16], "inflate": -0.1},
					{"origin": [-4.2, 8.699, -2.4], "size": [8.4, 12.6, 4.8], "uv": [16, 32], "inflate": -0.1}
				]
			},
			{
				"name": "RedKnot",
				"parent": "body",
				"pivot": [0.5, 20.9, -2.3],
				"rotation": [-7.5, 0, 0],
				"cubes": [
					{"origin": [-1.5, 18.9, -2.3], "size": [3, 2, 1], "uv": [53, 110]},
					{"origin": [-1.5, 18.625, -2.29], "size": [3, 2, 1], "uv": [53, 114]}
				]
			},
			{
				"name": "BackDeco",
				"parent": "body",
				"pivot": [-0.1, 16, 2.2],
				"rotation": [5, 0, 0],
				"cubes": [
					{"origin": [-4.1, 8, 1.2], "size": [8, 8, 1], "uv": [98, 49]},
					{"origin": [-4.1, 8, 1.2], "size": [8, 8, 1], "uv": [98, 59], "inflate": 0.1}
				]
			},
			{
				"name": "RedRibbonBehind",
				"parent": "body",
				"pivot": [-4.5, 19, 1.8],
				"rotation": [-180, 0, 180],
				"cubes": [
					{"origin": [-13.5, 12, 0.8], "size": [9, 7, 1], "uv": [55, 19]},
					{"origin": [-13.5, 12, 0.8], "size": [9, 7, 1], "uv": [55, 28], "inflate": 0.2},
					{"origin": [-13.5, 12, 1.3], "size": [9, 7, 1], "uv": [55, 19]},
					{"origin": [-7.5, 12, 0.8], "size": [3, 7, 1], "uv": [67, 39]},
					{"origin": [-5.5, 12.5, 0.8], "size": [1, 1, 1], "uv": [67, 48]},
					{"origin": [-6.5, 11.5, 0.8], "size": [1, 1, 1], "uv": [72, 48]},
					{"origin": [-7, 17.5, 0.8], "size": [1, 1, 1], "uv": [73, 60]},
					{"origin": [-6, 18, 0.8], "size": [1, 1, 1], "uv": [73, 63]},
					{"origin": [-13.5, 12, 0.8], "size": [1, 1, 1], "uv": [73, 54]},
					{"origin": [-12, 13.5, 0.8], "size": [1, 1, 1], "uv": [62, 38]},
					{"origin": [-9.5, 14.5, 0.8], "size": [1, 1, 1], "uv": [62, 44]},
					{"origin": [-8.5, 12.5, 0.8], "size": [1, 1, 1], "uv": [62, 47]},
					{"origin": [-8, 12, 0.8], "size": [1, 1, 1], "uv": [62, 47]},
					{"origin": [-9, 13, 0.8], "size": [1, 2, 1], "uv": [57, 38]},
					{"origin": [-11.5, 14.5, 0.8], "size": [1, 1, 1], "uv": [62, 41]},
					{"origin": [-11, 15, 0.8], "size": [1, 1, 1], "uv": [62, 41]},
					{"origin": [-10.5, 15.5, 0.8], "size": [1, 1, 1], "uv": [57, 42]},
					{"origin": [-13, 12, 0.8], "size": [1, 1, 1], "uv": [73, 57]},
					{"origin": [-13.5, 12.5, 0.8], "size": [2, 6, 1], "uv": [66, 54]},
					{"origin": [-11.5, 17, 0.8], "size": [5, 1, 1], "uv": [66, 51]}
				]
			},
			{
				"name": "sittingRotationSkirt",
				"parent": "body",
				"pivot": [0, 9.25, 0]
			},
			{
				"name": "skirt",
				"parent": "sittingRotationSkirt",
				"pivot": [0, 0, 0]
			},
			{
				"name": "part2",
				"parent": "skirt",
				"pivot": [-3.9, 9.1, 0],
				"cubes": [
					{"origin": [-4, 7.2, -2.3], "size": [1, 2, 4.6], "uv": [27, 83], "inflate": -0.1},
					{"origin": [-4, 7.2, -2.3], "size": [1, 2, 4.6], "uv": [27, 111]}
				]
			},
			{
				"name": "part1",
				"parent": "skirt",
				"pivot": [0, 9.1, -2.2],
				"rotation": [-5, 0, 0],
				"cubes": [
					{"origin": [-3, 7.1, -2.2], "size": [6, 2, 1], "uv": [27, 79]},
					{"origin": [-4, 6.1, -2.2], "size": [8, 3, 1], "uv": [27, 119], "inflate": 0.05}
				]
			},
			{
				"name": "part3",
				"parent": "skirt",
				"pivot": [3.9, 9.1, 0],
				"cubes": [
					{"origin": [3, 7.2, -2.3], "size": [1, 2, 4.6], "uv": [27, 90], "inflate": -0.1},
					{"origin": [3, 7.2, -2.3], "size": [1, 2, 4.6], "uv": [0, 109]}
				]
			},
			{
				"name": "part4",
				"parent": "skirt",
				"pivot": [0, 9.1, 2.2],
				"rotation": [7.5, 0, 0]
			},
			{
				"name": "bone32",
				"parent": "part4",
				"pivot": [0.1, 9.1, 2.2],
				"rotation": [0, 0, -5],
				"cubes": [
					{"origin": [0, 0.2, 0.7], "size": [4, 9, 1.6], "uv": [11, 76], "inflate": -0.1}
				]
			},
			{
				"name": "bone33",
				"parent": "part4",
				"pivot": [-0.1, 9.1, 2.2],
				"rotation": [0, 0, 5],
				"cubes": [
					{"origin": [-4, 0.2, 0.7], "size": [4, 9, 1.6], "uv": [11, 97], "inflate": -0.1}
				]
			},
			{
				"name": "legLeft",
				"pivot": [1.75, 9, 0],
				"cubes": [
					{"origin": [0.249, 0, -1.5], "size": [3, 9, 3], "uv": [82, 55]},
					{"origin": [0.049, -0.1, -1.7], "size": [3.4, 9.1, 3.4], "uv": [82, 68]}
				]
			},
			{
				"name": "legRight",
				"pivot": [-1.75, 9, 0],
				"cubes": [
					{"origin": [-3.249, 0, -1.5], "size": [3, 9, 3], "uv": [82, 42]},
					{"origin": [-3.449, -0.1, -1.7], "size": [3.4, 9.1, 3.4], "uv": [82, 81]}
				]
			},
			{
				"name": "TrueFlower2",
				"parent": "legRight",
				"pivot": [-3.9, 2.4, 0.5]
			},
			{
				"name": "Flower3",
				"parent": "TrueFlower2",
				"pivot": [-3.1, 3.2, -0.5],
				"rotation": [-0.0771, -1.9113, -90.3789]
			},
			{
				"name": "bone20",
				"parent": "Flower3",
				"pivot": [-3.82257, 14.41594, 3.11075],
				"rotation": [-80, 0, 0],
				"cubes": [
					{"origin": [-3.45687, 9.09184, 13.19255], "size": [1, 1, 0], "uv": [43, 70]}
				]
			},
			{
				"name": "bone21",
				"parent": "Flower3",
				"pivot": [-3.82257, 14.41594, 3.11075],
				"rotation": [-80, -72, 0],
				"cubes": [
					{"origin": [-7.49037, 10.73894, 13.48305], "size": [1, 1, 0], "uv": [43, 70]}
				]
			},
			{
				"name": "bone22",
				"parent": "Flower3",
				"pivot": [-3.82257, 14.41594, 3.11075],
				"rotation": [-80, -144, 0],
				"cubes": [
					{"origin": [-7.14607, 15.02564, 14.23885], "size": [1, 1, 0], "uv": [43, 70]}
				]
			},
			{
				"name": "bone23",
				"parent": "Flower3",
				"pivot": [-2.82257, 3.41594, -0.88925],
				"rotation": [-80, 144, 0],
				"cubes": [
					{"origin": [-3.44197, 3.17234, -1.08125], "size": [1, 1, 0], "uv": [43, 70]}
				]
			},
			{
				"name": "bone24",
				"parent": "Flower3",
				"pivot": [-2.82257, 2.41594, -1.88925],
				"rotation": [-80, 72, 0],
				"cubes": [
					{"origin": [-4.68407, 3.02934, -2.94555], "size": [1, 1, 0], "uv": [43, 70]}
				]
			},
			{
				"name": "Flower4",
				"parent": "TrueFlower2",
				"pivot": [-3.2, 1.8, 0.3],
				"rotation": [1.5109, -1.84929, -77.87229]
			},
			{
				"name": "bone25",
				"parent": "Flower4",
				"pivot": [-3.92257, 13.01594, 3.91075],
				"rotation": [-80, 0, 0],
				"cubes": [
					{"origin": [-3.55687, 7.69184, 13.99255], "size": [1, 1, 0], "uv": [43, 70]}
				]
			},
			{
				"name": "bone26",
				"parent": "Flower4",
				"pivot": [-3.92257, 13.01594, 3.91075],
				"rotation": [-80, -72, 0],
				"cubes": [
					{"origin": [-7.59037, 9.33894, 14.28305], "size": [1, 1, 0], "uv": [43, 70]}
				]
			},
			{
				"name": "bone27",
				"parent": "Flower4",
				"pivot": [-3.92257, 13.01594, 3.91075],
				"rotation": [-80, -144, 0],
				"cubes": [
					{"origin": [-7.24607, 13.62564, 15.03885], "size": [1, 1, 0], "uv": [43, 70]}
				]
			},
			{
				"name": "bone28",
				"parent": "Flower4",
				"pivot": [-2.92257, 2.01594, -0.08925],
				"rotation": [-80, 144, 0],
				"cubes": [
					{"origin": [-3.54197, 1.77234, -0.28125], "size": [1, 1, 0], "uv": [43, 70]}
				]
			},
			{
				"name": "bone29",
				"parent": "Flower4",
				"pivot": [-2.92257, 1.01594, -1.08925],
				"rotation": [-80, 72, 0],
				"cubes": [
					{"origin": [-4.78407, 1.62934, -2.14555], "size": [1, 1, 0], "uv": [43, 70]}
				]
			},
			{
				"name": "backpackPositioningBone",
				"pivot": [0, 19, 0]
			}
		]
	}
}